security_code,security_name,financing_balance,financing_buy,financing_repayment,trade_date,market,source_id,theme_id,theme_name
000001,平安银行,4832871417,78779609,,2026-07-29,SZSE,margin_detail,finance,金融
000002,万  科Ａ,2307265153,22673214,,2026-07-29,SZSE,margin_detail,,
000006,深振业Ａ,705707027,18844511,,2026-07-29,SZSE,margin_detail,,
000008,神州高铁,236048230,4629304,,2026-07-29,SZSE,margin_detail,,
000009,中国宝安,1838421095,7782135,,2026-07-29,SZSE,margin_detail,,
000012,南  玻Ａ,623750448,6020631,,2026-07-29,SZSE,margin_detail,,
000021,深科技,2869496701,388793482,,2026-07-29,SZSE,margin_detail,,
000025,特  力Ａ,240136129,5037238,,2026-07-29,SZSE,margin_detail,,
000027,深圳能源,537291868,10983856,,2026-07-29,SZSE,margin_detail,,
000028,国药一致,231170977,3271035,,2026-07-29,SZSE,margin_detail,,
000029,深深房Ａ,540447784,9171693,,2026-07-29,SZSE,margin_detail,,
000030,富奥股份,142851103,3050727,,2026-07-29,SZSE,margin_detail,,
000031,大悦城,271010204,5373447,,2026-07-29,SZSE,margin_detail,,
000032,深桑达Ａ,821986657,39961562,,2026-07-29,SZSE,margin_detail,,
000034,神州数码,1716951369,68493562,,2026-07-29,SZSE,margin_detail,,
000035,中国天楹,592074340,15733186,,2026-07-29,SZSE,margin_detail,,
000036,华联控股,363625842,5390753,,2026-07-29,SZSE,margin_detail,,
000039,中集集团,255182729,11980818,,2026-07-29,SZSE,margin_detail,,
000042,中洲控股,147292647,1660976,,2026-07-29,SZSE,margin_detail,,
000048,京基智农,242229011,6920573,,2026-07-29,SZSE,margin_detail,,
000049,德赛电池,252047254,17441629,,2026-07-29,SZSE,margin_detail,,
000050,深天马Ａ,523712044,16738439,,2026-07-29,SZSE,margin_detail,,
000055,方大集团,102044137,2353623,,2026-07-29,SZSE,margin_detail,,
000058,深 赛 格,153544395,2119056,,2026-07-29,SZSE,margin_detail,,
000059,华锦股份,318924386,8560506,,2026-07-29,SZSE,margin_detail,,
000060,中金岭南,1763991117,49972742,,2026-07-29,SZSE,margin_detail,,
000061,农 产 品,388043059,2827256,,2026-07-29,SZSE,margin_detail,,
000062,深圳华强,690987828,23828364,,2026-07-29,SZSE,margin_detail,,
000063,中兴通讯,10146179243,532612809,,2026-07-29,SZSE,margin_detail,,
000065,北方国际,721295503,13465795,,2026-07-29,SZSE,margin_detail,,
000066,中国长城,2004511963,75366139,,2026-07-29,SZSE,margin_detail,,
000069,华侨城Ａ,544960759,10096559,,2026-07-29,SZSE,margin_detail,,
000070,特发信息,108613930,23218464,,2026-07-29,SZSE,margin_detail,,
000088,盐 田 港,243961027,7102728,,2026-07-29,SZSE,margin_detail,,
000089,深圳机场,660146158,6843150,,2026-07-29,SZSE,margin_detail,,
000090,天健集团,309640573,4270821,,2026-07-29,SZSE,margin_detail,,
000099,中信海直,537941302,7368704,,2026-07-29,SZSE,margin_detail,,
000100,TCL科技,4948136893,313967248,,2026-07-29,SZSE,margin_detail,,
000151,中成股份,226832054,3821963,,2026-07-29,SZSE,margin_detail,,
000155,川能动力,983846524,125809322,,2026-07-29,SZSE,margin_detail,,
000156,华数传媒,419367312,3719974,,2026-07-29,SZSE,margin_detail,,
000157,中联重科,2659184057,11494930,,2026-07-29,SZSE,margin_detail,,
000158,常山北明,799224055,18908624,,2026-07-29,SZSE,margin_detail,,
000159,国际实业,163797861,2410445,,2026-07-29,SZSE,margin_detail,,
000166,申万宏源,3364116552,32219372,,2026-07-29,SZSE,margin_detail,,
000301,东方盛虹,1511189609,12753515,,2026-07-29,SZSE,margin_detail,,
000333,美的集团,3819279148,81929539,,2026-07-29,SZSE,margin_detail,,
000338,潍柴动力,1659476852,76871341,,2026-07-29,SZSE,margin_detail,,
000400,许继电气,941048156,23307509,,2026-07-29,SZSE,margin_detail,,
000401,金隅冀东,296449686,1021501,,2026-07-29,SZSE,margin_detail,,
000402,金 融 街,348191984,7985241,,2026-07-29,SZSE,margin_detail,,
000403,派林生物,509995764,4234969,,2026-07-29,SZSE,margin_detail,,
000404,长虹华意,263639413,5465184,,2026-07-29,SZSE,margin_detail,,
000408,藏格矿业,1671822447,70207599,,2026-07-29,SZSE,margin_detail,,
000410,沈阳机床,383030869,5106397,,2026-07-29,SZSE,margin_detail,,
000415,渤海租赁,979014951,12290555,,2026-07-29,SZSE,margin_detail,,
000417,合百集团,438361673,32573672,,2026-07-29,SZSE,margin_detail,,
000420,吉林化纤,438814468,8592393,,2026-07-29,SZSE,margin_detail,,
000422,湖北宜化,911477593,21621970,,2026-07-29,SZSE,margin_detail,,
000423,东阿阿胶,603032319,9364911,,2026-07-29,SZSE,margin_detail,,
000425,徐工机械,802598520,46896694,,2026-07-29,SZSE,margin_detail,,
000426,兴业银锡,4310896745,168909811,,2026-07-29,SZSE,margin_detail,,
000428,华天酒店,189831567,15554963,,2026-07-29,SZSE,margin_detail,,
000429,粤高速Ａ,21220604,6198035,,2026-07-29,SZSE,margin_detail,,
000498,山东路桥,193224052,6245297,,2026-07-29,SZSE,margin_detail,,
000501,武商集团,412892083,4431722,,2026-07-29,SZSE,margin_detail,,
000503,国新健康,405767544,20627614,,2026-07-29,SZSE,margin_detail,,
000505,京粮控股,102701655,1726737,,2026-07-29,SZSE,margin_detail,,
000510,新金路,111919942,41241009,,2026-07-29,SZSE,margin_detail,,
000513,丽珠集团,595785931,8158515,,2026-07-29,SZSE,margin_detail,,
000516,国际医学,485902148,8320354,,2026-07-29,SZSE,margin_detail,,
000517,荣安地产,72823214,18004135,,2026-07-29,SZSE,margin_detail,,
000519,中兵红箭,880248019,52074446,,2026-07-29,SZSE,margin_detail,,
000521,长虹美菱,227248754,5103402,,2026-07-29,SZSE,margin_detail,,
000524,岭南控股,89660237,6977423,,2026-07-29,SZSE,margin_detail,,
000528,柳    工,850635924,10916539,,2026-07-29,SZSE,margin_detail,,
000530,冰山冷热,163146916,3393384,,2026-07-29,SZSE,margin_detail,,
000531,穗恒运Ａ,194718680,6276105,,2026-07-29,SZSE,margin_detail,,
000533,顺钠股份,215601346,131535588,,2026-07-29,SZSE,margin_detail,,
000534,万泽股份,154644490,20580773,,2026-07-29,SZSE,margin_detail,,
000536,华映科技,243216951,12230568,,2026-07-29,SZSE,margin_detail,,
000537,绿发电力,440607655,9436919,,2026-07-29,SZSE,margin_detail,,
000538,云南白药,980886302,16912643,,2026-07-29,SZSE,margin_detail,,
000539,粤电力Ａ,189962453,20609076,,2026-07-29,SZSE,margin_detail,,
000541,佛山照明,252003551,2628302,,2026-07-29,SZSE,margin_detail,,
000543,皖能电力,539437704,11940618,,2026-07-29,SZSE,margin_detail,,
000544,中原环保,271472918,1158473,,2026-07-29,SZSE,margin_detail,,
000545,金浦钛业,85238055,7213581,,2026-07-29,SZSE,margin_detail,,
000547,航天发展,930520441,47061313,,2026-07-29,SZSE,margin_detail,,
000550,江铃汽车,111739787,4708992,,2026-07-29,SZSE,margin_detail,,
000551,创元科技,429658197,31020672,,2026-07-29,SZSE,margin_detail,,
000552,甘肃能化,362934281,20175139,,2026-07-29,SZSE,margin_detail,,
000553,安道麦A,115866747,3124633,,2026-07-29,SZSE,margin_detail,,
000554,泰山石油,277554575,11596474,,2026-07-29,SZSE,margin_detail,,
000555,神州信息,447505705,26993928,,2026-07-29,SZSE,margin_detail,,
000557,西部创业,206841652,688491,,2026-07-29,SZSE,margin_detail,,
000558,天府文旅,110450709,7159308,,2026-07-29,SZSE,margin_detail,,
000559,万向钱潮,807617246,18460785,,2026-07-29,SZSE,margin_detail,,
000560,我爱我家,236528587,10286540,,2026-07-29,SZSE,margin_detail,,
000563,陕国投Ａ,653125192,9521816,,2026-07-29,SZSE,margin_detail,,
000564,供销大集,425105617,20994906,,2026-07-29,SZSE,margin_detail,,
000565,渝三峡Ａ,116445315,3977942,,2026-07-29,SZSE,margin_detail,,
000566,海南海药,189295017,13737010,,2026-07-29,SZSE,margin_detail,,
000567,海德股份,96709605,3612869,,2026-07-29,SZSE,margin_detail,,
000568,泸州老窖,2380715380,125459584,,2026-07-29,SZSE,margin_detail,,
000572,海马汽车,222304778,10208061,,2026-07-29,SZSE,margin_detail,,
000581,威孚高科,517896151,4852432,,2026-07-29,SZSE,margin_detail,,
000582,北部湾港,626697684,47137488,,2026-07-29,SZSE,margin_detail,,
000589,贵州轮胎,370821088,11936995,,2026-07-29,SZSE,margin_detail,,
000591,太阳能,848793054,11066495,,2026-07-29,SZSE,margin_detail,,
000592,平潭发展,458778743,49591160,,2026-07-29,SZSE,margin_detail,,
000593,德龙汇能,573105404,21029618,,2026-07-29,SZSE,margin_detail,,
000596,古井贡酒,308630237,53632794,,2026-07-29,SZSE,margin_detail,,
000598,兴蓉环境,414000178,6287746,,2026-07-29,SZSE,margin_detail,,
000600,建投能源,328885662,13179110,,2026-07-29,SZSE,margin_detail,,
000601,韶能股份,298823304,30207831,,2026-07-29,SZSE,margin_detail,,
000603,盛达资源,596202318,51076338,,2026-07-29,SZSE,margin_detail,,
000607,华媒控股,192826550,2476853,,2026-07-29,SZSE,margin_detail,,
000612,焦作万方,881498045,22177590,,2026-07-29,SZSE,margin_detail,,
000617,中油资本,1759727009,31380423,,2026-07-29,SZSE,margin_detail,,
000620,盈新发展,71227597,14835380,,2026-07-29,SZSE,margin_detail,,
000623,吉林敖东,1440899855,26319144,,2026-07-29,SZSE,margin_detail,,
000625,长安汽车,2048758400,31232812,,2026-07-29,SZSE,margin_detail,,
000628,高新发展,726745464,31550811,,2026-07-29,SZSE,margin_detail,,
000629,钒钛股份,740780431,8358784,,2026-07-29,SZSE,margin_detail,,
000630,铜陵有色,2731551854,115777252,,2026-07-29,SZSE,margin_detail,,
000631,顺发恒能,149481827,2248526,,2026-07-29,SZSE,margin_detail,,
000636,风华高科,2586762337,623977515,,2026-07-29,SZSE,margin_detail,,
000650,仁和药业,303470710,6630510,,2026-07-29,SZSE,margin_detail,,
000651,格力电器,5084973781,53248663,,2026-07-29,SZSE,margin_detail,,
000652,泰达股份,292067378,2597839,,2026-07-29,SZSE,margin_detail,,
000655,金岭矿业,187909130,2159538,,2026-07-29,SZSE,margin_detail,,
000657,中钨高新,2254444401,217490037,,2026-07-29,SZSE,margin_detail,,
000661,长春高新,1744205024,64618897,,2026-07-29,SZSE,margin_detail,,
000665,湖北广电,163316764,4830979,,2026-07-29,SZSE,margin_detail,,
000672,上峰材料,391269509,53568216,,2026-07-29,SZSE,margin_detail,,
000676,智度股份,460948851,154602606,,2026-07-29,SZSE,margin_detail,,
000678,襄阳轴承,79072190,1895569,,2026-07-29,SZSE,margin_detail,,
000680,山推股份,186161986,8352121,,2026-07-29,SZSE,margin_detail,,
000681,视觉中国,778420984,53573537,,2026-07-29,SZSE,margin_detail,,
000682,东方电子,620470271,12607382,,2026-07-29,SZSE,margin_detail,,
000683,博源化工,818881685,46550435,,2026-07-29,SZSE,margin_detail,,
000685,中山公用,558485860,15339341,,2026-07-29,SZSE,margin_detail,,
000686,东北证券,1328969445,13907326,,2026-07-29,SZSE,margin_detail,,
000688,国城矿业,455851570,23354385,,2026-07-29,SZSE,margin_detail,,
000690,宝新能源,764856485,33074750,,2026-07-29,SZSE,margin_detail,,
000700,模塑科技,585114362,30459533,,2026-07-29,SZSE,margin_detail,,
000703,恒逸石化,931195078,88634080,,2026-07-29,SZSE,margin_detail,,
000707,双环科技,136753122,2050039,,2026-07-29,SZSE,margin_detail,,
000708,中信特钢,156618401,5521586,,2026-07-29,SZSE,margin_detail,,
000709,河钢股份,786247108,18942986,,2026-07-29,SZSE,margin_detail,,
000712,锦龙股份,508828180,12607576,,2026-07-29,SZSE,margin_detail,,
000713,国投丰乐,146263376,2932892,,2026-07-29,SZSE,margin_detail,,
000716,黑芝麻,80447769,3169979,,2026-07-29,SZSE,margin_detail,,
000717,中南股份,162545126,2567091,,2026-07-29,SZSE,margin_detail,,
000718,苏宁环球,246770340,3112677,,2026-07-29,SZSE,margin_detail,,
000719,中原传媒,91975289,2220362,,2026-07-29,SZSE,margin_detail,,
000722,湖南发展,213655730,20222753,,2026-07-29,SZSE,margin_detail,,
000723,美锦能源,702983086,9500868,,2026-07-29,SZSE,margin_detail,,
000725,京东方Ａ,11866239620,1169269189,,2026-07-29,SZSE,margin_detail,,
000726,鲁  泰Ａ,197443069,1997353,,2026-07-29,SZSE,margin_detail,,
000728,国元证券,2063706375,30031570,,2026-07-29,SZSE,margin_detail,,
000729,燕京啤酒,192604087,10163551,,2026-07-29,SZSE,margin_detail,,
000731,四川美丰,341753640,2244393,,2026-07-29,SZSE,margin_detail,,
000733,振华科技,1530920147,50253605,,2026-07-29,SZSE,margin_detail,,
000735,罗 牛 山,538164071,13574246,,2026-07-29,SZSE,margin_detail,,
000737,北方铜业,636069285,31292095,,2026-07-29,SZSE,margin_detail,,
000738,航发控制,976673464,20605901,,2026-07-29,SZSE,margin_detail,,
000739,普洛药业,178544229,27078451,,2026-07-29,SZSE,margin_detail,,
000750,国海证券,1578129465,17097678,,2026-07-29,SZSE,margin_detail,,
000755,山西高速,70320741,962677,,2026-07-29,SZSE,margin_detail,,
000756,新华制药,200921578,10107449,,2026-07-29,SZSE,margin_detail,,
000758,中色股份,596529924,7994616,,2026-07-29,SZSE,margin_detail,,
000761,本钢板材,137615300,1211686,,2026-07-29,SZSE,margin_detail,,
000762,西藏矿业,694065439,20541869,,2026-07-29,SZSE,margin_detail,,
000766,通化金马,1402939557,24751068,,2026-07-29,SZSE,margin_detail,,
000767,晋控电力,275373425,27005089,,2026-07-29,SZSE,margin_detail,,
000768,中航西飞,2174874119,31980779,,2026-07-29,SZSE,margin_detail,,
000776,广发证券,3926804870,171378104,,2026-07-29,SZSE,margin_detail,,
000777,中核科技,354396245,27899823,,2026-07-29,SZSE,margin_detail,,
000778,新兴铸管,779844467,11110547,,2026-07-29,SZSE,margin_detail,,
000783,长江证券,2138817663,115088568,,2026-07-29,SZSE,margin_detail,,
000785,居然智家,190807582,11481391,,2026-07-29,SZSE,margin_detail,,
000786,北新建材,420863521,19458263,,2026-07-29,SZSE,margin_detail,,
000789,万年青,120909969,1933834,,2026-07-29,SZSE,margin_detail,,
000790,华神科技,220364510,6806963,,2026-07-29,SZSE,margin_detail,,
000791,甘肃能源,436299364,13080956,,2026-07-29,SZSE,margin_detail,,
000792,盐湖股份,5579505354,128813496,,2026-07-29,SZSE,margin_detail,,
000795,英洛华,266286343,4165856,,2026-07-29,SZSE,margin_detail,,
000799,酒鬼酒,484265926,18830533,,2026-07-29,SZSE,margin_detail,,
000800,一汽解放,644122743,6885860,,2026-07-29,SZSE,margin_detail,,
000801,四川九洲,538467195,7088159,,2026-07-29,SZSE,margin_detail,,
000807,云铝股份,2452393391,160048511,,2026-07-29,SZSE,margin_detail,,
000810,创维数字,415440577,9807681,,2026-07-29,SZSE,margin_detail,,
000811,冰轮环境,737636047,74016836,,2026-07-29,SZSE,margin_detail,,
000812,陕西金叶,146779597,2245399,,2026-07-29,SZSE,margin_detail,,
000813,德展健康,312439825,4018736,,2026-07-29,SZSE,margin_detail,,
000815,美利云,418662460,93319361,,2026-07-29,SZSE,margin_detail,,
000816,智慧农业,155908138,3573684,,2026-07-29,SZSE,margin_detail,,
000818,航锦科技,413037965,8224682,,2026-07-29,SZSE,margin_detail,,
000819,岳阳兴长,362857696,4491890,,2026-07-29,SZSE,margin_detail,,
000822,山东海化,214808508,3734572,,2026-07-29,SZSE,margin_detail,,
000823,超声电子,758912112,59798343,,2026-07-29,SZSE,margin_detail,,
000825,太钢不锈,444800788,5643744,,2026-07-29,SZSE,margin_detail,,
000828,东莞控股,223329787,3685315,,2026-07-29,SZSE,margin_detail,,
000829,天音控股,453343722,17142544,,2026-07-29,SZSE,margin_detail,,
000830,鲁西化工,471632080,16764737,,2026-07-29,SZSE,margin_detail,,
000831,中国稀土,2972689748,84233803,,2026-07-29,SZSE,margin_detail,,
000833,粤桂股份,501901677,24247309,,2026-07-29,SZSE,margin_detail,,
000837,秦川机床,409000143,9316098,,2026-07-29,SZSE,margin_detail,,
000848,承德露露,222386920,8796400,,2026-07-29,SZSE,margin_detail,,
000850,华茂股份,235506038,1175617,,2026-07-29,SZSE,margin_detail,,
000852,石化机械,186901786,2903225,,2026-07-29,SZSE,margin_detail,,
000858,五 粮 液,5692208800,150876130,,2026-07-29,SZSE,margin_detail,consumption,消费
000859,国风新材,415084364,9000305,,2026-07-29,SZSE,margin_detail,,
000860,顺鑫农业,302293438,6058876,,2026-07-29,SZSE,margin_detail,,
000863,三湘印象,254165601,2291379,,2026-07-29,SZSE,margin_detail,,
000868,安凯客车,190354252,3640945,,2026-07-29,SZSE,margin_detail,,
000869,张  裕Ａ,182675675,1183545,,2026-07-29,SZSE,margin_detail,,
000875,电投绿能,1440113638,12142425,,2026-07-29,SZSE,margin_detail,,
000876,新 希 望,630729034,8055346,,2026-07-29,SZSE,margin_detail,,
000877,天山股份,248356178,2253166,,2026-07-29,SZSE,margin_detail,,
000878,云南铜业,1910761340,20435711,,2026-07-29,SZSE,margin_detail,,
000880,潍柴重机,246677593,7648539,,2026-07-29,SZSE,margin_detail,,
000883,湖北能源,362347685,11226279,,2026-07-29,SZSE,margin_detail,,
000885,城发环境,153051182,6111018,,2026-07-29,SZSE,margin_detail,,
000887,中鼎股份,1443233997,35818234,,2026-07-29,SZSE,margin_detail,,
000888,峨眉山Ａ,168309719,3521457,,2026-07-29,SZSE,margin_detail,,
000893,亚钾国际,666169333,49036273,,2026-07-29,SZSE,margin_detail,,
000895,双汇发展,234250296,10434822,,2026-07-29,SZSE,margin_detail,,
000898,鞍钢股份,278550414,5079376,,2026-07-29,SZSE,margin_detail,,
000899,赣能股份,217726812,11694552,,2026-07-29,SZSE,margin_detail,,
000900,现代投资,266834722,1607388,,2026-07-29,SZSE,margin_detail,,
000901,航天科技,631806065,10859993,,2026-07-29,SZSE,margin_detail,,
000902,新洋丰,219393822,6537900,,2026-07-29,SZSE,margin_detail,,
000905,厦门港务,262420889,4752973,,2026-07-29,SZSE,margin_detail,,
000910,大亚圣象,203912166,5982653,,2026-07-29,SZSE,margin_detail,,
000912,泸天化,150406281,3495063,,2026-07-29,SZSE,margin_detail,,
000913,钱江摩托,173767440,2936113,,2026-07-29,SZSE,margin_detail,,
000915,华特达因,259931339,1500402,,2026-07-29,SZSE,margin_detail,,
000917,电广传媒,1131276544,17149184,,2026-07-29,SZSE,margin_detail,,
000921,海信家电,426175784,10664513,,2026-07-29,SZSE,margin_detail,,
000922,佳电股份,406556311,13237597,,2026-07-29,SZSE,margin_detail,,
000923,河钢资源,572362388,20006025,,2026-07-29,SZSE,margin_detail,,
000926,福星股份,375434684,6708870,,2026-07-29,SZSE,margin_detail,,
000927,中国铁物,341310805,18751354,,2026-07-29,SZSE,margin_detail,,
000928,中钢国际,326583348,4807768,,2026-07-29,SZSE,margin_detail,,
000930,中粮科技,281768455,5729585,,2026-07-29,SZSE,margin_detail,,
000931,中 关 村,154970400,1496586,,2026-07-29,SZSE,margin_detail,,
000932,华菱钢铁,1102227161,43963396,,2026-07-29,SZSE,margin_detail,,
000933,神火股份,2246647604,213390452,,2026-07-29,SZSE,margin_detail,,
000935,四川双马,1242757554,5540151,,2026-07-29,SZSE,margin_detail,,
000936,华西股份,339731392,4604925,,2026-07-29,SZSE,margin_detail,,
000937,冀中能源,152162663,6432995,,2026-07-29,SZSE,margin_detail,,
000938,紫光股份,4968396700,1741732134,,2026-07-29,SZSE,margin_detail,,
000948,南天信息,284444859,7578299,,2026-07-29,SZSE,margin_detail,,
000950,重药控股,419095253,7172706,,2026-07-29,SZSE,margin_detail,,
000951,中国重汽,313656385,10095815,,2026-07-29,SZSE,margin_detail,,
000957,中通客车,216078267,5690971,,2026-07-29,SZSE,margin_detail,,
000958,电投产融,491835065,4892036,,2026-07-29,SZSE,margin_detail,,
000959,首钢股份,404014658,9050636,,2026-07-29,SZSE,margin_detail,,
000960,锡业股份,2479849700,127051768,,2026-07-29,SZSE,margin_detail,,
000962,东方钽业,116172185,43977382,,2026-07-29,SZSE,margin_detail,,
000963,华东医药,1107212833,27287372,,2026-07-29,SZSE,margin_detail,,
000965,天保基建,178843224,2052227,,2026-07-29,SZSE,margin_detail,,
000966,长源电力,337094974,12392506,,2026-07-29,SZSE,margin_detail,,
000967,盈峰环境,1638327606,24493392,,2026-07-29,SZSE,margin_detail,,
000968,蓝焰控股,251978314,10628641,,2026-07-29,SZSE,margin_detail,,
000969,安泰科技,951911298,24706594,,2026-07-29,SZSE,margin_detail,,
000970,中科三环,1199816023,84533844,,2026-07-29,SZSE,margin_detail,,
000973,佛塑科技,562529528,22375749,,2026-07-29,SZSE,margin_detail,,
000975,山金国际,924211881,62231491,,2026-07-29,SZSE,margin_detail,,
000977,浪潮信息,4516673114,657053993,,2026-07-29,SZSE,margin_detail,,
000980,众泰汽车,308209093,3462761,,2026-07-29,SZSE,margin_detail,,
000981,山子高科,604888279,25492266,,2026-07-29,SZSE,margin_detail,,
000983,山西焦煤,713760090,32337091,,2026-07-29,SZSE,margin_detail,,
000987,越秀资本,1039673978,17102561,,2026-07-29,SZSE,margin_detail,,
000988,华工科技,8493969940,458379667,,2026-07-29,SZSE,margin_detail,,
000990,诚志股份,540421329,20775159,,2026-07-29,SZSE,margin_detail,,
000993,闽东电力,282195889,4086037,,2026-07-29,SZSE,margin_detail,,
000997,新 大 陆,1060661964,20565362,,2026-07-29,SZSE,margin_detail,,
000998,隆平高科,362256285,3789783,,2026-07-29,SZSE,margin_detail,,
000999,华润三九,952374601,13911750,,2026-07-29,SZSE,margin_detail,,
001203,大中矿业,481016823,14464433,,2026-07-29,SZSE,margin_detail,,
001220,世盟股份,35580195,683855,,2026-07-29,SZSE,margin_detail,,
001221,悍高集团,66357267,3288809,,2026-07-29,SZSE,margin_detail,,
001233,海安集团,90728640,3502881,,2026-07-29,SZSE,margin_detail,,
001237,惠康科技,137971051,5412234,,2026-07-29,SZSE,margin_detail,,
001239,永达股份,64985800,2061224,,2026-07-29,SZSE,margin_detail,,
001248,华润新能源,822718636,331438296,,2026-07-29,SZSE,margin_detail,,
001257,盛龙股份,229491202,14451971,,2026-07-29,SZSE,margin_detail,,
001267,汇绿生态,91923901,42402181,,2026-07-29,SZSE,margin_detail,,
001270,铖昌科技,296260235,39668841,,2026-07-29,SZSE,margin_detail,,
001277,速达股份,47075693,802082,,2026-07-29,SZSE,margin_detail,,
001279,强邦新材,76119055,670466,,2026-07-29,SZSE,margin_detail,,
001280,中国铀业,659424023,24301618,,2026-07-29,SZSE,margin_detail,,
001282,三联锻造,66306923,2178442,,2026-07-29,SZSE,margin_detail,,
001285,瑞立科密,142893386,2036526,,2026-07-29,SZSE,margin_detail,,
001286,陕西能源,433571374,18678218,,2026-07-29,SZSE,margin_detail,,
001287,中电港,784239340,43081778,,2026-07-29,SZSE,margin_detail,,
001289,龙源电力,95466769,4061304,,2026-07-29,SZSE,margin_detail,,
001301,尚太科技,29262533,12272979,,2026-07-29,SZSE,margin_detail,,
001306,夏厦精密,67431637,2007045,,2026-07-29,SZSE,margin_detail,,
001309,德明利,6211207491,758178417,,2026-07-29,SZSE,margin_detail,,
001312,福恩股份,70880668,3362353,,2026-07-29,SZSE,margin_detail,,
001324,长青科技,181397712,4788462,,2026-07-29,SZSE,margin_detail,,
001325,元创股份,53649905,1051219,,2026-07-29,SZSE,margin_detail,,
001326,联域股份,64933497,3468344,,2026-07-29,SZSE,margin_detail,,
001328,登康口腔,34321897,10732040,,2026-07-29,SZSE,margin_detail,,
001335,信凯科技,144819543,1224048,,2026-07-29,SZSE,margin_detail,,
001337,四川黄金,569058627,36836863,,2026-07-29,SZSE,margin_detail,,
001339,智微智能,97770303,44537030,,2026-07-29,SZSE,margin_detail,,
001356,富岭股份,73573282,2146442,,2026-07-29,SZSE,margin_detail,,
001358,兴欣新材,38244600,8636655,,2026-07-29,SZSE,margin_detail,,
001359,平安电工,373721387,27881725,,2026-07-29,SZSE,margin_detail,,
001360,南矿集团,173806377,2022573,,2026-07-29,SZSE,margin_detail,,
001365,天海电子,103112745,16286201,,2026-07-29,SZSE,margin_detail,,
001367,海森药业,76641649,734028,,2026-07-29,SZSE,margin_detail,,
001369,双欣材料,136557318,6334537,,2026-07-29,SZSE,margin_detail,,
001373,翔腾新材,39335065,2263873,,2026-07-29,SZSE,margin_detail,,
001378,德冠新材,79335964,2344702,,2026-07-29,SZSE,margin_detail,,
001379,腾达科技,59831814,2210903,,2026-07-29,SZSE,margin_detail,,
001380,华纬科技,120451716,1243760,,2026-07-29,SZSE,margin_detail,,
001382,新亚电缆,57131415,12261987,,2026-07-29,SZSE,margin_detail,,
001386,马可波罗,108505669,2926773,,2026-07-29,SZSE,margin_detail,,
001387,雪祺电气,80335434,1592577,,2026-07-29,SZSE,margin_detail,,
001388,信通电子,52966694,12962653,,2026-07-29,SZSE,margin_detail,,
001389,广合科技,1248996986,73552188,,2026-07-29,SZSE,margin_detail,,
001390,古麒绒材,67824629,578916,,2026-07-29,SZSE,margin_detail,,
001391,国货航,260970723,5058474,,2026-07-29,SZSE,margin_detail,,
001393,维通利,137312047,9029446,,2026-07-29,SZSE,margin_detail,,
001395,亚联机械,55673785,7995586,,2026-07-29,SZSE,margin_detail,,
001396,誉帆科技,49266738,1541841,,2026-07-29,SZSE,margin_detail,,
001399,惠科股份,832406338,77932265,,2026-07-29,SZSE,margin_detail,,
001400,江顺科技,115842858,9003454,,2026-07-29,SZSE,margin_detail,,
001696,宗申动力,673626428,23194735,,2026-07-29,SZSE,margin_detail,,
001872,招商港口,93281716,3192920,,2026-07-29,SZSE,margin_detail,,
001896,豫能控股,443230689,67830537,,2026-07-29,SZSE,margin_detail,,
001914,招商积余,158063580,2659076,,2026-07-29,SZSE,margin_detail,,
001965,招商公路,134259365,7765129,,2026-07-29,SZSE,margin_detail,,
001979,招商蛇口,703807204,23822936,,2026-07-29,SZSE,margin_detail,,
002001,新 和 成,879536333,41864097,,2026-07-29,SZSE,margin_detail,,
002003,伟星股份,62919078,7457575,,2026-07-29,SZSE,margin_detail,,
002004,华邦健康,339657404,9372421,,2026-07-29,SZSE,margin_detail,,
002006,精工科技,540977202,4875722,,2026-07-29,SZSE,margin_detail,,
002007,华兰生物,1174068721,8367843,,2026-07-29,SZSE,margin_detail,,
002008,大族激光,4025921159,183823936,,2026-07-29,SZSE,margin_detail,,
002009,天奇股份,361923163,13684087,,2026-07-29,SZSE,margin_detail,,
002010,传化智联,524978194,5066177,,2026-07-29,SZSE,margin_detail,,
002011,盾安环境,564652952,5865538,,2026-07-29,SZSE,margin_detail,,
002015,协鑫能科,886708337,61434087,,2026-07-29,SZSE,margin_detail,,
002016,世荣兆业,138315307,4565237,,2026-07-29,SZSE,margin_detail,,
002017,东信和平,325941520,10934617,,2026-07-29,SZSE,margin_detail,,
002019,亿帆医药,522071383,7155610,,2026-07-29,SZSE,margin_detail,,
002020,京新药业,544997592,21701087,,2026-07-29,SZSE,margin_detail,,
002023,海特高新,586463500,8248240,,2026-07-29,SZSE,margin_detail,,
002025,航天电器,602623189,76458603,,2026-07-29,SZSE,margin_detail,,
002026,山东威达,239482952,2062864,,2026-07-29,SZSE,margin_detail,,
002027,分众传媒,1869147058,55158035,,2026-07-29,SZSE,margin_detail,,
002028,思源电气,1011277268,38931565,,2026-07-29,SZSE,margin_detail,,
002029,七 匹 狼,340633287,16303027,,2026-07-29,SZSE,margin_detail,,
002030,达安基因,275466099,13838163,,2026-07-29,SZSE,margin_detail,,
002031,巨轮智能,391091325,6763856,,2026-07-29,SZSE,margin_detail,,
002032,苏 泊 尔,67018241,6829499,,2026-07-29,SZSE,margin_detail,,
002033,丽江股份,169217836,14652448,,2026-07-29,SZSE,margin_detail,,
002034,旺能环境,410036960,4480656,,2026-07-29,SZSE,margin_detail,,
002035,华帝股份,182614479,5675697,,2026-07-29,SZSE,margin_detail,,
002036,联创电子,687282842,0,,2026-07-29,SZSE,margin_detail,,
002037,保利联合,116168567,1905987,,2026-07-29,SZSE,margin_detail,,
002038,双鹭药业,320504592,12568922,,2026-07-29,SZSE,margin_detail,,
002039,黔源电力,272989374,15114777,,2026-07-29,SZSE,margin_detail,,
002041,登海种业,167339087,5244042,,2026-07-29,SZSE,margin_detail,,
002042,华孚时尚,382857947,6137884,,2026-07-29,SZSE,margin_detail,,
002043,兔 宝 宝,29441689,8533856,,2026-07-29,SZSE,margin_detail,,
002044,美年健康,755305907,14880127,,2026-07-29,SZSE,margin_detail,,
002045,国光电器,250470459,7628118,,2026-07-29,SZSE,margin_detail,,
002046,国机精工,1247438204,52903149,,2026-07-29,SZSE,margin_detail,,
002048,宁波华翔,1115890985,15910961,,2026-07-29,SZSE,margin_detail,,
002049,紫光国微,4468773924,149473258,,2026-07-29,SZSE,margin_detail,,
002050,三花智控,5729987992,126152381,,2026-07-29,SZSE,margin_detail,,
002051,中工国际,390947067,31916742,,2026-07-29,SZSE,margin_detail,,
002053,云南能投,392003849,3230873,,2026-07-29,SZSE,margin_detail,,
002054,德美化工,126840375,3108599,,2026-07-29,SZSE,margin_detail,,
002056,横店东磁,692284739,58439644,,2026-07-29,SZSE,margin_detail,,
002057,中钢天源,436082038,16060371,,2026-07-29,SZSE,margin_detail,,
002060,广东建工,174226507,1945082,,2026-07-29,SZSE,margin_detail,,
002061,浙江交科,214397439,5790075,,2026-07-29,SZSE,margin_detail,,
002062,宏润建设,570330957,5723389,,2026-07-29,SZSE,margin_detail,,
002063,远光软件,630998240,10770825,,2026-07-29,SZSE,margin_detail,,
002064,华峰化学,248153148,16844138,,2026-07-29,SZSE,margin_detail,,
002065,东华软件,1050758729,11442339,,2026-07-29,SZSE,margin_detail,,
002067,景兴纸业,383751376,16547252,,2026-07-29,SZSE,margin_detail,,
002068,黑猫股份,202534487,10672065,,2026-07-29,SZSE,margin_detail,,
002073,软控股份,442517754,6831096,,2026-07-29,SZSE,margin_detail,,
002074,国轩高科,2462706427,36546372,,2026-07-29,SZSE,margin_detail,,
002075,沙钢股份,949059164,3940460,,2026-07-29,SZSE,margin_detail,,
002077,大港股份,232161870,20176174,,2026-07-29,SZSE,margin_detail,,
002078,太阳纸业,190518114,9163124,,2026-07-29,SZSE,margin_detail,,
002079,苏州固锝,531319065,30991675,,2026-07-29,SZSE,margin_detail,,
002080,中材科技,1119003920,146215243,,2026-07-29,SZSE,margin_detail,,
002081,金 螳 螂,363354026,17753525,,2026-07-29,SZSE,margin_detail,,
002085,万丰奥威,1049456270,9603388,,2026-07-29,SZSE,margin_detail,,
002088,鲁阳节能,112592197,3859676,,2026-07-29,SZSE,margin_detail,,
002091,江苏国泰,369169034,5599238,,2026-07-29,SZSE,margin_detail,,
002093,国脉科技,244232852,6527173,,2026-07-29,SZSE,margin_detail,,
002094,青岛金王,104894675,7342472,,2026-07-29,SZSE,margin_detail,,
002095,生 意 宝,194376288,2972896,,2026-07-29,SZSE,margin_detail,,
002097,山河智能,184395779,4044241,,2026-07-29,SZSE,margin_detail,,
002099,海翔药业,869303772,4064601,,2026-07-29,SZSE,margin_detail,,
002100,天康生物,239435320,10986152,,2026-07-29,SZSE,margin_detail,,
002101,广东鸿图,232131032,2566378,,2026-07-29,SZSE,margin_detail,,
002104,恒宝股份,382464751,32860309,,2026-07-29,SZSE,margin_detail,,
002106,莱宝高科,631337971,19564636,,2026-07-29,SZSE,margin_detail,,
002108,沧州明珠,468826678,6921226,,2026-07-29,SZSE,margin_detail,,
002110,三钢闽光,325682535,3825859,,2026-07-29,SZSE,margin_detail,,
002112,三变科技,325114927,21637412,,2026-07-29,SZSE,margin_detail,,
002115,三维通信,474333547,37367217,,2026-07-29,SZSE,margin_detail,,
002117,东港股份,334118064,3825048,,2026-07-29,SZSE,margin_detail,,
002119,康强电子,339239726,64669835,,2026-07-29,SZSE,margin_detail,,
002120,韵达股份,524275735,12913608,,2026-07-29,SZSE,margin_detail,,
002121,科陆电子,454004351,4681214,,2026-07-29,SZSE,margin_detail,,
002123,梦网科技,323560797,10477639,,2026-07-29,SZSE,margin_detail,,
002125,湘潭电化,473823823,10094672,,2026-07-29,SZSE,margin_detail,,
002126,银轮股份,498013944,34717192,,2026-07-29,SZSE,margin_detail,,
002127,南极电商,440144083,11898828,,2026-07-29,SZSE,margin_detail,,
002128,电投能源,1608521398,20297012,,2026-07-29,SZSE,margin_detail,,
002129,TCL中环,2396267142,49147294,,2026-07-29,SZSE,margin_detail,,
002130,沃尔核材,1341125780,24665732,,2026-07-29,SZSE,margin_detail,,
002131,利欧股份,961076012,56957752,,2026-07-29,SZSE,margin_detail,,
002132,恒星科技,363585849,10453575,,2026-07-29,SZSE,margin_detail,,
002135,东南网架,270710286,3321424,,2026-07-29,SZSE,margin_detail,,
002138,顺络电子,1397095968,102146294,,2026-07-29,SZSE,margin_detail,,
002139,拓邦股份,694844493,8082237,,2026-07-29,SZSE,margin_detail,,
002140,东华科技,165092328,1956642,,2026-07-29,SZSE,margin_detail,,
002142,宁波银行,2021289363,51128424,,2026-07-29,SZSE,margin_detail,,
002145,钛能化学,807507955,21057260,,2026-07-29,SZSE,margin_detail,,
002146,荣盛发展,182262629,4885055,,2026-07-29,SZSE,margin_detail,,
002148,北纬科技,151225716,8687449,,2026-07-29,SZSE,margin_detail,,
002149,西部材料,806685676,42209026,,2026-07-29,SZSE,margin_detail,,
002150,正泰电源,291612882,7200659,,2026-07-29,SZSE,margin_detail,,
002151,北斗星通,771537704,15276024,,2026-07-29,SZSE,margin_detail,,
002152,广电运通,1106069796,20306829,,2026-07-29,SZSE,margin_detail,,
002153,石基信息,251988264,15778168,,2026-07-29,SZSE,margin_detail,,
002154,报 喜 鸟,165833343,8480454,,2026-07-29,SZSE,margin_detail,,
002155,湖南黄金,2098923398,50213388,,2026-07-29,SZSE,margin_detail,,
002156,通富微电,4415345102,880258621,,2026-07-29,SZSE,margin_detail,,
002157,正邦科技,615286536,21350680,,2026-07-29,SZSE,margin_detail,,
002158,汉钟精机,506123789,16279509,,2026-07-29,SZSE,margin_detail,,
002160,常铝股份,169903763,5538970,,2026-07-29,SZSE,margin_detail,,
002161,远 望 谷,496736172,9377511,,2026-07-29,SZSE,margin_detail,,
002163,海南发展,203081575,11212957,,2026-07-29,SZSE,margin_detail,,
002164,宁波东力,296796459,4319653,,2026-07-29,SZSE,margin_detail,,
002165,红 宝 丽,198844776,24226358,,2026-07-29,SZSE,margin_detail,,
002166,莱茵生物,512212124,4938185,,2026-07-29,SZSE,margin_detail,,
002167,东方锆业,626491919,72187004,,2026-07-29,SZSE,margin_detail,,
002169,智光电气,724587229,12898841,,2026-07-29,SZSE,margin_detail,,
002171,楚江新材,993975225,31540853,,2026-07-29,SZSE,margin_detail,,
002173,创新医疗,426921357,56589164,,2026-07-29,SZSE,margin_detail,,
002174,游族网络,918360382,30935092,,2026-07-29,SZSE,margin_detail,,
002176,江特电机,1219419740,25583639,,2026-07-29,SZSE,margin_detail,,
002177,御银股份,204137516,10315252,,2026-07-29,SZSE,margin_detail,,
002179,中航光电,2039427531,64177790,,2026-07-29,SZSE,margin_detail,,
002180,奔图科技,645768780,15732711,,2026-07-29,SZSE,margin_detail,,
002181,粤 传 媒,168565282,18755637,,2026-07-29,SZSE,margin_detail,,
002182,宝武镁业,793822411,21616121,,2026-07-29,SZSE,margin_detail,,
002183,怡 亚 通,757607897,11105377,,2026-07-29,SZSE,margin_detail,,
002185,华天科技,2519456890,514945251,,2026-07-29,SZSE,margin_detail,,
002189,中光学,411882084,13237154,,2026-07-29,SZSE,margin_detail,,
002190,成飞集成,193585690,11998564,,2026-07-29,SZSE,margin_detail,,
002191,劲嘉股份,258926217,3144601,,2026-07-29,SZSE,margin_detail,,
002192,融捷股份,1308790781,106148003,,2026-07-29,SZSE,margin_detail,,
002194,武汉凡谷,296101130,13399364,,2026-07-29,SZSE,margin_detail,,
002195,岩山科技,1748875565,126527187,,2026-07-29,SZSE,margin_detail,,
002201,九鼎新材,189253436,5607829,,2026-07-29,SZSE,margin_detail,,
002202,金风科技,3099879314,111498454,,2026-07-29,SZSE,margin_detail,,
002203,海亮股份,980307015,15163945,,2026-07-29,SZSE,margin_detail,,
002204,大连重工,300493241,5724917,,2026-07-29,SZSE,margin_detail,,
002206,海 利 得,223682645,6129578,,2026-07-29,SZSE,margin_detail,,
002208,合肥城建,103050967,50875062,,2026-07-29,SZSE,margin_detail,,
002210,飞马国际,245210977,7177955,,2026-07-29,SZSE,margin_detail,,
002212,天融信,544771048,26362458,,2026-07-29,SZSE,margin_detail,,
002213,大为股份,54246716,21038469,,2026-07-29,SZSE,margin_detail,,
002215,诺 普 信,527297168,9668077,,2026-07-29,SZSE,margin_detail,,
002216,三全食品,141874180,5345325,,2026-07-29,SZSE,margin_detail,,
002218,拓日新能,110910690,22566352,,2026-07-29,SZSE,margin_detail,,
002219,新里程,357301937,13860244,,2026-07-29,SZSE,margin_detail,,
002221,东华能源,662005763,8480354,,2026-07-29,SZSE,margin_detail,,
002222,福晶科技,1872678228,415104747,,2026-07-29,SZSE,margin_detail,,
002223,鱼跃医疗,611934696,12257400,,2026-07-29,SZSE,margin_detail,,
002229,鸿博股份,389830729,17116840,,2026-07-29,SZSE,margin_detail,,
002230,科大讯飞,5498224554,131365856,,2026-07-29,SZSE,margin_detail,,
002232,启明信息,142859706,4327837,,2026-07-29,SZSE,margin_detail,,
002233,塔牌集团,115887349,3543277,,2026-07-29,SZSE,margin_detail,,
002234,民和股份,119116000,1670917,,2026-07-29,SZSE,margin_detail,,
002235,安妮股份,367860039,25361404,,2026-07-29,SZSE,margin_detail,,
002236,大华股份,1745951983,59394347,,2026-07-29,SZSE,margin_detail,,
002237,恒邦股份,1452149266,29063306,,2026-07-29,SZSE,margin_detail,,
002238,天威视讯,72085315,4550360,,2026-07-29,SZSE,margin_detail,,
002239,奥特佳,424333388,14149605,,2026-07-29,SZSE,margin_detail,,
002240,盛新锂能,1350355865,113313907,,2026-07-29,SZSE,margin_detail,,
002241,歌尔股份,4127101198,203457968,,2026-07-29,SZSE,margin_detail,,
002242,九阳股份,132935716,12917895,,2026-07-29,SZSE,margin_detail,,
002243,力合科创,676599629,11921089,,2026-07-29,SZSE,margin_detail,,
002244,滨江集团,320014652,20498142,,2026-07-29,SZSE,margin_detail,,
002245,蔚蓝锂芯,676069731,56216895,,2026-07-29,SZSE,margin_detail,,
002246,北化股份,475628330,32564831,,2026-07-29,SZSE,margin_detail,,
002249,大洋电机,836529566,12407114,,2026-07-29,SZSE,margin_detail,,
002250,联化科技,775708988,18531521,,2026-07-29,SZSE,margin_detail,,
002251,步步高,323905774,17984957,,2026-07-29,SZSE,margin_detail,,
002252,上海莱士,1161559545,30380646,,2026-07-29,SZSE,margin_detail,,
002254,泰和新材,491713483,23626429,,2026-07-29,SZSE,margin_detail,,
002255,海陆重工,335785594,18364083,,2026-07-29,SZSE,margin_detail,,
002256,兆新股份,365348232,14308484,,2026-07-29,SZSE,margin_detail,,
002258,利尔化学,395817671,29623213,,2026-07-29,SZSE,margin_detail,,
002261,拓维信息,1605980660,42112509,,2026-07-29,SZSE,margin_detail,,
002262,恩华药业,703777787,11197473,,2026-07-29,SZSE,margin_detail,,
002263,大东南,247931197,6485047,,2026-07-29,SZSE,margin_detail,,
002265,建设工业,314709657,49728729,,2026-07-29,SZSE,margin_detail,,
002266,浙富控股,840158519,33461064,,2026-07-29,SZSE,margin_detail,,
002267,陕天然气,213512916,1681157,,2026-07-29,SZSE,margin_detail,,
002268,电科网安,786696971,17294282,,2026-07-29,SZSE,margin_detail,,
002269,美邦服饰,91646116,5224339,,2026-07-29,SZSE,margin_detail,,
002270,华明装备,333301264,38802380,,2026-07-29,SZSE,margin_detail,,
002271,东方雨虹,778233939,12033218,,2026-07-29,SZSE,margin_detail,,
002272,川润股份,557732963,28939148,,2026-07-29,SZSE,margin_detail,,
002273,水晶光电,2870196528,127241358,,2026-07-29,SZSE,margin_detail,,
002274,华昌化工,222653266,5241330,,2026-07-29,SZSE,margin_detail,,
002275,桂林三金,103080283,1575294,,2026-07-29,SZSE,margin_detail,,
002276,万马股份,693031757,9396290,,2026-07-29,SZSE,margin_detail,,
002277,友阿股份,695037708,7360936,,2026-07-29,SZSE,margin_detail,,
002281,光迅科技,4095040258,355019962,,2026-07-29,SZSE,margin_detail,,
002283,天润工业,430495890,7241065,,2026-07-29,SZSE,margin_detail,,
002284,亚太股份,243055232,5051552,,2026-07-29,SZSE,margin_detail,,
002285,世联行,171574456,7676598,,2026-07-29,SZSE,margin_detail,,
002287,奇正藏药,129904368,4764171,,2026-07-29,SZSE,margin_detail,,
002290,禾盛新材,90493378,19862561,,2026-07-29,SZSE,margin_detail,,
002291,遥望科技,299560660,9586164,,2026-07-29,SZSE,margin_detail,,
002292,奥飞娱乐,459444090,66745082,,2026-07-29,SZSE,margin_detail,,
002293,罗莱生活,130597235,8254910,,2026-07-29,SZSE,margin_detail,,
002294,信立泰,1024504352,48536898,,2026-07-29,SZSE,margin_detail,,
002297,博云新材,416719466,40311382,,2026-07-29,SZSE,margin_detail,,
002298,中电鑫龙,263897967,56848270,,2026-07-29,SZSE,margin_detail,,
002299,圣农发展,313144653,7995661,,2026-07-29,SZSE,margin_detail,,
002300,太阳电缆,152249106,44710122,,2026-07-29,SZSE,margin_detail,,
002301,齐心集团,296821012,5813997,,2026-07-29,SZSE,margin_detail,,
002302,西部建设,140478861,2462400,,2026-07-29,SZSE,margin_detail,,
002303,美盈森,247511882,26941117,,2026-07-29,SZSE,margin_detail,,
002304,洋河股份,1293255645,22160548,,2026-07-29,SZSE,margin_detail,,
002307,北新路桥,225827507,6279595,,2026-07-29,SZSE,margin_detail,,
002309,中利集团,93285675,85724590,,2026-07-29,SZSE,margin_detail,,
002311,海大集团,153284903,9671603,,2026-07-29,SZSE,margin_detail,,
002312,川发龙蟒,701850812,6563267,,2026-07-29,SZSE,margin_detail,,
002317,众生药业,528734961,45243638,,2026-07-29,SZSE,margin_detail,,
002318,久立特材,290444619,20210354,,2026-07-29,SZSE,margin_detail,,
002320,海峡股份,208645410,8502897,,2026-07-29,SZSE,margin_detail,,
002324,普利特,465463367,20057135,,2026-07-29,SZSE,margin_detail,,
002326,永太科技,1105402927,66896539,,2026-07-29,SZSE,margin_detail,,
002328,新朋股份,284155230,13796478,,2026-07-29,SZSE,margin_detail,,
002329,皇氏集团,117730420,9341596,,2026-07-29,SZSE,margin_detail,,
002332,仙琚制药,378559251,7043045,,2026-07-29,SZSE,margin_detail,,
002334,英威腾,385647387,8389399,,2026-07-29,SZSE,margin_detail,,
002335,科华数据,1184300105,36900982,,2026-07-29,SZSE,margin_detail,,
002338,奥普光电,485383282,18528414,,2026-07-29,SZSE,margin_detail,,
002339,积成电子,204745859,15710979,,2026-07-29,SZSE,margin_detail,,
002340,格林美,2199236151,31386719,,2026-07-29,SZSE,margin_detail,,
002342,巨力索具,250467817,15624506,,2026-07-29,SZSE,margin_detail,,
002344,海宁皮城,308664443,2952086,,2026-07-29,SZSE,margin_detail,,
002346,柘中股份,271333211,3163589,,2026-07-29,SZSE,margin_detail,,
002349,精华制药,184293854,8174399,,2026-07-29,SZSE,margin_detail,,
002350,北京科锐,514268078,22852535,,2026-07-29,SZSE,margin_detail,,
002351,漫步者,216795876,5763698,,2026-07-29,SZSE,margin_detail,,
002352,顺丰控股,4818747527,32614590,,2026-07-29,SZSE,margin_detail,,
002353,杰瑞股份,858310000,223420830,,2026-07-29,SZSE,margin_detail,,
002354,天娱数科,517049611,50872435,,2026-07-29,SZSE,margin_detail,,
002355,兴民智通,340699278,1704306,,2026-07-29,SZSE,margin_detail,,
002361,神剑股份,349122329,28310899,,2026-07-29,SZSE,margin_detail,,
002362,汉王科技,187111929,3951365,,2026-07-29,SZSE,margin_detail,,
002364,中恒电气,879974231,151650715,,2026-07-29,SZSE,margin_detail,,
002366,融发核电,373273190,66435974,,2026-07-29,SZSE,margin_detail,,
002367,康力电梯,167624501,3826661,,2026-07-29,SZSE,margin_detail,,
002368,太极股份,581109060,8859889,,2026-07-29,SZSE,margin_detail,,
002369,卓翼科技,198514602,12396655,,2026-07-29,SZSE,margin_detail,,
002370,亚太药业,240366154,10011980,,2026-07-29,SZSE,margin_detail,,
002371,北方华创,3669129961,572812427,,2026-07-29,SZSE,margin_detail,semiconductor,半导体与芯片
002372,伟星新材,141293477,3538205,,2026-07-29,SZSE,margin_detail,,
002373,千方科技,665802079,18779983,,2026-07-29,SZSE,margin_detail,,
002374,中锐股份,144191991,8106960,,2026-07-29,SZSE,margin_detail,,
002375,亚厦股份,193782585,1709224,,2026-07-29,SZSE,margin_detail,,
002376,新北洋,387022391,3059289,,2026-07-29,SZSE,margin_detail,,
002378,章源钨业,1001158301,30123449,,2026-07-29,SZSE,margin_detail,,
002379,宏桥控股,932713397,83029812,,2026-07-29,SZSE,margin_detail,,
002382,蓝帆医疗,344649294,4791757,,2026-07-29,SZSE,margin_detail,,
002383,合众思壮,152698054,4568585,,2026-07-29,SZSE,margin_detail,,
002384,东山精密,13476377301,1780249434,,2026-07-29,SZSE,margin_detail,,
002385,大北农,531057992,5436919,,2026-07-29,SZSE,margin_detail,,
002386,天原股份,365408827,3477871,,2026-07-29,SZSE,margin_detail,,
002387,维信诺,230556641,10604906,,2026-07-29,SZSE,margin_detail,,
002389,航天彩虹,745499168,24641109,,2026-07-29,SZSE,margin_detail,,
002390,信邦制药,191649199,3384820,,2026-07-29,SZSE,margin_detail,,
002393,力生制药,165711100,1390527,,2026-07-29,SZSE,margin_detail,,
002395,双象股份,96695277,2492366,,2026-07-29,SZSE,margin_detail,,
002396,星网锐捷,593378252,305044140,,2026-07-29,SZSE,margin_detail,,
002399,海普瑞,184824217,3547106,,2026-07-29,SZSE,margin_detail,,
002400,省广集团,725224264,21544943,,2026-07-29,SZSE,margin_detail,,
002401,中远海科,254308793,10945368,,2026-07-29,SZSE,margin_detail,,
002402,和而泰,1621605976,21030524,,2026-07-29,SZSE,margin_detail,,
002405,四维图新,1081465031,21923875,,2026-07-29,SZSE,margin_detail,,
002407,多氟多,2242563058,591368864,,2026-07-29,SZSE,margin_detail,,
002408,齐翔腾达,441566564,7529677,,2026-07-29,SZSE,margin_detail,,
002409,雅克科技,2695132714,735253349,,2026-07-29,SZSE,margin_detail,,
002410,广联达,641628456,9853867,,2026-07-29,SZSE,margin_detail,,
002412,汉森制药,165980456,40834220,,2026-07-29,SZSE,margin_detail,,
002413,雷科防务,450061399,12636657,,2026-07-29,SZSE,margin_detail,,
002414,高德红外,1346978501,137600745,,2026-07-29,SZSE,margin_detail,,
002415,海康威视,4889478612,453236812,,2026-07-29,SZSE,margin_detail,,
002416,爱施德,647624147,7570094,,2026-07-29,SZSE,margin_detail,,
002419,天虹股份,277654125,6440090,,2026-07-29,SZSE,margin_detail,,
002421,达实智能,240487580,34703775,,2026-07-29,SZSE,margin_detail,,
002422,科伦药业,946500564,288451085,,2026-07-29,SZSE,margin_detail,,
002423,中粮资本,526060803,6460569,,2026-07-29,SZSE,margin_detail,,
002426,胜利精密,558509334,14548754,,2026-07-29,SZSE,margin_detail,,
002428,云南锗业,3934789051,201936050,,2026-07-29,SZSE,margin_detail,,
002429,兆驰股份,1672650550,27484333,,2026-07-29,SZSE,margin_detail,,
002430,杭氧股份,598080230,32529654,,2026-07-29,SZSE,margin_detail,,
002432,九安医疗,1311484181,247921706,,2026-07-29,SZSE,margin_detail,,
002434,万里扬,422072774,4380423,,2026-07-29,SZSE,margin_detail,,
002436,兴森科技,2453762328,233588615,,2026-07-29,SZSE,margin_detail,,
002437,誉衡药业,372364216,19087412,,2026-07-29,SZSE,margin_detail,,
002438,江苏神通,668352149,14221271,,2026-07-29,SZSE,margin_detail,,
002439,启明星辰,652437765,34245448,,2026-07-29,SZSE,margin_detail,,
002440,闰土股份,338813198,62377923,,2026-07-29,SZSE,margin_detail,,
002441,众业达,189506873,2375598,,2026-07-29,SZSE,margin_detail,,
002444,巨星科技,277313734,10567850,,2026-07-29,SZSE,margin_detail,,
002445,中南文化,396132333,12036415,,2026-07-29,SZSE,margin_detail,,
002446,盛路通信,651841048,11027220,,2026-07-29,SZSE,margin_detail,,
002449,国星光电,298213143,6778276,,2026-07-29,SZSE,margin_detail,,
002451,摩恩电气,91473866,8445224,,2026-07-29,SZSE,margin_detail,,
002452,长高电气,282288113,15592592,,2026-07-29,SZSE,margin_detail,,
002453,华软科技,261487030,5407998,,2026-07-29,SZSE,margin_detail,,
002454,松芝股份,177951827,2640062,,2026-07-29,SZSE,margin_detail,,
002455,百川股份,281152841,12807529,,2026-07-29,SZSE,margin_detail,,
002456,欧菲光,1677415538,28591736,,2026-07-29,SZSE,margin_detail,,
002458,益生股份,521574367,21424159,,2026-07-29,SZSE,margin_detail,,
002459,晶澳科技,704547700,7993949,,2026-07-29,SZSE,margin_detail,,
002460,赣锋锂业,4340257729,162821818,,2026-07-29,SZSE,margin_detail,,
002461,珠江啤酒,291819799,1222488,,2026-07-29,SZSE,margin_detail,,
002463,沪电股份,5178600729,525874832,,2026-07-29,SZSE,margin_detail,,
002465,海格通信,1299814505,21334955,,2026-07-29,SZSE,margin_detail,,
002466,天齐锂业,3469680848,138951108,,2026-07-29,SZSE,margin_detail,,
002467,二六三,497021450,20343804,,2026-07-29,SZSE,margin_detail,,
002468,申通快递,501367503,17830556,,2026-07-29,SZSE,margin_detail,,
002469,三维化学,142225324,3294730,,2026-07-29,SZSE,margin_detail,,
002471,中超控股,219067585,13668180,,2026-07-29,SZSE,margin_detail,,
002472,双环传动,1045139523,47932486,,2026-07-29,SZSE,margin_detail,,
002474,榕基软件,285591537,14645507,,2026-07-29,SZSE,margin_detail,,
002475,立讯精密,5911030204,385026288,,2026-07-29,SZSE,margin_detail,,
002476,新叶股份,243598819,4964046,,2026-07-29,SZSE,margin_detail,,
002478,常宝股份,240171636,2890761,,2026-07-29,SZSE,margin_detail,,
002481,双塔食品,225163263,3867362,,2026-07-29,SZSE,margin_detail,,
002483,润邦股份,198607969,5443899,,2026-07-29,SZSE,margin_detail,,
002484,江海股份,1127376713,132334988,,2026-07-29,SZSE,margin_detail,,
002487,大金重工,595665810,114804994,,2026-07-29,SZSE,margin_detail,,
002488,金固股份,435959184,9144094,,2026-07-29,SZSE,margin_detail,,
002489,浙江永强,346562247,6144218,,2026-07-29,SZSE,margin_detail,,
002491,通鼎互联,964980805,270296741,,2026-07-29,SZSE,margin_detail,,
002493,荣盛石化,840886035,35250231,,2026-07-29,SZSE,margin_detail,,
002497,雅化集团,925357672,41173710,,2026-07-29,SZSE,margin_detail,,
002498,汉缆股份,241396625,69922288,,2026-07-29,SZSE,margin_detail,,
002500,山西证券,982039119,12609355,,2026-07-29,SZSE,margin_detail,,
002506,协鑫集成,381268034,23848784,,2026-07-29,SZSE,margin_detail,,
002507,涪陵榨菜,625676667,10959951,,2026-07-29,SZSE,margin_detail,,
002508,老板电器,241511585,6457804,,2026-07-29,SZSE,margin_detail,,
002511,中顺洁柔,221099453,4344115,,2026-07-29,SZSE,margin_detail,,
002517,恺英网络,1438530724,36190162,,2026-07-29,SZSE,margin_detail,,
002518,科士达,312373950,19347390,,2026-07-29,SZSE,margin_detail,,
002519,银河电子,123902099,10356983,,2026-07-29,SZSE,margin_detail,,
002520,日发精机,138089566,7683747,,2026-07-29,SZSE,margin_detail,,
002521,齐峰新材,280728092,1897606,,2026-07-29,SZSE,margin_detail,,
002522,浙江众成,362841039,14344489,,2026-07-29,SZSE,margin_detail,,
002523,天桥起重,236369839,4308252,,2026-07-29,SZSE,margin_detail,,
002526,山东矿机,214128004,4951704,,2026-07-29,SZSE,margin_detail,,
002527,新时达,416757198,7234453,,2026-07-29,SZSE,margin_detail,,
002530,金财互联,309811826,9652492,,2026-07-29,SZSE,margin_detail,,
002531,天顺风能,490986700,20467441,,2026-07-29,SZSE,margin_detail,,
002532,天山铝业,701378873,78447670,,2026-07-29,SZSE,margin_detail,,
002533,金杯电工,372686229,7929148,,2026-07-29,SZSE,margin_detail,,
002534,西子洁能,221653155,11903329,,2026-07-29,SZSE,margin_detail,,
002536,飞龙股份,1467792280,152468475,,2026-07-29,SZSE,margin_detail,,
002537,海联金汇,484256585,8529139,,2026-07-29,SZSE,margin_detail,,
002539,云图控股,536164075,47353331,,2026-07-29,SZSE,margin_detail,,
002541,鸿路钢构,74281838,9731273,,2026-07-29,SZSE,margin_detail,,
002543,万和电气,70604609,1380319,,2026-07-29,SZSE,margin_detail,,
002544,普天科技,776694758,5054829,,2026-07-29,SZSE,margin_detail,,
002545,东方铁塔,348824416,43147273,,2026-07-29,SZSE,margin_detail,,
002548,金新农,213902209,3391475,,2026-07-29,SZSE,margin_detail,,
002549,凯美特气,316704769,38843658,,2026-07-29,SZSE,margin_detail,,
002553,南方精工,164929813,3650963,,2026-07-29,SZSE,margin_detail,,
002554,惠博普,165499543,1990025,,2026-07-29,SZSE,margin_detail,,
002555,三七互娱,1764247015,46314863,,2026-07-29,SZSE,margin_detail,,
002556,辉隆股份,270848413,4615540,,2026-07-29,SZSE,margin_detail,,
002557,洽洽食品,331164509,11605502,,2026-07-29,SZSE,margin_detail,,
002558,巨人网络,1696364257,113596984,,2026-07-29,SZSE,margin_detail,,
002560,通达股份,234717375,15090617,,2026-07-29,SZSE,margin_detail,,
002561,徐家汇,99017284,1757064,,2026-07-29,SZSE,margin_detail,,
002563,森马服饰,145177378,29580801,,2026-07-29,SZSE,margin_detail,,
002565,顺灏股份,418497495,15438588,,2026-07-29,SZSE,margin_detail,,
002567,唐人神,313654909,1422041,,2026-07-29,SZSE,margin_detail,,
002568,百润股份,252307968,6500223,,2026-07-29,SZSE,margin_detail,,
002570,贝因美,268604848,6242312,,2026-07-29,SZSE,margin_detail,,
002572,索菲亚,252602999,3969887,,2026-07-29,SZSE,margin_detail,,
002573,清新环境,168409968,2325161,,2026-07-29,SZSE,margin_detail,,
002574,明牌珠宝,104078598,3463717,,2026-07-29,SZSE,margin_detail,,
002575,群兴玩具,117421038,9725064,,2026-07-29,SZSE,margin_detail,,
002577,雷柏科技,169237619,7753770,,2026-07-29,SZSE,margin_detail,,
002579,中京电子,378932868,57232954,,2026-07-29,SZSE,margin_detail,,
002580,圣阳股份,312704411,126447336,,2026-07-29,SZSE,margin_detail,,
002583,海能达,474278820,9772745,,2026-07-29,SZSE,margin_detail,,
002585,双星新材,369589333,36701707,,2026-07-29,SZSE,margin_detail,,
002588,史丹利,245112204,5692957,,2026-07-29,SZSE,margin_detail,,
002589,瑞康医药,208175096,5248319,,2026-07-29,SZSE,margin_detail,,
002590,万安科技,225599228,1841691,,2026-07-29,SZSE,margin_detail,,
002594,比亚迪,12620809060,237652747,,2026-07-29,SZSE,margin_detail,,
002595,豪迈科技,636141790,15440240,,2026-07-29,SZSE,margin_detail,,
002596,海南瑞泽,185322345,7881566,,2026-07-29,SZSE,margin_detail,,
002597,金禾实业,459073480,6876406,,2026-07-29,SZSE,margin_detail,,
002600,领益智造,2401714962,75788989,,2026-07-29,SZSE,margin_detail,,
002601,龙佰集团,556032096,18568874,,2026-07-29,SZSE,margin_detail,,
002602,世纪华通,2650171144,58796055,,2026-07-29,SZSE,margin_detail,,
002603,以岭药业,624959911,24914201,,2026-07-29,SZSE,margin_detail,,
002606,大连电瓷,297395134,52237794,,2026-07-29,SZSE,margin_detail,,
002607,中公教育,942771995,34909052,,2026-07-29,SZSE,margin_detail,,
002608,江苏国信,329935897,7676417,,2026-07-29,SZSE,margin_detail,,
002611,东方精工,1608236082,79441622,,2026-07-29,SZSE,margin_detail,,
002612,朗姿股份,135742908,22109699,,2026-07-29,SZSE,margin_detail,,
002617,露笑科技,963416478,32173534,,2026-07-29,SZSE,margin_detail,,
002623,亚玛顿,65763089,2838846,,2026-07-29,SZSE,margin_detail,,
002624,完美世界,811582006,22082841,,2026-07-29,SZSE,margin_detail,,
002625,光启技术,5425515013,76357104,,2026-07-29,SZSE,margin_detail,,
002626,金达威,336353942,2930849,,2026-07-29,SZSE,margin_detail,,
002628,成都路桥,206929963,3537026,,2026-07-29,SZSE,margin_detail,,
002631,德尔未来,257215039,21057067,,2026-07-29,SZSE,margin_detail,,
002635,安洁科技,327095715,23149916,,2026-07-29,SZSE,margin_detail,,
002636,金安国纪,911791008,117029568,,2026-07-29,SZSE,margin_detail,,
002639,雪人集团,449082521,20718480,,2026-07-29,SZSE,margin_detail,,
002641,公元股份,110375314,2975408,,2026-07-29,SZSE,margin_detail,,
002643,万润股份,543530241,27358771,,2026-07-29,SZSE,margin_detail,,
002645,华宏科技,522787868,36207514,,2026-07-29,SZSE,margin_detail,,
002646,天佑德酒,200216901,5444492,,2026-07-29,SZSE,margin_detail,,
002648,卫星化学,1566327354,43185435,,2026-07-29,SZSE,margin_detail,,
002649,博彦科技,384469924,11430967,,2026-07-29,SZSE,margin_detail,,
002653,海思科,176627945,24191218,,2026-07-29,SZSE,margin_detail,,
002654,万润科技,883137184,28690378,,2026-07-29,SZSE,margin_detail,,
002657,中科金财,459882105,11058038,,2026-07-29,SZSE,margin_detail,,
002662,峰璟股份,352062364,2494102,,2026-07-29,SZSE,margin_detail,,
002664,信质集团,276777700,3957212,,2026-07-29,SZSE,margin_detail,,
002668,TCL智家,517715432,15893628,,2026-07-29,SZSE,margin_detail,,
002670,国盛证券,546703526,14445524,,2026-07-29,SZSE,margin_detail,,
002672,东江环保,86231899,2845796,,2026-07-29,SZSE,margin_detail,,
002673,西部证券,1517072650,10045738,,2026-07-29,SZSE,margin_detail,,
002675,东诚药业,1199342982,4412361,,2026-07-29,SZSE,margin_detail,,
002681,奋达科技,393965808,7311856,,2026-07-29,SZSE,margin_detail,,
002683,广东宏大,1315387120,13310995,,2026-07-29,SZSE,margin_detail,,
002685,华东重机,465854876,10691064,,2026-07-29,SZSE,margin_detail,,
002690,美亚光电,149999055,7701950,,2026-07-29,SZSE,margin_detail,,
002695,煌上煌,164016864,4449353,,2026-07-29,SZSE,margin_detail,,
002697,红旗连锁,243493663,4009217,,2026-07-29,SZSE,margin_detail,,
002698,博实股份,660266576,12611455,,2026-07-29,SZSE,margin_detail,,
002701,奥瑞金,542181948,22093315,,2026-07-29,SZSE,margin_detail,,
002703,浙江世宝,343819069,24230449,,2026-07-29,SZSE,margin_detail,,
002705,新宝股份,220807500,4033640,,2026-07-29,SZSE,margin_detail,,
002706,良信股份,357594907,11816877,,2026-07-29,SZSE,margin_detail,,
002707,众信旅游,329692122,10752843,,2026-07-29,SZSE,margin_detail,,
002709,天赐材料,3410845783,203963113,,2026-07-29,SZSE,margin_detail,,
002714,牧原股份,5385560613,150093644,,2026-07-29,SZSE,margin_detail,,
002716,湖南白银,640665362,52415280,,2026-07-29,SZSE,margin_detail,,
002727,一心堂,198463530,4406384,,2026-07-29,SZSE,margin_detail,,
002729,好利科技,140561943,5696442,,2026-07-29,SZSE,margin_detail,,
002733,雄韬股份,446329840,14824323,,2026-07-29,SZSE,margin_detail,,
002734,利民股份,607484624,12394831,,2026-07-29,SZSE,margin_detail,,
002736,国信证券,1797370671,28310079,,2026-07-29,SZSE,margin_detail,,
002737,葵花药业,210293015,2990413,,2026-07-29,SZSE,margin_detail,,
002738,中矿资源,1658459128,50563182,,2026-07-29,SZSE,margin_detail,,
002739,儒意电影,1264860776,76274253,,2026-07-29,SZSE,margin_detail,,
002741,光华科技,599043898,40887006,,2026-07-29,SZSE,margin_detail,,
002745,木林森,1092742556,74006396,,2026-07-29,SZSE,margin_detail,,
002746,仙坛股份,118600959,3623846,,2026-07-29,SZSE,margin_detail,,
002747,埃斯顿,816314050,81314108,,2026-07-29,SZSE,margin_detail,,
002755,奥赛康,151271748,7173426,,2026-07-29,SZSE,margin_detail,,
002756,永兴材料,694017922,26969876,,2026-07-29,SZSE,margin_detail,,
002761,浙江建投,296576767,5029676,,2026-07-29,SZSE,margin_detail,,
002765,蓝黛科技,248109132,3141201,,2026-07-29,SZSE,margin_detail,,
002768,国恩股份,555164681,38786757,,2026-07-29,SZSE,margin_detail,,
002773,康弘药业,577902841,10398550,,2026-07-29,SZSE,margin_detail,,
002779,中坚科技,624305255,7330600,,2026-07-29,SZSE,margin_detail,,
002782,可立克,177240681,8142725,,2026-07-29,SZSE,margin_detail,,
002783,凯龙股份,376465221,6476201,,2026-07-29,SZSE,margin_detail,,
002791,坚朗五金,128241174,1414000,,2026-07-29,SZSE,margin_detail,,
002792,通宇通讯,497818096,18280743,,2026-07-29,SZSE,margin_detail,,
002796,世嘉科技,514092586,9516456,,2026-07-29,SZSE,margin_detail,,
002797,第一创业,2110673335,20617229,,2026-07-29,SZSE,margin_detail,,
002803,吉宏股份,657101529,13795465,,2026-07-29,SZSE,margin_detail,,
002805,丰元股份,204603423,24095260,,2026-07-29,SZSE,margin_detail,,
002807,江阴银行,367738223,13387624,,2026-07-29,SZSE,margin_detail,,
002810,山东赫达,187636727,7929778,,2026-07-29,SZSE,margin_detail,,
002812,恩捷股份,1318342664,55865789,,2026-07-29,SZSE,margin_detail,,
002815,崇达技术,141361482,33512710,,2026-07-29,SZSE,margin_detail,,
002821,凯莱英,841796158,80687334,,2026-07-29,SZSE,margin_detail,,
002824,和胜股份,340180961,28178808,,2026-07-29,SZSE,margin_detail,,
002831,裕同科技,526427212,24382309,,2026-07-29,SZSE,margin_detail,,
002832,比音勒芬,300086702,40930710,,2026-07-29,SZSE,margin_detail,,
002837,英维克,3722221170,140091389,,2026-07-29,SZSE,margin_detail,,
002838,道恩股份,409269601,9821119,,2026-07-29,SZSE,margin_detail,,
002839,张家港行,447442551,12814904,,2026-07-29,SZSE,margin_detail,,
002840,华统股份,419761914,4585248,,2026-07-29,SZSE,margin_detail,,
002841,视源股份,236538232,34517680,,2026-07-29,SZSE,margin_detail,,
002842,翔鹭钨业,131277081,45168354,,2026-07-29,SZSE,margin_detail,,
002843,泰嘉股份,196084429,12386681,,2026-07-29,SZSE,margin_detail,,
002847,盐津铺子,216986338,15374209,,2026-07-29,SZSE,margin_detail,,
002850,科达利,446937616,19417238,,2026-07-29,SZSE,margin_detail,,
002851,麦格米特,3364429004,153826685,,2026-07-29,SZSE,margin_detail,,
002859,洁美科技,761084131,74320424,,2026-07-29,SZSE,margin_detail,,
002860,星帅尔,537461999,84162451,,2026-07-29,SZSE,margin_detail,,
002863,今飞凯达,239663199,3824253,,2026-07-29,SZSE,margin_detail,,
002865,钧达股份,457071581,27239320,,2026-07-29,SZSE,margin_detail,,
002867,周大生,86109129,4467958,,2026-07-29,SZSE,margin_detail,,
002869,金溢科技,124606586,8761519,,2026-07-29,SZSE,margin_detail,,
002876,三利谱,286863952,9809812,,2026-07-29,SZSE,margin_detail,,
002881,美格智能,334428688,19418037,,2026-07-29,SZSE,margin_detail,,
002885,京泉华,210354545,23323678,,2026-07-29,SZSE,margin_detail,,
002891,中宠股份,321724245,38192474,,2026-07-29,SZSE,margin_detail,,
002892,科力尔,210295555,3151074,,2026-07-29,SZSE,margin_detail,,
002895,川恒股份,252219831,36656720,,2026-07-29,SZSE,margin_detail,,
002896,中大力德,530400042,20566657,,2026-07-29,SZSE,margin_detail,,
002897,意华股份,762816198,38427271,,2026-07-29,SZSE,margin_detail,,
002901,大博医疗,136895302,6120274,,2026-07-29,SZSE,margin_detail,,
002902,铭普光磁,269649347,12590356,,2026-07-29,SZSE,margin_detail,,
002903,宇环数控,258789197,16201561,,2026-07-29,SZSE,margin_detail,,
002906,华阳集团,553568856,5793649,,2026-07-29,SZSE,margin_detail,,
002909,集泰股份,95676930,2037007,,2026-07-29,SZSE,margin_detail,,
002911,佛燃能源,52557939,3393586,,2026-07-29,SZSE,margin_detail,,
002912,中新赛克,284703921,4465762,,2026-07-29,SZSE,margin_detail,,
002913,奥士康,643735233,17326657,,2026-07-29,SZSE,margin_detail,,
002915,中欣氟材,190834114,5715906,,2026-07-29,SZSE,margin_detail,,
002916,深南电路,1957431407,166630262,,2026-07-29,SZSE,margin_detail,,
002920,德赛西威,1420553496,31239888,,2026-07-29,SZSE,margin_detail,,
002922,伊戈尔,420737140,33005581,,2026-07-29,SZSE,margin_detail,,
002925,盈趣科技,495487278,53117591,,2026-07-29,SZSE,margin_detail,,
002926,华西证券,1174219552,14870592,,2026-07-29,SZSE,margin_detail,,
002928,华夏航空,287007169,23616339,,2026-07-29,SZSE,margin_detail,,
002929,润建股份,546434530,28436209,,2026-07-29,SZSE,margin_detail,,
002930,宏川智慧,201170826,3569431,,2026-07-29,SZSE,margin_detail,,
002931,锋龙股份,98119936,26521201,,2026-07-29,SZSE,margin_detail,,
002935,天奥电子,545199862,6229048,,2026-07-29,SZSE,margin_detail,,
002936,郑州银行,442845835,16063531,,2026-07-29,SZSE,margin_detail,,
002937,兴瑞科技,996706696,28414214,,2026-07-29,SZSE,margin_detail,,
002938,鹏鼎控股,1366342927,112244969,,2026-07-29,SZSE,margin_detail,,
002939,长城证券,1189303673,11198852,,2026-07-29,SZSE,margin_detail,,
002941,新疆交建,302273511,10180622,,2026-07-29,SZSE,margin_detail,,
002943,宇晶股份,354750531,12728664,,2026-07-29,SZSE,margin_detail,,
002945,华林证券,264829122,2983106,,2026-07-29,SZSE,margin_detail,,
002946,新乳业,28967038,4909116,,2026-07-29,SZSE,margin_detail,,
002947,恒铭达,881317522,21296413,,2026-07-29,SZSE,margin_detail,,
002948,青岛银行,910050876,20015734,,2026-07-29,SZSE,margin_detail,,
002957,科瑞技术,378437002,46492641,,2026-07-29,SZSE,margin_detail,,
002958,青农商行,813136547,27711931,,2026-07-29,SZSE,margin_detail,,
002959,小熊电器,82124287,2120229,,2026-07-29,SZSE,margin_detail,,
002960,青鸟智控,298570787,3939456,,2026-07-29,SZSE,margin_detail,,
002965,祥鑫科技,698534632,38398407,,2026-07-29,SZSE,margin_detail,,
002966,苏州银行,701773372,16092447,,2026-07-29,SZSE,margin_detail,,
002969,嘉美包装,29586328,14027448,,2026-07-29,SZSE,margin_detail,,
002978,安宁股份,258030695,4202002,,2026-07-29,SZSE,margin_detail,,
002984,森麒麟,449629918,12714595,,2026-07-29,SZSE,margin_detail,,
002985,北摩高科,275594290,7464548,,2026-07-29,SZSE,margin_detail,,
002987,京北方,297771200,12840129,,2026-07-29,SZSE,margin_detail,,
002997,瑞鹄模具,314855085,5429177,,2026-07-29,SZSE,margin_detail,,
003021,兆威机电,491803032,36120104,,2026-07-29,SZSE,margin_detail,,
003022,联泓新科,388091036,15069357,,2026-07-29,SZSE,margin_detail,,
003031,中瓷电子,814546346,53496568,,2026-07-29,SZSE,margin_detail,,
003035,南网能源,171177673,8604082,,2026-07-29,SZSE,margin_detail,,
003039,顺控发展,139787269,1687832,,2026-07-29,SZSE,margin_detail,,
003040,楚天龙,148197207,8351687,,2026-07-29,SZSE,margin_detail,,
003816,中国广核,365440787,39651653,,2026-07-29,SZSE,margin_detail,,
159100,巴西ETF华夏,3737814,1292017,,2026-07-29,SZSE,margin_detail,,
159101,港股通科技ETF华夏,36737007,6474649,,2026-07-29,SZSE,margin_detail,,
159102,港股通生物科技ETF华安,8364633,1855404,,2026-07-29,SZSE,margin_detail,,
159107,创业板软件ETF富国,13105922,1996373,,2026-07-29,SZSE,margin_detail,,
159109,恒生50ETF景顺,569039,293449,,2026-07-29,SZSE,margin_detail,,
159125,港股通科技ETF招商,3915074,491090,,2026-07-29,SZSE,margin_detail,,
159128,港股科技ETF天弘,3445323,1627096,,2026-07-29,SZSE,margin_detail,,
159129,化工ETF嘉实,15623484,2254567,,2026-07-29,SZSE,margin_detail,,
159131,港股通信息技术ETF华宝,180798521,199247077,,2026-07-29,SZSE,margin_detail,,
159133,化工ETF天弘,9153143,4187304,,2026-07-29,SZSE,margin_detail,,
159135,港股通科技ETF前海开源,677419,111645,,2026-07-29,SZSE,margin_detail,,
159140,科创创业人工智能ETF易方达,19006417,6739648,,2026-07-29,SZSE,margin_detail,,
159141,科创创业人工智能ETF永赢,36101226,3282769,,2026-07-29,SZSE,margin_detail,,
159142,科创创业人工智能ETF景顺,22368954,8771280,,2026-07-29,SZSE,margin_detail,,
159146,电力ETF华宝,1597454,1116962,,2026-07-29,SZSE,margin_detail,,
159147,电池ETF南方,3241591,521514,,2026-07-29,SZSE,margin_detail,,
159152,港股通科技ETF平安,1120642,151207,,2026-07-29,SZSE,margin_detail,,
159155,电池ETF大成,4863375,1646190,,2026-07-29,SZSE,margin_detail,,
159157,有色金属ETF天弘,9286346,1490679,,2026-07-29,SZSE,margin_detail,,
159158,电力ETF景顺,10597234,949565,,2026-07-29,SZSE,margin_detail,,
159201,自由现金流ETF华夏,260686956,23570684,,2026-07-29,SZSE,margin_detail,,
159202,恒生互联网ETF万家,39148593,11344294,,2026-07-29,SZSE,margin_detail,,
159205,创业板ETF东财,41090873,21065651,,2026-07-29,SZSE,margin_detail,,
159206,卫星ETF永赢,558531052,69186411,,2026-07-29,SZSE,margin_detail,,
159207,高股息ETF广发,35509754,6931146,,2026-07-29,SZSE,margin_detail,,
159209,红利质量ETF招商,49745213,8555495,,2026-07-29,SZSE,margin_detail,,
159213,机器人ETF汇添富,12826049,4048821,,2026-07-29,SZSE,margin_detail,,
159215,A500ETF平安,1554552,701084,,2026-07-29,SZSE,margin_detail,,
159217,港股通创新药ETF工银,32491510,10376432,,2026-07-29,SZSE,margin_detail,,
159218,卫星ETF招商,225760509,10875637,,2026-07-29,SZSE,margin_detail,,
159221,现金流ETF嘉实,32497197,4088933,,2026-07-29,SZSE,margin_detail,,
159222,自由现金流ETF易方达,72170795,3173752,,2026-07-29,SZSE,margin_detail,,
159227,航空航天ETF华夏,282040671,18190768,,2026-07-29,SZSE,margin_detail,,
159232,自由现金流ETF南方,64383262,2870529,,2026-07-29,SZSE,margin_detail,,
159235,中证现金流ETF大成,12717982,2769814,,2026-07-29,SZSE,margin_detail,,
159241,航空航天ETF天弘,32149613,6144531,,2026-07-29,SZSE,margin_detail,,
159242,创业板人工智能ETF大成,3478173,2407714,,2026-07-29,SZSE,margin_detail,,
159246,创业板人工智能ETF富国,14395221,4240606,,2026-07-29,SZSE,margin_detail,,
159258,机器人ETF南方,9736375,2850891,,2026-07-29,SZSE,margin_detail,,
159259,成长ETF易方达,114951860,28386774,,2026-07-29,SZSE,margin_detail,,
159260,证券ETF博时,9537433,1306162,,2026-07-29,SZSE,margin_detail,,
159262,港股通科技ETF广发,85531565,6721302,,2026-07-29,SZSE,margin_detail,,
159263,价值ETF易方达,97026468,5616937,,2026-07-29,SZSE,margin_detail,,
159267,航天ETF华安,71877947,3527050,,2026-07-29,SZSE,margin_detail,,
159269,港股通科技ETF南方,4807096,2599480,,2026-07-29,SZSE,margin_detail,,
159272,机器人ETF富国,102557303,8555550,,2026-07-29,SZSE,margin_detail,,
159273,云计算ETF汇添富,6958222,601346,,2026-07-29,SZSE,margin_detail,,
159278,机器人ETF鹏华,122807425,22233392,,2026-07-29,SZSE,margin_detail,,
159286,港股通创新药ETF鹏华,16502255,5896259,,2026-07-29,SZSE,margin_detail,,
159297,港股通创新药ETF南方,22506828,6139477,,2026-07-29,SZSE,margin_detail,,
159300,沪深300ETF富国,14334866,7016274,,2026-07-29,SZSE,margin_detail,,
159305,储能电池ETF广发,7766183,1641172,,2026-07-29,SZSE,margin_detail,,
159307,红利低波100ETF博时,91598837,5317465,,2026-07-29,SZSE,margin_detail,,
159309,油气ETF汇添富,4545517,2309402,,2026-07-29,SZSE,margin_detail,,
159310,芯片ETF天弘,9071988,2083914,,2026-07-29,SZSE,margin_detail,,
159316,港股通创新药ETF易方达,142919315,22235029,,2026-07-29,SZSE,margin_detail,,
159320,电网设备ETF广发,16121743,3466553,,2026-07-29,SZSE,margin_detail,,
159325,半导体ETF南方,16346317,6073727,,2026-07-29,SZSE,margin_detail,,
159326,电网设备ETF华夏,411942987,68428813,,2026-07-29,SZSE,margin_detail,,
159327,半导体设备ETF万家,56942159,14322744,,2026-07-29,SZSE,margin_detail,,
159329,沙特ETF南方,20109332,788370,,2026-07-29,SZSE,margin_detail,,
159338,中证A500ETF国泰,152388959,50427521,,2026-07-29,SZSE,margin_detail,,
159339,A500ETF银华,9325118,1214754,,2026-07-29,SZSE,margin_detail,,
159351,A500ETF嘉实,18725078,11970653,,2026-07-29,SZSE,margin_detail,,
159352,A500ETF南方,73831276,33244973,,2026-07-29,SZSE,margin_detail,,
159353,中证A500ETF景顺,10865988,4786461,,2026-07-29,SZSE,margin_detail,,
159356,A500ETF万家,2869648,1633504,,2026-07-29,SZSE,margin_detail,,
159357,A500ETF博时,1294548,889695,,2026-07-29,SZSE,margin_detail,,
159359,A500ETF华安,1457956,1127565,,2026-07-29,SZSE,margin_detail,,
159360,A500ETF天弘,4756305,1281220,,2026-07-29,SZSE,margin_detail,,
159361,A500ETF易方达,92734499,14739387,,2026-07-29,SZSE,margin_detail,,
159363,创业板人工智能ETF华宝,123804777,27728495,,2026-07-29,SZSE,margin_detail,,
159368,创业板新能源ETF华夏,4373922,3950687,,2026-07-29,SZSE,margin_detail,,
159369,创业板50ETF易方达,6474381,3468045,,2026-07-29,SZSE,margin_detail,,
159378,通用航空ETF永赢,11454396,5453831,,2026-07-29,SZSE,margin_detail,,
159381,创业板人工智能ETF华夏,38299874,8117024,,2026-07-29,SZSE,margin_detail,,
159382,创业板人工智能ETF南方,13793819,5449027,,2026-07-29,SZSE,margin_detail,,
159387,创业板新能源ETF国泰,4835536,2145233,,2026-07-29,SZSE,margin_detail,,
159388,创业板人工智能ETF国泰,14462285,3608475,,2026-07-29,SZSE,margin_detail,,
159399,现金流ETF国泰,101937204,4319220,,2026-07-29,SZSE,margin_detail,,
159501,纳指ETF嘉实,302317845,4359977,,2026-07-29,SZSE,margin_detail,,
159502,标普生物科技ETF嘉实,45718785,10394002,,2026-07-29,SZSE,margin_detail,,
159506,港股通创新药医疗ETF富国,40375975,16177400,,2026-07-29,SZSE,margin_detail,,
159507,通信ETF广发,4041114,2601661,,2026-07-29,SZSE,margin_detail,,
159509,纳指科技ETF景顺,1350858012,120596945,,2026-07-29,SZSE,margin_detail,,
159513,纳斯达克100ETF大成,63721989,16431206,,2026-07-29,SZSE,margin_detail,,
159516,半导体设备ETF国泰,1906392408,410568012,,2026-07-29,SZSE,margin_detail,,
159518,标普油气ETF嘉实,64566924,73919160,,2026-07-29,SZSE,margin_detail,,
159525,红利低波ETF富国,226438,321931,,2026-07-29,SZSE,margin_detail,,
159526,机器人ETF嘉实,7267692,1285840,,2026-07-29,SZSE,margin_detail,,
159529,标普消费ETF景顺,14623517,2371277,,2026-07-29,SZSE,margin_detail,,
159530,机器人ETF易方达,720248551,55970663,,2026-07-29,SZSE,margin_detail,,
159531,中证2000ETF南方,59163847,15704039,,2026-07-29,SZSE,margin_detail,,
159545,恒生红利低波ETF易方达,42606285,2927977,,2026-07-29,SZSE,margin_detail,,
159546,集成电路ETF国泰,3691340,3576605,,2026-07-29,SZSE,margin_detail,,
159547,红利低波ETF华夏,15908121,6714614,,2026-07-29,SZSE,margin_detail,,
159549,红利低波ETF天弘,226217,86706,,2026-07-29,SZSE,margin_detail,,
159552,中证2000增强ETF招商,32281163,8278383,,2026-07-29,SZSE,margin_detail,,
159558,半导体设备ETF易方达,656845898,176351546,,2026-07-29,SZSE,margin_detail,,
159559,机器人ETF景顺,97896319,5536539,,2026-07-29,SZSE,margin_detail,,
159561,德国ETF嘉实,22468379,3133205,,2026-07-29,SZSE,margin_detail,,
159562,黄金股ETF华夏,65690234,13548619,,2026-07-29,SZSE,margin_detail,,
159566,储能电池ETF易方达,107824859,20444944,,2026-07-29,SZSE,margin_detail,,
159567,港股创新药ETF银华,242086635,40090220,,2026-07-29,SZSE,margin_detail,,
159570,港股通创新药ETF汇添富,416637290,85518118,,2026-07-29,SZSE,margin_detail,,
159577,美国50ETF汇添富,76307732,10896204,,2026-07-29,SZSE,margin_detail,,
159581,红利ETF万家,9356633,1606339,,2026-07-29,SZSE,margin_detail,,
159582,半导体ETF博时,34482610,5899116,,2026-07-29,SZSE,margin_detail,,
159583,通信ETF富国,145821627,27086461,,2026-07-29,SZSE,margin_detail,,
159588,石油ETF景顺,1383522,762525,,2026-07-29,SZSE,margin_detail,,
159590,软件ETF汇添富,15297250,4142549,,2026-07-29,SZSE,margin_detail,,
159592,A50ETF银华,1840283,400674,,2026-07-29,SZSE,margin_detail,,
159593,中证A50ETF平安,2456104,975018,,2026-07-29,SZSE,margin_detail,,
159595,中证A50ETF大成,1845991,6811425,,2026-07-29,SZSE,margin_detail,,
159597,创业板成长ETF易方达,2028637,1164238,,2026-07-29,SZSE,margin_detail,,
159599,芯片ETF东财,75463639,15687489,,2026-07-29,SZSE,margin_detail,,
159600,科创债ETF嘉实,737875,1927877,,2026-07-29,SZSE,margin_detail,,
159601,A50ETF华夏,7373607,2122792,,2026-07-29,SZSE,margin_detail,,
159603,科创创业ETF天弘,9466065,3199766,,2026-07-29,SZSE,margin_detail,,
159605,中概互联ETF广发,333540166,25514164,,2026-07-29,SZSE,margin_detail,,
159607,中概互联网ETF嘉实,80579189,7638208,,2026-07-29,SZSE,margin_detail,,
159608,稀有金属ETF广发,28712764,3054967,,2026-07-29,SZSE,margin_detail,,
159611,电力ETF广发,147350500,24634286,,2026-07-29,SZSE,margin_detail,,
159612,标普500ETF国泰,2857301,217944,,2026-07-29,SZSE,margin_detail,,
159615,恒生生物科技ETF南方,6891545,1234601,,2026-07-29,SZSE,margin_detail,,
159622,创新药ETF东财,60443875,5369473,,2026-07-29,SZSE,margin_detail,,
159625,绿色电力ETF嘉实,11516558,6888390,,2026-07-29,SZSE,margin_detail,,
159628,国证2000ETF万家,8508684,1464594,,2026-07-29,SZSE,margin_detail,,
159629,中证1000ETF富国,68905333,8220921,,2026-07-29,SZSE,margin_detail,,
159632,纳斯达克ETF华安,287195055,89110153,,2026-07-29,SZSE,margin_detail,,
159633,中证1000ETF易方达,39255292,14089963,,2026-07-29,SZSE,margin_detail,,
159636,港股通科技30ETF工银,79847713,26409467,,2026-07-29,SZSE,margin_detail,,
159637,新能源车ETF东财,3187635,1730270,,2026-07-29,SZSE,margin_detail,,
159638,高端装备ETF嘉实,28053712,8473112,,2026-07-29,SZSE,margin_detail,,
159647,中药ETF鹏华,20246332,2640840,,2026-07-29,SZSE,margin_detail,,
159649,国开债ETF华安,299491241,22026,,2026-07-29,SZSE,margin_detail,,
159650,国开债ETF博时,55934963,2286358,,2026-07-29,SZSE,margin_detail,,
159652,有色ETF汇添富,61848902,4137863,,2026-07-29,SZSE,margin_detail,,
159655,标普500ETF华夏,26189260,3882680,,2026-07-29,SZSE,margin_detail,,
159659,纳斯达克100ETF招商,436327946,54739616,,2026-07-29,SZSE,margin_detail,,
159660,纳指ETF汇添富,108826008,11019735,,2026-07-29,SZSE,margin_detail,,
159663,机床ETF华夏,1344373,2050280,,2026-07-29,SZSE,margin_detail,,
159665,半导体龙头ETF工银,5070880,5299567,,2026-07-29,SZSE,margin_detail,,
159667,工业母机ETF国泰,47442221,8990017,,2026-07-29,SZSE,margin_detail,,
159671,稀有金属ETF工银,4910364,757691,,2026-07-29,SZSE,margin_detail,,
159673,沪深300ETF鹏华,4430371,4694136,,2026-07-29,SZSE,margin_detail,,
159680,中证1000增强ETF招商,90277399,7084560,,2026-07-29,SZSE,margin_detail,,
159681,创业板50ETF鹏华,24859923,5701267,,2026-07-29,SZSE,margin_detail,,
159682,创业板50ETF景顺,67379596,28193675,,2026-07-29,SZSE,margin_detail,,
159687,亚太精选ETF南方,77348748,18626996,,2026-07-29,SZSE,margin_detail,,
159688,恒生互联网ETF华安,58421912,4194974,,2026-07-29,SZSE,margin_detail,,
159690,有色矿业ETF招商,2980012,1508934,,2026-07-29,SZSE,margin_detail,,
159691,港股红利ETF工银,14221869,11327335,,2026-07-29,SZSE,margin_detail,,
159692,证券ETF东财,80391780,15431340,,2026-07-29,SZSE,margin_detail,,
159695,通信ETF嘉实,4702513,1938455,,2026-07-29,SZSE,margin_detail,,
159696,纳指ETF易方达,87132869,4522635,,2026-07-29,SZSE,margin_detail,,
159697,石油ETF鹏华,5701474,3867192,,2026-07-29,SZSE,margin_detail,,
159698,粮食ETF鹏华,16258337,2926842,,2026-07-29,SZSE,margin_detail,,
159713,稀土ETF富国,10245286,1607761,,2026-07-29,SZSE,margin_detail,,
159715,稀土ETF易方达,6287981,4961802,,2026-07-29,SZSE,margin_detail,,
159731,石化ETF华夏,5700618,409076,,2026-07-29,SZSE,margin_detail,,
159732,消费电子ETF华夏,56171356,10871378,,2026-07-29,SZSE,margin_detail,,
159736,食品饮料ETF天弘,10254805,1022185,,2026-07-29,SZSE,margin_detail,,
159740,恒生科技ETF大成,534942401,67608382,,2026-07-29,SZSE,margin_detail,,
159741,恒生科技ETF嘉实,30308285,7092531,,2026-07-29,SZSE,margin_detail,,
159742,恒生科技ETF博时,195611675,8608953,,2026-07-29,SZSE,margin_detail,,
159745,建材ETF国泰,13260587,1261857,,2026-07-29,SZSE,margin_detail,,
159748,创新药ETF富国,52285192,1912034,,2026-07-29,SZSE,margin_detail,,
159750,港股科技50ETF招商,18100771,1521462,,2026-07-29,SZSE,margin_detail,,
159751,港股通科技ETF鹏华,22324908,1563961,,2026-07-29,SZSE,margin_detail,,
159755,电池ETF广发,150487373,12181232,,2026-07-29,SZSE,margin_detail,,
159758,红利质量ETF华夏,11489193,4688872,,2026-07-29,SZSE,margin_detail,,
159766,旅游ETF富国,124060349,14704293,,2026-07-29,SZSE,margin_detail,,
159770,机器人ETF天弘,125912441,6154518,,2026-07-29,SZSE,margin_detail,,
159775,电池ETF建信,368210,208479,,2026-07-29,SZSE,margin_detail,,
159780,科创创业50ETF南方,31610311,7624616,,2026-07-29,SZSE,margin_detail,,
159781,科创创业ETF易方达,221722448,66142089,,2026-07-29,SZSE,margin_detail,,
159782,双创50ETF银华,19018144,3446312,,2026-07-29,SZSE,margin_detail,,
159783,科创创业50ETF华夏,45755608,16861203,,2026-07-29,SZSE,margin_detail,,
159790,碳中和ETF华夏,7674331,4270401,,2026-07-29,SZSE,margin_detail,,
159792,港股通互联网ETF富国,754108408,290693322,,2026-07-29,SZSE,margin_detail,,
159796,电池ETF汇添富,52066092,10250060,,2026-07-29,SZSE,margin_detail,,
159801,芯片ETF广发,120300565,13145853,,2026-07-29,SZSE,margin_detail,,
159806,新能源车ETF国泰,3295648,649909,,2026-07-29,SZSE,margin_detail,,
159807,科技ETF易方达,8452387,2709600,,2026-07-29,SZSE,margin_detail,,
159812,黄金ETF前海开源,861443,176417,,2026-07-29,SZSE,margin_detail,,
159813,半导体ETF鹏华,138027271,18114419,,2026-07-29,SZSE,margin_detail,,
159819,人工智能ETF易方达,301376264,45666350,,2026-07-29,SZSE,margin_detail,,
159820,中证500ETF天弘,2230718,578895,,2026-07-29,SZSE,margin_detail,,
159825,农业ETF富国,35203426,1921277,,2026-07-29,SZSE,margin_detail,,
159828,医疗ETF国泰,62150164,4841197,,2026-07-29,SZSE,margin_detail,,
159830,金ETF天弘,2279374,2175305,,2026-07-29,SZSE,margin_detail,,
159831,金ETF嘉实,862220,260799,,2026-07-29,SZSE,margin_detail,,
159834,金ETF南方,1672426,1328762,,2026-07-29,SZSE,margin_detail,,
159837,生物科技ETF易方达,36113121,4225849,,2026-07-29,SZSE,margin_detail,,
159839,生物医药ETF汇添富,57200308,2994985,,2026-07-29,SZSE,margin_detail,,
159840,锂电池ETF工银,24975246,2617603,,2026-07-29,SZSE,margin_detail,,
159841,证券ETF天弘,407946951,26458777,,2026-07-29,SZSE,margin_detail,,
159842,券商ETF银华,375843811,22354667,,2026-07-29,SZSE,margin_detail,,
159845,中证1000ETF华夏,109601259,100604292,,2026-07-29,SZSE,margin_detail,,
159847,医疗ETF易方达,17424500,3553871,,2026-07-29,SZSE,margin_detail,,
159851,金融科技ETF华宝,311481192,7253785,,2026-07-29,SZSE,margin_detail,,
159852,软件ETF嘉实,443616644,22619377,,2026-07-29,SZSE,margin_detail,,
159857,光伏ETF天弘,37480459,4753202,,2026-07-29,SZSE,margin_detail,,
159858,创新药ETF南方,5767790,3904931,,2026-07-29,SZSE,margin_detail,,
159859,生物医药ETF天弘,194071976,13205126,,2026-07-29,SZSE,margin_detail,,
159865,养殖ETF国泰,175980354,6380429,,2026-07-29,SZSE,margin_detail,,
159866,日经ETF工银,73910366,29024187,,2026-07-29,SZSE,margin_detail,,
159867,养殖ETF鹏华,19010707,755544,,2026-07-29,SZSE,margin_detail,,
159869,游戏ETF华夏,290216852,22949716,,2026-07-29,SZSE,margin_detail,,
159870,化工ETF鹏华,206905880,17570547,,2026-07-29,SZSE,margin_detail,,
159871,有色ETF银华,4794792,405494,,2026-07-29,SZSE,margin_detail,,
159875,新能源ETF嘉实,22695909,2396646,,2026-07-29,SZSE,margin_detail,,
159876,有色ETF华宝,33239689,895823,,2026-07-29,SZSE,margin_detail,,
159880,有色ETF鹏华,15133028,2773933,,2026-07-29,SZSE,margin_detail,,
159883,医疗器械ETF永赢,222858484,11180333,,2026-07-29,SZSE,margin_detail,,
159887,银行ETF富国,10196178,10672165,,2026-07-29,SZSE,margin_detail,,
159892,恒生医药ETF华夏,103616575,23018822,,2026-07-29,SZSE,margin_detail,,
159899,软件ETF招商,7925071,2693353,,2026-07-29,SZSE,margin_detail,,
159901,深证100ETF易方达,174101530,4676082,,2026-07-29,SZSE,margin_detail,,
159903,深成ETF南方,29208283,8078502,,2026-07-29,SZSE,margin_detail,,
159905,红利ETF工银,8683131,3259684,,2026-07-29,SZSE,margin_detail,,
159908,创业板ETF博时,3631661,1066884,,2026-07-29,SZSE,margin_detail,,
159909,TMT50ETF招商,2526605,428425,,2026-07-29,SZSE,margin_detail,,
159915,创业板ETF易方达,1854475663,1039086189,,2026-07-29,SZSE,margin_detail,,
159919,沪深300ETF嘉实,777376813,26629160,,2026-07-29,SZSE,margin_detail,,
159920,恒生ETF华夏,2552811500,52162026,,2026-07-29,SZSE,margin_detail,,
159922,中证500ETF嘉实,127904960,30243432,,2026-07-29,SZSE,margin_detail,,
159925,沪深300ETF南方,6986853,6197669,,2026-07-29,SZSE,margin_detail,,
159928,消费ETF汇添富,399817054,16463925,,2026-07-29,SZSE,margin_detail,,
159929,医药ETF汇添富,57500387,4228384,,2026-07-29,SZSE,margin_detail,,
159930,能源ETF汇添富,5513576,5306207,,2026-07-29,SZSE,margin_detail,,
159934,黄金ETF易方达,3309903824,31106507,,2026-07-29,SZSE,margin_detail,,
159937,黄金ETF博时,2496301880,16557806,,2026-07-29,SZSE,margin_detail,,
159938,医药ETF广发,35920993,3422173,,2026-07-29,SZSE,margin_detail,,
159939,信息技术ETF广发,4450920,1700084,,2026-07-29,SZSE,margin_detail,,
159940,金融地产ETF广发,844269,0,,2026-07-29,SZSE,margin_detail,,
159941,纳指ETF广发,1258106990,327615678,,2026-07-29,SZSE,margin_detail,,
159948,创业板ETF南方,14863272,4992232,,2026-07-29,SZSE,margin_detail,,
159949,创业板50ETF华安,767988665,309418167,,2026-07-29,SZSE,margin_detail,,
159952,创业板ETF广发,124291230,84360735,,2026-07-29,SZSE,margin_detail,,
159957,创业板ETF华夏,54495940,25118801,,2026-07-29,SZSE,margin_detail,,
159958,创业板ETF工银,1183328,437006,,2026-07-29,SZSE,margin_detail,,
159967,创业板成长ETF华夏,202961426,67729955,,2026-07-29,SZSE,margin_detail,,
159971,创业板ETF富国,24984631,13814017,,2026-07-29,SZSE,margin_detail,,
159977,创业板ETF天弘,21175446,10189860,,2026-07-29,SZSE,margin_detail,,
159992,创新药ETF银华,703431696,95623033,,2026-07-29,SZSE,margin_detail,,
159993,证券ETF鹏华,155744099,5722537,,2026-07-29,SZSE,margin_detail,,
159994,通信ETF银华,52058094,16290029,,2026-07-29,SZSE,margin_detail,,
159995,芯片ETF华夏,766540832,84628332,,2026-07-29,SZSE,margin_detail,,
159996,家电ETF国泰,5859330,2484544,,2026-07-29,SZSE,margin_detail,,
159997,电子ETF天弘,16453252,4495649,,2026-07-29,SZSE,margin_detail,,
159998,计算机ETF天弘,16308668,2053625,,2026-07-29,SZSE,margin_detail,,
300001,特锐德,1130655809,76312084,,2026-07-29,SZSE,margin_detail,,
300002,神州泰岳,1405690030,19884722,,2026-07-29,SZSE,margin_detail,,
300003,乐普医疗,1203067553,39219201,,2026-07-29,SZSE,margin_detail,,
300005,探路者,698853783,49619393,,2026-07-29,SZSE,margin_detail,,
300006,莱美药业,295886939,16877293,,2026-07-29,SZSE,margin_detail,,
300007,汉威科技,738437988,34755103,,2026-07-29,SZSE,margin_detail,,
300008,天海防务,603276687,37429853,,2026-07-29,SZSE,margin_detail,,
300009,安科生物,549205693,9499796,,2026-07-29,SZSE,margin_detail,,
300012,华测检测,536895214,42275190,,2026-07-29,SZSE,margin_detail,,
300014,亿纬锂能,5138781893,136885627,,2026-07-29,SZSE,margin_detail,,
300015,爱尔眼科,1939972434,29105704,,2026-07-29,SZSE,margin_detail,,
300017,网宿科技,2362787576,82336618,,2026-07-29,SZSE,margin_detail,,
300018,中元股份,405403428,11966250,,2026-07-29,SZSE,margin_detail,,
300019,硅宝科技,290313430,5126078,,2026-07-29,SZSE,margin_detail,,
300024,机器人,1058911498,21133419,,2026-07-29,SZSE,margin_detail,,
300025,华星创业,258364721,6950092,,2026-07-29,SZSE,margin_detail,,
300026,红日药业,500562417,29872046,,2026-07-29,SZSE,margin_detail,,
300031,宝通科技,765007029,16821482,,2026-07-29,SZSE,margin_detail,,
300033,同花顺,5549980841,168408519,,2026-07-29,SZSE,margin_detail,,
300034,钢研高纳,633682472,10789016,,2026-07-29,SZSE,margin_detail,,
300035,中科电气,734462239,16588519,,2026-07-29,SZSE,margin_detail,,
300036,超图软件,482221918,5712836,,2026-07-29,SZSE,margin_detail,,
300037,新宙邦,893770159,72409548,,2026-07-29,SZSE,margin_detail,,
300039,上海凯宝,269895151,43571155,,2026-07-29,SZSE,margin_detail,,
300041,回天新材,486263242,26490954,,2026-07-29,SZSE,margin_detail,,
300042,朗科科技,579532577,45196563,,2026-07-29,SZSE,margin_detail,,
300045,华力创通,605159512,33721636,,2026-07-29,SZSE,margin_detail,,
300046,台基股份,385751902,7204872,,2026-07-29,SZSE,margin_detail,,
300047,天源迪科,308774378,9699896,,2026-07-29,SZSE,margin_detail,,
300048,合康新能,251754748,3942430,,2026-07-29,SZSE,margin_detail,,
300049,福瑞医科,821086255,35621200,,2026-07-29,SZSE,margin_detail,,
300053,航宇微,556673300,9474836,,2026-07-29,SZSE,margin_detail,,
300054,鼎龙股份,2099787557,283829320,,2026-07-29,SZSE,margin_detail,,
300055,万邦达,212500485,7650113,,2026-07-29,SZSE,margin_detail,,
300057,万顺新材,431286449,16237117,,2026-07-29,SZSE,margin_detail,,
300058,蓝色光标,3479379142,202794347,,2026-07-29,SZSE,margin_detail,,
300059,东方财富,23604552739,324506118,,2026-07-29,SZSE,margin_detail,,
300061,旗天科技,194033679,8035935,,2026-07-29,SZSE,margin_detail,,
300065,海兰信,856675312,41440692,,2026-07-29,SZSE,margin_detail,,
300066,三川智慧,221201043,2392192,,2026-07-29,SZSE,margin_detail,,
300067,安诺其,385630003,38450333,,2026-07-29,SZSE,margin_detail,,
300070,碧水源,757741770,8408060,,2026-07-29,SZSE,margin_detail,,
300072,海新能科,421841816,4766158,,2026-07-29,SZSE,margin_detail,,
300073,当升科技,1259237502,40674612,,2026-07-29,SZSE,margin_detail,,
300075,数字政通,430827888,9316460,,2026-07-29,SZSE,margin_detail,,
300077,国民技术,1121272265,35609000,,2026-07-29,SZSE,margin_detail,,
300078,思创智联,119173554,6229777,,2026-07-29,SZSE,margin_detail,,
300079,数码视讯,584130663,13564638,,2026-07-29,SZSE,margin_detail,,
300080,易成新能,259249420,5088432,,2026-07-29,SZSE,margin_detail,,
300082,奥克股份,158333181,6479032,,2026-07-29,SZSE,margin_detail,,
300083,创世纪,1555211656,81350272,,2026-07-29,SZSE,margin_detail,,
300085,银之杰,1215277911,46027796,,2026-07-29,SZSE,margin_detail,,
300088,长信科技,1464731292,86948068,,2026-07-29,SZSE,margin_detail,,
300094,国联水产,146591800,5382883,,2026-07-29,SZSE,margin_detail,,
300098,高新兴,426399614,10198931,,2026-07-29,SZSE,margin_detail,,
300099,尤洛卡,304831461,8297570,,2026-07-29,SZSE,margin_detail,,
300100,双林股份,701076389,18446948,,2026-07-29,SZSE,margin_detail,,
300101,振芯科技,587115620,5501702,,2026-07-29,SZSE,margin_detail,,
300102,乾照光电,93568383,21692300,,2026-07-29,SZSE,margin_detail,,
300109,新开源,699095138,13060203,,2026-07-29,SZSE,margin_detail,,
300110,华仁药业,249632105,3442812,,2026-07-29,SZSE,margin_detail,,
300113,顺网科技,774474391,24753489,,2026-07-29,SZSE,margin_detail,,
300115,长盈精密,2206889483,50218550,,2026-07-29,SZSE,margin_detail,,
300118,东方日升,589849788,14358558,,2026-07-29,SZSE,margin_detail,,
300122,智飞生物,986246669,9123324,,2026-07-29,SZSE,margin_detail,,
300124,汇川技术,2893668255,61613422,,2026-07-29,SZSE,margin_detail,,
300128,锦富技术,405293892,6408847,,2026-07-29,SZSE,margin_detail,,
300129,泰胜风能,638475675,7951596,,2026-07-29,SZSE,margin_detail,,
300130,新国都,806399455,12768913,,2026-07-29,SZSE,margin_detail,,
300131,英唐智控,1681361102,34125799,,2026-07-29,SZSE,margin_detail,,
300133,华策影视,1002815331,33212724,,2026-07-29,SZSE,margin_detail,,
300134,大富科技,212576203,6532495,,2026-07-29,SZSE,margin_detail,,
300136,信维通信,5031464357,236906686,,2026-07-29,SZSE,margin_detail,,
300139,晓程科技,749822152,78713396,,2026-07-29,SZSE,margin_detail,,
300142,沃森生物,1479470653,55087408,,2026-07-29,SZSE,margin_detail,,
300143,盈康生命,252981940,13679729,,2026-07-29,SZSE,margin_detail,,
300144,宋城演艺,827017391,16956343,,2026-07-29,SZSE,margin_detail,,
300145,南方泵业,555965358,25796859,,2026-07-29,SZSE,margin_detail,,
300146,汤臣倍健,803532714,14838604,,2026-07-29,SZSE,margin_detail,,
300149,睿智医药,179068078,22232470,,2026-07-29,SZSE,margin_detail,,
300151,昌红科技,568243110,15853074,,2026-07-29,SZSE,margin_detail,,
300153,科泰电源,262144930,9505187,,2026-07-29,SZSE,margin_detail,,
300157,新锦动力,147989638,10931406,,2026-07-29,SZSE,margin_detail,,
300158,振东制药,346011099,4907645,,2026-07-29,SZSE,margin_detail,,
300166,东方国信,959825192,32941947,,2026-07-29,SZSE,margin_detail,,
300168,万达信息,617007037,12498685,,2026-07-29,SZSE,margin_detail,,
300170,汉得信息,1323467940,39441186,,2026-07-29,SZSE,margin_detail,,
300171,东富龙,247415788,6417963,,2026-07-29,SZSE,margin_detail,,
300174,元力股份,593425328,20823353,,2026-07-29,SZSE,margin_detail,,
300177,中海达,339751017,4569000,,2026-07-29,SZSE,margin_detail,,
300179,四方达,923117231,73989166,,2026-07-29,SZSE,margin_detail,,
300180,华峰超纤,487588846,9625966,,2026-07-29,SZSE,margin_detail,,
300181,佐力药业,588382379,14731047,,2026-07-29,SZSE,margin_detail,,
300182,捷成股份,1217037676,15300686,,2026-07-29,SZSE,margin_detail,,
300183,东软载波,200727217,2767886,,2026-07-29,SZSE,margin_detail,,
300184,力源信息,1215302763,63874033,,2026-07-29,SZSE,margin_detail,,
300185,通裕重工,417138138,13044273,,2026-07-29,SZSE,margin_detail,,
300188,国投智能,383151682,11693848,,2026-07-29,SZSE,margin_detail,,
300189,神农种业,182879115,17480363,,2026-07-29,SZSE,margin_detail,,
300191,潜能恒信,388242483,67364414,,2026-07-29,SZSE,margin_detail,,
300194,福安药业,327411386,5464497,,2026-07-29,SZSE,margin_detail,,
300197,节能铁汉,162355750,15648034,,2026-07-29,SZSE,margin_detail,,
300199,翰宇药业,1514068376,58445242,,2026-07-29,SZSE,margin_detail,,
300201,海伦哲,201968494,31821282,,2026-07-29,SZSE,margin_detail,,
300203,聚光科技,356997733,7591511,,2026-07-29,SZSE,margin_detail,,
300204,舒泰神,305489130,31209181,,2026-07-29,SZSE,margin_detail,,
300207,欣旺达,1764022412,98257253,,2026-07-29,SZSE,margin_detail,,
300217,东方电热,424214935,8025165,,2026-07-29,SZSE,margin_detail,,
300219,鸿利智汇,256277902,14744187,,2026-07-29,SZSE,margin_detail,,
300222,科大智能,447527802,19311014,,2026-07-29,SZSE,margin_detail,,
300223,北京君正,2978020846,476129232,,2026-07-29,SZSE,margin_detail,,
300224,正海磁材,494378407,6214818,,2026-07-29,SZSE,margin_detail,,
300226,上海钢联,498492862,8120241,,2026-07-29,SZSE,margin_detail,,
300229,拓尔思,1037533643,13015424,,2026-07-29,SZSE,margin_detail,,
300232,洲明科技,490610551,13996495,,2026-07-29,SZSE,margin_detail,,
300233,金城医药,312257308,6986777,,2026-07-29,SZSE,margin_detail,,
300236,上海新阳,1241346703,69110888,,2026-07-29,SZSE,margin_detail,,
300244,迪安诊断,719864597,25442664,,2026-07-29,SZSE,margin_detail,,
300249,依米康,367313978,10452495,,2026-07-29,SZSE,margin_detail,,
300251,光线传媒,1272874113,27476767,,2026-07-29,SZSE,margin_detail,,
300253,卫宁健康,1037715112,18124514,,2026-07-29,SZSE,margin_detail,,
300255,常山药业,1318926814,53560458,,2026-07-29,SZSE,margin_detail,,
300257,开山股份,787249061,10620300,,2026-07-29,SZSE,margin_detail,,
300258,精锻科技,356790078,6420691,,2026-07-29,SZSE,margin_detail,,
300260,新莱应材,762147563,331688547,,2026-07-29,SZSE,margin_detail,,
300261,雅本化学,179685442,24732777,,2026-07-29,SZSE,margin_detail,,
300263,隆华科技,754712859,39874437,,2026-07-29,SZSE,margin_detail,,
300265,通光线缆,254411601,23017505,,2026-07-29,SZSE,margin_detail,,
300266,兴源环境,175049128,3326563,,2026-07-29,SZSE,margin_detail,,
300267,尔康制药,344602384,8750158,,2026-07-29,SZSE,margin_detail,,
300271,华宇软件,338937158,12873377,,2026-07-29,SZSE,margin_detail,,
300274,阳光电源,8515530839,407045208,,2026-07-29,SZSE,margin_detail,,
300276,三丰智能,267227665,7118638,,2026-07-29,SZSE,margin_detail,,
300278,华昌达,258710246,7055390,,2026-07-29,SZSE,margin_detail,,
300284,苏交科,281297219,4507700,,2026-07-29,SZSE,margin_detail,,
300285,国瓷材料,3236058291,626095759,,2026-07-29,SZSE,margin_detail,,
300287,飞利信,253910751,6291100,,2026-07-29,SZSE,margin_detail,,
300294,博雅生物,466476782,6634447,,2026-07-29,SZSE,margin_detail,,
300296,利亚德,1065221806,17078753,,2026-07-29,SZSE,margin_detail,,
300298,三诺生物,241192370,7926404,,2026-07-29,SZSE,margin_detail,,
300299,富春股份,240299885,12386735,,2026-07-29,SZSE,margin_detail,,
300300,海峡创新,125163695,16909307,,2026-07-29,SZSE,margin_detail,,
300302,同有科技,860371505,51076906,,2026-07-29,SZSE,margin_detail,,
300303,聚飞光电,1131711521,42432609,,2026-07-29,SZSE,margin_detail,,
300308,中际旭创,36500634164,5935939900,,2026-07-29,SZSE,margin_detail,,
300310,宜通世纪,242641134,5644181,,2026-07-29,SZSE,margin_detail,,
300315,掌趣科技,973637304,15387687,,2026-07-29,SZSE,margin_detail,,
300316,晶盛机电,1328163243,35797784,,2026-07-29,SZSE,margin_detail,,
300319,麦捷科技,952386532,93870920,,2026-07-29,SZSE,margin_detail,,
300320,海达股份,311079975,2768240,,2026-07-29,SZSE,margin_detail,,
300322,硕贝德,621177664,18352014,,2026-07-29,SZSE,margin_detail,,
300323,华灿光电,1397889573,55196010,,2026-07-29,SZSE,margin_detail,,
300324,旋极信息,446582459,8275240,,2026-07-29,SZSE,margin_detail,,
300327,中颖电子,438097288,18752861,,2026-07-29,SZSE,margin_detail,,
300328,宜安科技,643583845,39973542,,2026-07-29,SZSE,margin_detail,,
300331,苏大维格,740444718,81389924,,2026-07-29,SZSE,margin_detail,,
300332,天壕能源,194704118,7086773,,2026-07-29,SZSE,margin_detail,,
300333,兆日科技,155034540,5453781,,2026-07-29,SZSE,margin_detail,,
300337,银邦股份,455850952,9833500,,2026-07-29,SZSE,margin_detail,,
300339,润和软件,2077242166,39018761,,2026-07-29,SZSE,margin_detail,,
300342,天银机电,1091705242,19527732,,2026-07-29,SZSE,margin_detail,,
300346,南大光电,2564501720,412356079,,2026-07-29,SZSE,margin_detail,,
300347,泰格医药,791392354,71034514,,2026-07-29,SZSE,margin_detail,,
300348,长亮科技,489105318,13673671,,2026-07-29,SZSE,margin_detail,,
300349,金卡智能,363820365,3390691,,2026-07-29,SZSE,margin_detail,,
300351,永贵电器,335996253,10846102,,2026-07-29,SZSE,margin_detail,,
300353,东土科技,1044533039,11882147,,2026-07-29,SZSE,margin_detail,,
300355,蒙草生态,374191149,6594277,,2026-07-29,SZSE,margin_detail,,
300357,我武生物,501955944,15078929,,2026-07-29,SZSE,margin_detail,,
300358,楚天科技,307510245,35525464,,2026-07-29,SZSE,margin_detail,,
300360,炬华科技,308073287,2804006,,2026-07-29,SZSE,margin_detail,,
300363,博腾股份,379198330,24347763,,2026-07-29,SZSE,margin_detail,,
300364,中文在线,908032348,93566759,,2026-07-29,SZSE,margin_detail,,
300369,绿盟科技,278797815,54730580,,2026-07-29,SZSE,margin_detail,,
300373,扬杰科技,1550798930,177626734,,2026-07-29,SZSE,margin_detail,,
300377,赢时胜,743183480,22002536,,2026-07-29,SZSE,margin_detail,,
300378,鼎捷数智,608421015,11395263,,2026-07-29,SZSE,margin_detail,,
300382,斯莱克,571798189,28726487,,2026-07-29,SZSE,margin_detail,,
300383,光环新网,1421231088,52660801,,2026-07-29,SZSE,margin_detail,,
300390,天华新能,2237956192,164214331,,2026-07-29,SZSE,margin_detail,,
300393,中来股份,542661760,3732917,,2026-07-29,SZSE,margin_detail,,
300394,天孚通信,7513696896,488734110,,2026-07-29,SZSE,margin_detail,,
300395,菲利华,2976481315,100353799,,2026-07-29,SZSE,margin_detail,,
300397,天和防务,290101744,15016506,,2026-07-29,SZSE,margin_detail,,
300398,飞凯材料,1585623797,139384246,,2026-07-29,SZSE,margin_detail,,
300401,花园生物,410813168,33458231,,2026-07-29,SZSE,margin_detail,,
300403,汉宇集团,375214437,6187007,,2026-07-29,SZSE,margin_detail,,
300406,九强生物,187937456,2555222,,2026-07-29,SZSE,margin_detail,,
300408,三环集团,3627452820,572166869,,2026-07-29,SZSE,margin_detail,,
300409,道氏技术,985723812,31002292,,2026-07-29,SZSE,margin_detail,,
300413,芒果超媒,783022433,14085386,,2026-07-29,SZSE,margin_detail,,
300414,中光防雷,136953299,26103801,,2026-07-29,SZSE,margin_detail,,
300415,伊之密,362447439,5119522,,2026-07-29,SZSE,margin_detail,,
300416,苏试试验,527385624,23371185,,2026-07-29,SZSE,margin_detail,,
300418,昆仑万维,3483585240,150706408,,2026-07-29,SZSE,margin_detail,,
300428,立中集团,320985550,8775572,,2026-07-29,SZSE,margin_detail,,
300429,强力新材,350489000,35382001,,2026-07-29,SZSE,margin_detail,,
300432,富临精工,501154676,17803322,,2026-07-29,SZSE,margin_detail,,
300433,蓝思科技,6870773650,377429173,,2026-07-29,SZSE,margin_detail,,
300436,广生堂,461672447,48413382,,2026-07-29,SZSE,margin_detail,,
300437,清水源,65573130,4043467,,2026-07-29,SZSE,margin_detail,,
300438,鹏辉能源,792050665,80230560,,2026-07-29,SZSE,margin_detail,,
300442,润泽科技,3525104507,98037125,,2026-07-29,SZSE,margin_detail,,
300443,金雷股份,339277508,8219918,,2026-07-29,SZSE,margin_detail,,
300450,先导智能,2993849397,105185382,,2026-07-29,SZSE,margin_detail,,
300451,创业慧康,480638429,7581114,,2026-07-29,SZSE,margin_detail,,
300454,深信服,1461424822,115993983,,2026-07-29,SZSE,margin_detail,,
300455,航天智装,478001488,4339500,,2026-07-29,SZSE,margin_detail,,
300456,赛微电子,1746454450,61799283,,2026-07-29,SZSE,margin_detail,,
300457,赢合科技,915623317,18525544,,2026-07-29,SZSE,margin_detail,,
300458,全志科技,1609094706,273304571,,2026-07-29,SZSE,margin_detail,,
300459,汤姆猫,598322741,33229226,,2026-07-29,SZSE,margin_detail,,
300463,迈克生物,241711378,2810397,,2026-07-29,SZSE,margin_detail,,
300468,四方精创,871193482,42295253,,2026-07-29,SZSE,margin_detail,,
300469,信息发展,1236747966,29937118,,2026-07-29,SZSE,margin_detail,,
300471,厚普股份,178267850,2432452,,2026-07-29,SZSE,margin_detail,,
300474,景嘉微,1284428026,14563909,,2026-07-29,SZSE,margin_detail,,
300475,香农芯创,4709970439,364986193,,2026-07-29,SZSE,margin_detail,,
300476,胜宏科技,17676476319,681559545,,2026-07-29,SZSE,margin_detail,,
300479,神思电子,195660986,5382846,,2026-07-29,SZSE,margin_detail,,
300481,濮阳惠成,314383683,12622227,,2026-07-29,SZSE,margin_detail,,
300482,万孚生物,356850056,7557882,,2026-07-29,SZSE,margin_detail,,
300484,蓝海华腾,189256096,2705521,,2026-07-29,SZSE,margin_detail,,
300487,蓝晓科技,361126142,23964646,,2026-07-29,SZSE,margin_detail,,
300492,华图山鼎,175672033,3697692,,2026-07-29,SZSE,margin_detail,,
300493,润欣科技,444103618,7727874,,2026-07-29,SZSE,margin_detail,,
300496,中科创达,1790329912,39445385,,2026-07-29,SZSE,margin_detail,,
300497,富祥股份,522264928,62126772,,2026-07-29,SZSE,margin_detail,,
300498,温氏股份,832790092,37420973,,2026-07-29,SZSE,margin_detail,,
300499,高澜股份,822349526,32644896,,2026-07-29,SZSE,margin_detail,,
300502,新易盛,24201335255,3056673175,,2026-07-29,SZSE,margin_detail,,
300503,昊志机电,831363586,60680941,,2026-07-29,SZSE,margin_detail,,
300505,川金诺,354936266,15736134,,2026-07-29,SZSE,margin_detail,,
300507,苏奥传感,444184653,2076794,,2026-07-29,SZSE,margin_detail,,
300518,新迅达,333843274,18941475,,2026-07-29,SZSE,margin_detail,,
300520,科大国创,584169035,22673616,,2026-07-29,SZSE,margin_detail,,
300525,博思软件,487474109,8112640,,2026-07-29,SZSE,margin_detail,,
300529,健帆生物,526598038,9056372,,2026-07-29,SZSE,margin_detail,,
300548,长芯博创,2257976174,220509831,,2026-07-29,SZSE,margin_detail,,
300558,贝达药业,700602614,58956277,,2026-07-29,SZSE,margin_detail,,
300563,神宇股份,228711512,6625443,,2026-07-29,SZSE,margin_detail,,
300566,激智科技,526453252,51655915,,2026-07-29,SZSE,margin_detail,,
300567,精测电子,833376212,158059375,,2026-07-29,SZSE,margin_detail,,
300568,星源材质,911173065,53082181,,2026-07-29,SZSE,margin_detail,,
300569,天能重工,337379986,3363691,,2026-07-29,SZSE,margin_detail,,
300570,太辰光,1319129719,122933395,,2026-07-29,SZSE,margin_detail,,
300573,兴齐眼药,926200831,8427337,,2026-07-29,SZSE,margin_detail,,
300576,容大感光,513229676,81364660,,2026-07-29,SZSE,margin_detail,,
300579,数字认证,163151453,7014888,,2026-07-29,SZSE,margin_detail,,
300581,晨曦航空,124492486,11299636,,2026-07-29,SZSE,margin_detail,,
300586,美联新材,387380962,15648679,,2026-07-29,SZSE,margin_detail,,
300587,天铁科技,343047899,12841034,,2026-07-29,SZSE,margin_detail,,
300589,江龙船艇,180548667,27258508,,2026-07-29,SZSE,margin_detail,,
300593,新雷能,486984174,47375283,,2026-07-29,SZSE,margin_detail,,
300595,欧普康视,483925229,8341959,,2026-07-29,SZSE,margin_detail,,
300596,利安隆,234571486,20449226,,2026-07-29,SZSE,margin_detail,,
300598,诚迈科技,390547975,5722439,,2026-07-29,SZSE,margin_detail,,
300601,康泰生物,624288960,10708386,,2026-07-29,SZSE,margin_detail,,
300602,飞荣达,664423365,48901794,,2026-07-29,SZSE,margin_detail,,
300604,长川科技,3241509030,560057786,,2026-07-29,SZSE,margin_detail,,
300607,拓斯达,505531500,61421120,,2026-07-29,SZSE,margin_detail,,
300612,宣亚国际,140747893,8920590,,2026-07-29,SZSE,margin_detail,,
300613,富瀚微,571413570,52165822,,2026-07-29,SZSE,margin_detail,,
300614,百川畅银,43525689,1640691,,2026-07-29,SZSE,margin_detail,,
300618,寒锐钴业,688365012,8026643,,2026-07-29,SZSE,margin_detail,,
300620,光库科技,1473491413,118522435,,2026-07-29,SZSE,margin_detail,,
300623,捷捷微电,898189740,27093442,,2026-07-29,SZSE,margin_detail,,
300624,万兴科技,538819009,17952789,,2026-07-29,SZSE,margin_detail,,
300627,华测导航,646206073,22496437,,2026-07-29,SZSE,margin_detail,,
300628,亿联网络,355696378,27281840,,2026-07-29,SZSE,margin_detail,,
300629,新劲刚,506095046,8289467,,2026-07-29,SZSE,margin_detail,,
300633,开立医疗,168362074,5028119,,2026-07-29,SZSE,margin_detail,,
300634,彩讯股份,582971053,7578448,,2026-07-29,SZSE,margin_detail,,
300638,广和通,832758623,44527540,,2026-07-29,SZSE,margin_detail,,
300639,凯普生物,83274611,16687334,,2026-07-29,SZSE,margin_detail,,
300641,正丹股份,315214087,6143920,,2026-07-29,SZSE,margin_detail,,
300648,星云股份,707171087,3100683,,2026-07-29,SZSE,margin_detail,,
300653,正海生物,131666998,2243061,,2026-07-29,SZSE,margin_detail,,
300655,晶瑞电材,860396252,118538455,,2026-07-29,SZSE,margin_detail,,
300657,弘信电子,1620652309,52477699,,2026-07-29,SZSE,margin_detail,,
300660,江苏雷利,512158122,15252204,,2026-07-29,SZSE,margin_detail,,
300661,圣邦股份,490138985,58492566,,2026-07-29,SZSE,margin_detail,,
300663,科蓝软件,360270291,88890075,,2026-07-29,SZSE,margin_detail,,
300666,江丰电子,1781818062,316627755,,2026-07-29,SZSE,margin_detail,,
300671,富满微,479125240,52047523,,2026-07-29,SZSE,margin_detail,,
300672,国科微,2729325339,104424722,,2026-07-29,SZSE,margin_detail,,
300674,宇信科技,815410504,20167393,,2026-07-29,SZSE,margin_detail,,
300676,华大基因,813045707,14749836,,2026-07-29,SZSE,margin_detail,,
300677,英科医疗,366012381,26422201,,2026-07-29,SZSE,margin_detail,,
300678,中科信息,298163828,36561747,,2026-07-29,SZSE,margin_detail,,
300679,电连技术,1635435101,70315046,,2026-07-29,SZSE,margin_detail,,
300681,英搏尔,430654202,15299898,,2026-07-29,SZSE,margin_detail,,
300682,朗新科技,633073742,11183614,,2026-07-29,SZSE,margin_detail,,
300684,中石科技,288217971,72350820,,2026-07-29,SZSE,margin_detail,,
300685,艾德生物,277755717,5270121,,2026-07-29,SZSE,margin_detail,,
300687,赛意信息,452295458,22675816,,2026-07-29,SZSE,margin_detail,,
300690,双一科技,177554642,4815967,,2026-07-29,SZSE,margin_detail,,
300691,联合光电,169360641,6981097,,2026-07-29,SZSE,margin_detail,,
300693,盛弘股份,414811424,20928933,,2026-07-29,SZSE,margin_detail,,
300696,爱乐达,301784532,3381199,,2026-07-29,SZSE,margin_detail,,
300699,光威复材,1005771956,13667564,,2026-07-29,SZSE,margin_detail,,
300700,岱勒新材,418975399,15275352,,2026-07-29,SZSE,margin_detail,,
300709,精研科技,573254907,36005630,,2026-07-29,SZSE,margin_detail,,
300712,永福股份,203716363,1061715,,2026-07-29,SZSE,margin_detail,,
300718,长盛轴承,609525474,35205722,,2026-07-29,SZSE,margin_detail,,
300720,海川智能,181448392,63650246,,2026-07-29,SZSE,margin_detail,,
300722,新余国科,146880159,6313180,,2026-07-29,SZSE,margin_detail,,
300723,一品红,457339167,16686950,,2026-07-29,SZSE,margin_detail,,
300724,捷佳伟创,2064745352,29387456,,2026-07-29,SZSE,margin_detail,,
300725,药石科技,632021564,54496314,,2026-07-29,SZSE,margin_detail,,
300726,宏达电子,568120653,41280788,,2026-07-29,SZSE,margin_detail,,
300735,光弘科技,960338996,22432778,,2026-07-29,SZSE,margin_detail,,
300737,科顺股份,265570688,6137277,,2026-07-29,SZSE,margin_detail,,
300738,奥飞数据,1358265866,93758203,,2026-07-29,SZSE,margin_detail,,
300739,明阳电路,442376476,12494370,,2026-07-29,SZSE,margin_detail,,
300740,水羊股份,505865875,81904952,,2026-07-29,SZSE,margin_detail,,
300741,华宝股份,99528865,2844969,,2026-07-29,SZSE,margin_detail,,
300745,欣锐科技,324637113,13310393,,2026-07-29,SZSE,margin_detail,,
300747,锐科激光,829006351,45198583,,2026-07-29,SZSE,margin_detail,,
300748,金力永磁,1224013739,25478152,,2026-07-29,SZSE,margin_detail,,
300750,宁德时代,22391915711,874935799,,2026-07-29,SZSE,margin_detail,new_energy,新能源
300751,迈为股份,1070671379,48566164,,2026-07-29,SZSE,margin_detail,,
300755,华致酒行,101026933,2663036,,2026-07-29,SZSE,margin_detail,,
300757,罗博特科,4708256573,255766691,,2026-07-29,SZSE,margin_detail,,
300759,康龙化成,859542945,133068695,,2026-07-29,SZSE,margin_detail,,
300760,迈瑞医疗,5719134912,82112141,,2026-07-29,SZSE,margin_detail,healthcare,医药医疗
300761,立华股份,190556251,5143854,,2026-07-29,SZSE,margin_detail,,
300762,上海瀚讯,1649613689,51472587,,2026-07-29,SZSE,margin_detail,,
300763,锦浪科技,801701067,52457643,,2026-07-29,SZSE,margin_detail,,
300765,石药创新,490504675,76057175,,2026-07-29,SZSE,margin_detail,,
300766,每日互动,661119919,35786153,,2026-07-29,SZSE,margin_detail,,
300767,震安科技,218764705,5517704,,2026-07-29,SZSE,margin_detail,,
300768,迪普科技,310884407,19143278,,2026-07-29,SZSE,margin_detail,,
300769,德方纳米,934055179,53881039,,2026-07-29,SZSE,margin_detail,,
300770,新媒股份,320223320,3606570,,2026-07-29,SZSE,margin_detail,,
300772,运达股份,389441328,15771562,,2026-07-29,SZSE,margin_detail,,
300773,拉卡拉,1020276974,40446258,,2026-07-29,SZSE,margin_detail,,
300774,倍杰特,80654640,3619046,,2026-07-29,SZSE,margin_detail,,
300775,三角防务,856810096,12101153,,2026-07-29,SZSE,margin_detail,,
300776,帝尔激光,772600638,72328376,,2026-07-29,SZSE,margin_detail,,
300777,中简科技,1037127577,9718555,,2026-07-29,SZSE,margin_detail,,
300779,惠城环保,1445240638,148153079,,2026-07-29,SZSE,margin_detail,,
300781,因赛集团,154231892,6764732,,2026-07-29,SZSE,margin_detail,,
300782,卓胜微,1920569264,44041622,,2026-07-29,SZSE,margin_detail,,
300784,利安科技,60530543,2143791,,2026-07-29,SZSE,margin_detail,,
300790,宇瞳光学,78151178,21158526,,2026-07-29,SZSE,margin_detail,,
300803,指南针,3447760898,69840036,,2026-07-29,SZSE,margin_detail,,
300804,广康生化,67187491,10881506,,2026-07-29,SZSE,margin_detail,,
300806,斯迪克,376407716,80774192,,2026-07-29,SZSE,margin_detail,,
300811,铂科新材,1111692658,59042009,,2026-07-29,SZSE,margin_detail,,
300814,中富电路,460264958,64710444,,2026-07-29,SZSE,margin_detail,,
300820,英杰电气,159939852,19891026,,2026-07-29,SZSE,margin_detail,,
300821,东岳硅材,528827747,70340958,,2026-07-29,SZSE,margin_detail,,
300825,阿尔特,494967511,63222668,,2026-07-29,SZSE,margin_detail,,
300827,上能电气,567542379,18505378,,2026-07-29,SZSE,margin_detail,,
300832,新产业,876042181,8112621,,2026-07-29,SZSE,margin_detail,,
300834,星辉环材,246204996,4703969,,2026-07-29,SZSE,margin_detail,,
300835,龙磁科技,224881501,22428563,,2026-07-29,SZSE,margin_detail,,
300841,康华生物,653810203,3541141,,2026-07-29,SZSE,margin_detail,,
300842,帝科股份,667068530,12293322,,2026-07-29,SZSE,margin_detail,,
300843,胜蓝股份,177310914,66225120,,2026-07-29,SZSE,margin_detail,,
300844,山水比德,70967808,777572,,2026-07-29,SZSE,margin_detail,,
300846,首都在线,784609969,26947455,,2026-07-29,SZSE,margin_detail,,
300850,新强联,509572226,68776677,,2026-07-29,SZSE,margin_detail,,
300854,中兰环保,92295058,6568188,,2026-07-29,SZSE,margin_detail,,
300855,图南股份,250694084,8564890,,2026-07-29,SZSE,margin_detail,,
300856,科思股份,134142971,2343021,,2026-07-29,SZSE,margin_detail,,
300857,协创数据,7354877620,580160034,,2026-07-29,SZSE,margin_detail,,
300860,锋尚文化,232794502,6083660,,2026-07-29,SZSE,margin_detail,,
300861,美畅股份,345605071,16653540,,2026-07-29,SZSE,margin_detail,,
300862,蓝盾光电,275003932,0,,2026-07-29,SZSE,margin_detail,,
300863,卡倍亿,423528628,19351846,,2026-07-29,SZSE,margin_detail,,
300864,南大环境,85393808,1631776,,2026-07-29,SZSE,margin_detail,,
300865,大宏立,46825297,3034719,,2026-07-29,SZSE,margin_detail,,
300866,安克创新,274679115,23756028,,2026-07-29,SZSE,margin_detail,,
300867,圣元环保,300230052,4925379,,2026-07-29,SZSE,margin_detail,,
300868,杰美特,364847597,23682752,,2026-07-29,SZSE,margin_detail,,
300869,康泰医学,122729184,2091125,,2026-07-29,SZSE,margin_detail,,
300870,欧陆通,892630640,76610743,,2026-07-29,SZSE,margin_detail,,
300871,回盛生物,198999412,8018136,,2026-07-29,SZSE,margin_detail,,
300872,天阳科技,740305663,6057429,,2026-07-29,SZSE,margin_detail,,
300873,海晨股份,135667744,16636592,,2026-07-29,SZSE,margin_detail,,
300875,捷强装备,95519842,22943765,,2026-07-29,SZSE,margin_detail,,
300876,蒙泰高新,80631121,1660735,,2026-07-29,SZSE,margin_detail,,
300877,金春股份,97885834,2289567,,2026-07-29,SZSE,margin_detail,,
300878,维康药业,68435107,6929595,,2026-07-29,SZSE,margin_detail,,
300879,大叶股份,176406740,3281343,,2026-07-29,SZSE,margin_detail,,
300880,迦南智能,154593819,4427910,,2026-07-29,SZSE,margin_detail,,
300881,盛德鑫泰,99503682,2831353,,2026-07-29,SZSE,margin_detail,,
300882,万胜智能,100439452,2852099,,2026-07-29,SZSE,margin_detail,,
300883,龙利得,153059707,3141073,,2026-07-29,SZSE,margin_detail,,
300884,狄耐克,126579927,7179975,,2026-07-29,SZSE,margin_detail,,
300885,海昌新材,176707519,5873364,,2026-07-29,SZSE,margin_detail,,
300886,华业香料,85813901,2511056,,2026-07-29,SZSE,margin_detail,,
300887,谱尼测试,93368064,12831499,,2026-07-29,SZSE,margin_detail,,
300888,稳健医疗,345332983,8605497,,2026-07-29,SZSE,margin_detail,,
300889,爱克股份,203976342,5334257,,2026-07-29,SZSE,margin_detail,,
300890,翔丰华,349584270,8330257,,2026-07-29,SZSE,margin_detail,,
300891,惠云钛业,113345644,5952383,,2026-07-29,SZSE,margin_detail,,
300892,品渥食品,43184427,11242982,,2026-07-29,SZSE,margin_detail,,
300893,松原安全,82457314,1877900,,2026-07-29,SZSE,margin_detail,,
300894,火星人,137781148,4232951,,2026-07-29,SZSE,margin_detail,,
300895,铜牛信息,318918231,17824958,,2026-07-29,SZSE,margin_detail,,
300896,爱美客,1011358484,76362986,,2026-07-29,SZSE,margin_detail,,
300897,山科智能,74136728,12077505,,2026-07-29,SZSE,margin_detail,,
300898,熊猫乳品,106435896,7270216,,2026-07-29,SZSE,margin_detail,,
300899,上海凯鑫,21901163,955509,,2026-07-29,SZSE,margin_detail,,
300900,广联航空,459690002,16482721,,2026-07-29,SZSE,margin_detail,,
300901,中胤时尚,117827294,13112869,,2026-07-29,SZSE,margin_detail,,
300902,国安达,95691397,6738126,,2026-07-29,SZSE,margin_detail,,
300903,科翔股份,3192170691,107235616,,2026-07-29,SZSE,margin_detail,,
300904,威力传动,50917139,3161480,,2026-07-29,SZSE,margin_detail,,
300905,宝丽迪,294414975,19784708,,2026-07-29,SZSE,margin_detail,,
300906,日月明,84424492,9358256,,2026-07-29,SZSE,margin_detail,,
300907,康平科技,107127385,6093700,,2026-07-29,SZSE,margin_detail,,
300908,仲景食品,88652949,8326517,,2026-07-29,SZSE,margin_detail,,
300909,汇创达,479314714,8086903,,2026-07-29,SZSE,margin_detail,,
300910,瑞丰新材,241930563,6703156,,2026-07-29,SZSE,margin_detail,,
300911,亿田智能,186258704,16798094,,2026-07-29,SZSE,margin_detail,,
300912,凯龙高科,128233952,11558759,,2026-07-29,SZSE,margin_detail,,
300913,兆龙互连,319910025,10778285,,2026-07-29,SZSE,margin_detail,,
300915,海融科技,120728911,3671122,,2026-07-29,SZSE,margin_detail,,
300916,朗特智能,128996254,4890788,,2026-07-29,SZSE,margin_detail,,
300917,特发服务,220280001,13412350,,2026-07-29,SZSE,margin_detail,,
300918,南山智尚,229895938,4038368,,2026-07-29,SZSE,margin_detail,,
300919,中伟新材,962664550,32809906,,2026-07-29,SZSE,margin_detail,,
300920,润阳科技,153734796,3256811,,2026-07-29,SZSE,margin_detail,,
300921,南凌科技,107681684,6584887,,2026-07-29,SZSE,margin_detail,,
300922,天秦装备,154270483,10013842,,2026-07-29,SZSE,margin_detail,,
300923,研奥股份,41474954,1514930,,2026-07-29,SZSE,margin_detail,,
300925,法本信息,473668386,9324225,,2026-07-29,SZSE,margin_detail,,
300926,博俊科技,188291146,4035744,,2026-07-29,SZSE,margin_detail,,
300927,江天化学,98215362,4527275,,2026-07-29,SZSE,margin_detail,,
300928,华安鑫创,178439261,2368390,,2026-07-29,SZSE,margin_detail,,
300929,华骐环保,46492517,5449900,,2026-07-29,SZSE,margin_detail,,
300930,屹通新材,41724976,2666734,,2026-07-29,SZSE,margin_detail,,
300931,通用电梯,280165170,3537487,,2026-07-29,SZSE,margin_detail,,
300932,三友联众,172995057,7523886,,2026-07-29,SZSE,margin_detail,,
300933,中辰股份,195903060,5102773,,2026-07-29,SZSE,margin_detail,,
300935,盈建科,104587937,11987197,,2026-07-29,SZSE,margin_detail,,
300936,中英科技,246499412,18470113,,2026-07-29,SZSE,margin_detail,,
300937,药易购,129034604,44466222,,2026-07-29,SZSE,margin_detail,,
300938,信测标准,855013993,33473656,,2026-07-29,SZSE,margin_detail,,
300939,秋田微,321937134,18385632,,2026-07-29,SZSE,margin_detail,,
300940,南极光,198498741,13724030,,2026-07-29,SZSE,margin_detail,,
300941,创识科技,141757732,3069956,,2026-07-29,SZSE,margin_detail,,
300942,易瑞生物,71769363,2396105,,2026-07-29,SZSE,margin_detail,,
300943,春晖智控,369621547,17110749,,2026-07-29,SZSE,margin_detail,,
300945,曼卡龙,111913981,6116944,,2026-07-29,SZSE,margin_detail,,
300946,恒而达,154800982,22187641,,2026-07-29,SZSE,margin_detail,,
300947,德必集团,61643337,1519140,,2026-07-29,SZSE,margin_detail,,
300948,冠中生态,175925840,3360658,,2026-07-29,SZSE,margin_detail,,
300949,奥雅股份,34364571,1981574,,2026-07-29,SZSE,margin_detail,,
300950,德固特,82802830,2452193,,2026-07-29,SZSE,margin_detail,,
300951,博硕科技,162337766,45082251,,2026-07-29,SZSE,margin_detail,,
300952,恒辉安防,142531957,3011221,,2026-07-29,SZSE,margin_detail,,
300953,震裕科技,1172234218,33266115,,2026-07-29,SZSE,margin_detail,,
300955,嘉亨家化,101012314,0,,2026-07-29,SZSE,margin_detail,,
300956,英力股份,130240899,3499402,,2026-07-29,SZSE,margin_detail,,
300957,贝泰妮,517714840,26966709,,2026-07-29,SZSE,margin_detail,,
300958,建工修复,64114468,1883453,,2026-07-29,SZSE,margin_detail,,
300959,线上线下,418002734,14831684,,2026-07-29,SZSE,margin_detail,,
300960,通业科技,36760947,1464634,,2026-07-29,SZSE,margin_detail,,
300961,深水海纳,60826265,2271599,,2026-07-29,SZSE,margin_detail,,
300962,中金辐照,207881983,2244749,,2026-07-29,SZSE,margin_detail,,
300963,中洲特材,185311208,15822094,,2026-07-29,SZSE,margin_detail,,
300964,本川智能,234127504,18988357,,2026-07-29,SZSE,margin_detail,,
300965,恒宇信通,41198451,4349111,,2026-07-29,SZSE,margin_detail,,
300966,共同药业,95514207,3032497,,2026-07-29,SZSE,margin_detail,,
300967,晓鸣股份,90611347,5690601,,2026-07-29,SZSE,margin_detail,,
300968,格林精密,148773471,18267950,,2026-07-29,SZSE,margin_detail,,
300969,恒帅股份,157945496,10255321,,2026-07-29,SZSE,margin_detail,,
300970,华绿生物,87987937,4082700,,2026-07-29,SZSE,margin_detail,,
300971,博亚精工,72722670,2950541,,2026-07-29,SZSE,margin_detail,,
300972,万辰集团,313057119,31605923,,2026-07-29,SZSE,margin_detail,,
300973,立高食品,145972723,6545765,,2026-07-29,SZSE,margin_detail,,
300975,商络电子,831440225,106529561,,2026-07-29,SZSE,margin_detail,,
300976,达瑞电子,260304004,27451843,,2026-07-29,SZSE,margin_detail,,
300977,深圳瑞捷,68423111,4600091,,2026-07-29,SZSE,margin_detail,,
300978,东箭科技,149923884,1345128,,2026-07-29,SZSE,margin_detail,,
300979,华利集团,123282424,5645769,,2026-07-29,SZSE,margin_detail,,
300980,祥源新材,207150667,6046280,,2026-07-29,SZSE,margin_detail,,
300981,中红医疗,109793009,1928288,,2026-07-29,SZSE,margin_detail,,
300982,苏文电能,91942410,2114278,,2026-07-29,SZSE,margin_detail,,
300983,尤安设计,125591208,6174799,,2026-07-29,SZSE,margin_detail,,
300984,金沃股份,255150669,8744501,,2026-07-29,SZSE,margin_detail,,
300985,致远新能,109911216,13241732,,2026-07-29,SZSE,margin_detail,,
300986,志特新材,368246705,7728144,,2026-07-29,SZSE,margin_detail,,
300987,川网传媒,109874579,5478774,,2026-07-29,SZSE,margin_detail,,
300988,津荣天宇,156596001,8491346,,2026-07-29,SZSE,margin_detail,,
300989,蕾奥规划,285678067,837459,,2026-07-29,SZSE,margin_detail,,
300990,同飞股份,170240820,31313392,,2026-07-29,SZSE,margin_detail,,
300991,创益通,326586849,6244939,,2026-07-29,SZSE,margin_detail,,
300992,泰福泵业,90992885,758115,,2026-07-29,SZSE,margin_detail,,
300993,玉马科技,180095721,2059919,,2026-07-29,SZSE,margin_detail,,
300994,久祺股份,87510845,1093164,,2026-07-29,SZSE,margin_detail,,
300995,奇德新材,82210875,2215543,,2026-07-29,SZSE,margin_detail,,
300996,普联软件,275186772,0,,2026-07-29,SZSE,margin_detail,,
300997,欢乐家,91069810,11985710,,2026-07-29,SZSE,margin_detail,,
300998,宁波方正,190773611,11721753,,2026-07-29,SZSE,margin_detail,,
300999,金龙鱼,976619399,15950105,,2026-07-29,SZSE,margin_detail,,
301000,肇民科技,209967731,6061216,,2026-07-29,SZSE,margin_detail,,
301001,凯淳股份,29459811,2394400,,2026-07-29,SZSE,margin_detail,,
301002,崧盛股份,197635805,6160175,,2026-07-29,SZSE,margin_detail,,
301003,江苏博云,302545632,5831746,,2026-07-29,SZSE,margin_detail,,
301004,嘉益股份,52341143,2008679,,2026-07-29,SZSE,margin_detail,,
301005,超捷股份,540271092,28687756,,2026-07-29,SZSE,margin_detail,,
301006,迈拓股份,35984445,1310534,,2026-07-29,SZSE,margin_detail,,
301007,德迈仕,360376894,11253689,,2026-07-29,SZSE,margin_detail,,
301008,宏昌科技,139811362,13225884,,2026-07-29,SZSE,margin_detail,,
301009,可靠股份,62804904,1845855,,2026-07-29,SZSE,margin_detail,,
301010,晶雪节能,35882053,3361162,,2026-07-29,SZSE,margin_detail,,
301011,华立科技,72395629,1668856,,2026-07-29,SZSE,margin_detail,,
301012,扬电科技,280350518,46458231,,2026-07-29,SZSE,margin_detail,,
301013,利和兴,521051815,92358697,,2026-07-29,SZSE,margin_detail,,
301015,百洋医药,424406201,6956142,,2026-07-29,SZSE,margin_detail,,
301016,雷尔伟,162820846,1948288,,2026-07-29,SZSE,margin_detail,,
301017,漱玉平民,131430882,2389714,,2026-07-29,SZSE,margin_detail,,
301018,申菱环境,936384235,97362203,,2026-07-29,SZSE,margin_detail,,
301019,宁波色母,120807477,2659205,,2026-07-29,SZSE,margin_detail,,
301020,密封科技,79443883,4057067,,2026-07-29,SZSE,margin_detail,,
301021,英诺激光,531887247,50673605,,2026-07-29,SZSE,margin_detail,,
301022,海泰科,100564192,1622677,,2026-07-29,SZSE,margin_detail,,
301023,奕帆传动,132643422,2687386,,2026-07-29,SZSE,margin_detail,,
301024,霍普股份,31700735,1768909,,2026-07-29,SZSE,margin_detail,,
301025,读客文化,66114561,3385959,,2026-07-29,SZSE,margin_detail,,
301026,浩通科技,166818567,5124102,,2026-07-29,SZSE,margin_detail,,
301027,华蓝集团,203204390,5439254,,2026-07-29,SZSE,margin_detail,,
301028,鼎熔岩,93679038,4941817,,2026-07-29,SZSE,margin_detail,,
301029,怡合达,397189328,15172890,,2026-07-29,SZSE,margin_detail,,
301031,中熔电气,338028767,12141702,,2026-07-29,SZSE,margin_detail,,
301032,新柴股份,72527656,1071069,,2026-07-29,SZSE,margin_detail,,
301033,迈普医学,86303215,12086948,,2026-07-29,SZSE,margin_detail,,
301035,润丰股份,179888830,6077086,,2026-07-29,SZSE,margin_detail,,
301036,双乐股份,85781524,3192200,,2026-07-29,SZSE,margin_detail,,
301037,保立佳,14720088,1120371,,2026-07-29,SZSE,margin_detail,,
301038,深水规院,73233934,7535049,,2026-07-29,SZSE,margin_detail,,
301039,中集车辆,224021020,10558009,,2026-07-29,SZSE,margin_detail,,
301040,中环海陆,124835633,2052652,,2026-07-29,SZSE,margin_detail,,
301041,金百泽,173761316,7577143,,2026-07-29,SZSE,margin_detail,,
301042,安联锐视,362031649,22192049,,2026-07-29,SZSE,margin_detail,,
301043,绿岛风,68708276,3003781,,2026-07-29,SZSE,margin_detail,,
301045,天禄科技,149332406,13248095,,2026-07-29,SZSE,margin_detail,,
301046,能辉科技,169789687,3363941,,2026-07-29,SZSE,margin_detail,,
301047,义翘神州,223870589,6571680,,2026-07-29,SZSE,margin_detail,,
301048,金鹰重工,106856413,1946076,,2026-07-29,SZSE,margin_detail,,
301049,超越科技,28006567,1599748,,2026-07-29,SZSE,margin_detail,,
301050,雷电微力,615636924,6969887,,2026-07-29,SZSE,margin_detail,,
301051,信濠光电,180323465,6361885,,2026-07-29,SZSE,margin_detail,,
301052,果麦文化,172769310,3837566,,2026-07-29,SZSE,margin_detail,,
301053,远信工业,217553172,10821591,,2026-07-29,SZSE,margin_detail,,
301055,张小泉,166766629,7592779,,2026-07-29,SZSE,margin_detail,,
301056,森赫股份,63931707,1769615,,2026-07-29,SZSE,margin_detail,,
301057,汇隆新材,142966852,3772235,,2026-07-29,SZSE,margin_detail,,
301058,中粮科工,200265503,8395771,,2026-07-29,SZSE,margin_detail,,
301059,金三江,48960515,1974839,,2026-07-29,SZSE,margin_detail,,
301060,兰卫医学,85545296,2543061,,2026-07-29,SZSE,margin_detail,,
301061,匠心家居,52994441,5461372,,2026-07-29,SZSE,margin_detail,,
301062,上海艾录,164500560,3145042,,2026-07-29,SZSE,margin_detail,,
301063,海锅股份,81417862,2261799,,2026-07-29,SZSE,margin_detail,,
301065,本立科技,150418585,2151078,,2026-07-29,SZSE,margin_detail,,
301066,万事利,101254191,3248261,,2026-07-29,SZSE,margin_detail,,
301067,显盈科技,199994091,8092376,,2026-07-29,SZSE,margin_detail,,
301068,大地海洋,56305093,4245879,,2026-07-29,SZSE,margin_detail,,
301069,凯盛新材,529024812,10114639,,2026-07-29,SZSE,margin_detail,,
301070,开勒股份,420684303,8117177,,2026-07-29,SZSE,margin_detail,,
301071,力量钻石,681122836,71081379,,2026-07-29,SZSE,margin_detail,,
301072,中捷精工,41479338,6897417,,2026-07-29,SZSE,margin_detail,,
301073,君亭酒店,114731323,19119020,,2026-07-29,SZSE,margin_detail,,
301075,多瑞医药,126406430,3480210,,2026-07-29,SZSE,margin_detail,,
301076,新瀚新材,194613735,2906538,,2026-07-29,SZSE,margin_detail,,
301077,星华新材,154208284,1748153,,2026-07-29,SZSE,margin_detail,,
301078,孩子王,464459052,11008367,,2026-07-29,SZSE,margin_detail,,
301079,邵阳液压,119747972,3533667,,2026-07-29,SZSE,margin_detail,,
301080,百普赛斯,138346795,13742470,,2026-07-29,SZSE,margin_detail,,
301081,严牌股份,97322213,1930502,,2026-07-29,SZSE,margin_detail,,
301082,久盛电气,89334933,4323477,,2026-07-29,SZSE,margin_detail,,
301083,百胜智能,49397173,1744641,,2026-07-29,SZSE,margin_detail,,
301085,亚康股份,222766588,28796583,,2026-07-29,SZSE,margin_detail,,
301086,鸿富瀚,259012619,29345507,,2026-07-29,SZSE,margin_detail,,
301087,可孚医疗,124342940,9741980,,2026-07-29,SZSE,margin_detail,,
301088,戎美股份,41660355,1688136,,2026-07-29,SZSE,margin_detail,,
301089,拓新药业,117817326,3973299,,2026-07-29,SZSE,margin_detail,,
301090,华润材料,100506430,5749000,,2026-07-29,SZSE,margin_detail,,
301091,深城交,299850605,4255961,,2026-07-29,SZSE,margin_detail,,
301092,争光股份,84428562,13142312,,2026-07-29,SZSE,margin_detail,,
301093,华兰股份,843393436,23106725,,2026-07-29,SZSE,margin_detail,,
301095,广立微,487264473,32018873,,2026-07-29,SZSE,margin_detail,,
301096,百诚医药,173539368,6205803,,2026-07-29,SZSE,margin_detail,,
301097,天益医疗,56982096,600583,,2026-07-29,SZSE,margin_detail,,
301098,金埔园林,115628816,3335335,,2026-07-29,SZSE,margin_detail,,
301099,雅创电子,398427838,29420140,,2026-07-29,SZSE,margin_detail,,
301100,风光股份,55165775,2674964,,2026-07-29,SZSE,margin_detail,,
301101,明月镜片,154594490,3035508,,2026-07-29,SZSE,margin_detail,,
301102,兆讯传媒,65826022,599558,,2026-07-29,SZSE,margin_detail,,
301103,何氏眼科,67162128,3522733,,2026-07-29,SZSE,margin_detail,,
301105,鸿铭股份,112954261,1704474,,2026-07-29,SZSE,margin_detail,,
301106,骏成科技,85066776,3767767,,2026-07-29,SZSE,margin_detail,,
301107,瑜欣电子,56689452,2014260,,2026-07-29,SZSE,margin_detail,,
301108,洁雅股份,91097282,16352214,,2026-07-29,SZSE,margin_detail,,
301109,军信股份,101021942,2551071,,2026-07-29,SZSE,margin_detail,,
301110,青木科技,164970650,16140643,,2026-07-29,SZSE,margin_detail,,
301111,粤万年青,184313226,9597804,,2026-07-29,SZSE,margin_detail,,
301112,信邦智能,117325406,20991088,,2026-07-29,SZSE,margin_detail,,
301113,雅艺科技,28007342,1516499,,2026-07-29,SZSE,margin_detail,,
301115,联检科技,246283575,7151336,,2026-07-29,SZSE,margin_detail,,
301116,益客食品,64482549,2008750,,2026-07-29,SZSE,margin_detail,,
301117,佳缘科技,113813092,5712887,,2026-07-29,SZSE,margin_detail,,
301118,恒光股份,83032892,4661018,,2026-07-29,SZSE,margin_detail,,
301119,正强股份,91772629,1763439,,2026-07-29,SZSE,margin_detail,,
301120,新特电气,209786371,11383660,,2026-07-29,SZSE,margin_detail,,
301121,紫建电子,88378302,7799124,,2026-07-29,SZSE,margin_detail,,
301122,采纳股份,90478456,57679208,,2026-07-29,SZSE,margin_detail,,
301123,奕东电子,353443514,39881273,,2026-07-29,SZSE,margin_detail,,
301125,腾亚精工,67042285,2641439,,2026-07-29,SZSE,margin_detail,,
301126,达嘉维康,60985475,3744538,,2026-07-29,SZSE,margin_detail,,
301127,武汉天源,596281638,53636947,,2026-07-29,SZSE,margin_detail,,
301128,强瑞技术,576989460,26610249,,2026-07-29,SZSE,margin_detail,,
301129,瑞纳智能,51150621,2759333,,2026-07-29,SZSE,margin_detail,,
301130,西点药业,91792455,1971692,,2026-07-29,SZSE,margin_detail,,
301131,聚赛龙,124047926,2132239,,2026-07-29,SZSE,margin_detail,,
301132,满坤科技,167064240,11496855,,2026-07-29,SZSE,margin_detail,,
301133,金钟股份,155913168,8828058,,2026-07-29,SZSE,margin_detail,,
301135,瑞德智能,109730454,1696438,,2026-07-29,SZSE,margin_detail,,
301136,招标股份,77502256,5642322,,2026-07-29,SZSE,margin_detail,,
301137,哈焊华通,155313356,15101798,,2026-07-29,SZSE,margin_detail,,
301138,华研精机,71454370,3259102,,2026-07-29,SZSE,margin_detail,,
301141,中科磁业,184115057,4499455,,2026-07-29,SZSE,margin_detail,,
301148,嘉戎技术,141713906,3879408,,2026-07-29,SZSE,margin_detail,,
301149,隆华新材,220362714,3438014,,2026-07-29,SZSE,margin_detail,,
301150,中一科技,230747907,38059919,,2026-07-29,SZSE,margin_detail,,
301151,冠龙节能,50840794,4099150,,2026-07-29,SZSE,margin_detail,,
301152,天力锂能,95130582,6304726,,2026-07-29,SZSE,margin_detail,,
301153,中科江南,188895511,3799084,,2026-07-29,SZSE,margin_detail,,
301155,海力风电,241577364,7409393,,2026-07-29,SZSE,margin_detail,,
301156,美农生物,28843774,1857348,,2026-07-29,SZSE,margin_detail,,
301157,华塑科技,144774146,2223860,,2026-07-29,SZSE,margin_detail,,
301158,德石股份,137948511,21427023,,2026-07-29,SZSE,margin_detail,,
301159,三维天地,74379085,5789385,,2026-07-29,SZSE,margin_detail,,
301160,翔楼新材,436798189,4845028,,2026-07-29,SZSE,margin_detail,,
301161,唯万密封,106191807,9447394,,2026-07-29,SZSE,margin_detail,,
301162,国能日新,169587768,4943399,,2026-07-29,SZSE,margin_detail,,
301163,宏德股份,54978785,1238630,,2026-07-29,SZSE,margin_detail,,
301165,锐捷网络,835662802,335341011,,2026-07-29,SZSE,margin_detail,,
301166,优宁维,54408340,2307294,,2026-07-29,SZSE,margin_detail,,
301167,建研设计,44332205,2728620,,2026-07-29,SZSE,margin_detail,,
301168,通灵股份,364616871,5387589,,2026-07-29,SZSE,margin_detail,,
301169,零点有数,125351747,4281778,,2026-07-29,SZSE,margin_detail,,
301170,锡南科技,47392025,2474617,,2026-07-29,SZSE,margin_detail,,
301171,易点天下,1207492656,53723643,,2026-07-29,SZSE,margin_detail,,
301172,君逸数码,191259758,7306314,,2026-07-29,SZSE,margin_detail,,
301173,毓恬冠佳,43042974,976904,,2026-07-29,SZSE,margin_detail,,
301175,中科环保,268093072,3852964,,2026-07-29,SZSE,margin_detail,,
301176,逸豪新材,150753864,50811340,,2026-07-29,SZSE,margin_detail,,
301177,迪阿股份,69209412,1111868,,2026-07-29,SZSE,margin_detail,,
301178,天亿马,197130789,6506430,,2026-07-29,SZSE,margin_detail,,
301179,泽宇智能,138136082,4090084,,2026-07-29,SZSE,margin_detail,,
301180,万祥科技,66971237,2023953,,2026-07-29,SZSE,margin_detail,,
301181,标榜股份,111048075,4078695,,2026-07-29,SZSE,margin_detail,,
301182,凯旺科技,325487421,22434228,,2026-07-29,SZSE,margin_detail,,
301183,东田微,725853353,38021668,,2026-07-29,SZSE,margin_detail,,
301185,鸥玛软件,125408820,3276682,,2026-07-29,SZSE,margin_detail,,
301186,超达装备,227789316,3618185,,2026-07-29,SZSE,margin_detail,,
301187,欧圣电气,88992377,3729518,,2026-07-29,SZSE,margin_detail,,
301188,力诺药包,354904819,36388949,,2026-07-29,SZSE,margin_detail,,
301189,奥尼电子,237941526,15672910,,2026-07-29,SZSE,margin_detail,,
301190,善水科技,87172351,13985810,,2026-07-29,SZSE,margin_detail,,
301191,菲菱科思,299705440,51792526,,2026-07-29,SZSE,margin_detail,,
301192,泰祥股份,34404373,1240764,,2026-07-29,SZSE,margin_detail,,
301193,家联科技,69930651,3615219,,2026-07-29,SZSE,margin_detail,,
301195,北路智控,78101332,3239243,,2026-07-29,SZSE,margin_detail,,
301196,唯科科技,695319485,21461038,,2026-07-29,SZSE,margin_detail,,
301197,工大科雅,118869901,8279594,,2026-07-29,SZSE,margin_detail,,
301198,喜悦智行,125704835,2308494,,2026-07-29,SZSE,margin_detail,,
301199,迈赫股份,81386695,2119223,,2026-07-29,SZSE,margin_detail,,
301200,大族数控,355575499,59432849,,2026-07-29,SZSE,margin_detail,,
301201,诚达药业,228971114,19439492,,2026-07-29,SZSE,margin_detail,,
301202,朗威股份,92075401,4602870,,2026-07-29,SZSE,margin_detail,,
301203,国泰环保,42192662,865980,,2026-07-29,SZSE,margin_detail,,
301205,联特科技,1424903641,115260593,,2026-07-29,SZSE,margin_detail,,
301206,三元生物,226696088,1485793,,2026-07-29,SZSE,margin_detail,,
301207,华兰疫苗,122346569,9327692,,2026-07-29,SZSE,margin_detail,,
301208,中亦科技,160222220,3698110,,2026-07-29,SZSE,margin_detail,,
301209,联合化学,401002979,10835883,,2026-07-29,SZSE,margin_detail,,
301210,金杨精密,79729799,6651610,,2026-07-29,SZSE,margin_detail,,
301211,亨迪药业,88819558,6633009,,2026-07-29,SZSE,margin_detail,,
301212,联盛化学,51986426,1835322,,2026-07-29,SZSE,margin_detail,,
301213,观想科技,78788527,9808153,,2026-07-29,SZSE,margin_detail,,
301215,中汽股份,204690332,3380009,,2026-07-29,SZSE,margin_detail,,
301216,万凯新材,406490447,15269577,,2026-07-29,SZSE,margin_detail,,
301217,铜冠铜箔,1418619905,185533914,,2026-07-29,SZSE,margin_detail,,
301218,华是科技,137117806,29441541,,2026-07-29,SZSE,margin_detail,,
301219,腾远钴业,544679875,16600388,,2026-07-29,SZSE,margin_detail,,
301220,亚香股份,219213622,1941568,,2026-07-29,SZSE,margin_detail,,
301221,光庭信息,187520932,2402892,,2026-07-29,SZSE,margin_detail,,
301222,浙江恒威,103339527,3882345,,2026-07-29,SZSE,margin_detail,,
301223,中荣股份,79631197,1455720,,2026-07-29,SZSE,margin_detail,,
301225,恒勃股份,95377461,2497409,,2026-07-29,SZSE,margin_detail,,
301226,祥明智能,140458245,13865055,,2026-07-29,SZSE,margin_detail,,
301227,森鹰窗业,89667445,1892150,,2026-07-29,SZSE,margin_detail,,
301228,实朴检测,553658343,6045699,,2026-07-29,SZSE,margin_detail,,
301229,纽泰格,96652589,2044492,,2026-07-29,SZSE,margin_detail,,
301230,泓博医药,214738102,13747757,,2026-07-29,SZSE,margin_detail,,
301231,荣信文化,96459977,4537841,,2026-07-29,SZSE,margin_detail,,
301232,飞沃科技,521856529,19358555,,2026-07-29,SZSE,margin_detail,,
301233,盛帮股份,107400191,2047579,,2026-07-29,SZSE,margin_detail,,
301234,五洲医疗,60625351,48941184,,2026-07-29,SZSE,margin_detail,,
301235,华康洁净,237557279,24635935,,2026-07-29,SZSE,margin_detail,,
301236,软通动力,2068666595,37279898,,2026-07-29,SZSE,margin_detail,,
301237,和顺科技,148979561,7123906,,2026-07-29,SZSE,margin_detail,,
301238,瑞泰新材,328149069,14637264,,2026-07-29,SZSE,margin_detail,,
301239,普瑞眼科,98542586,2888995,,2026-07-29,SZSE,margin_detail,,
301246,宏源药业,201954362,26464278,,2026-07-29,SZSE,margin_detail,,
301248,杰创智能,400462855,17469702,,2026-07-29,SZSE,margin_detail,,
301251,威尔高,151167628,13912456,,2026-07-29,SZSE,margin_detail,,
301252,同星科技,128516901,8554210,,2026-07-29,SZSE,margin_detail,,
301255,通力科技,63874252,1926239,,2026-07-29,SZSE,margin_detail,,
301256,华融化学,112753124,4616963,,2026-07-29,SZSE,margin_detail,,
301257,普蕊斯,136685148,17379931,,2026-07-29,SZSE,margin_detail,,
301258,富士莱,60976959,5414611,,2026-07-29,SZSE,margin_detail,,
301259,艾布鲁,308834025,10718077,,2026-07-29,SZSE,margin_detail,,
301260,格力博,106115064,1467324,,2026-07-29,SZSE,margin_detail,,
301261,恒工精密,205385671,5865727,,2026-07-29,SZSE,margin_detail,,
301262,海看股份,155661009,3185243,,2026-07-29,SZSE,margin_detail,,
301263,泰恩康,845403562,6096197,,2026-07-29,SZSE,margin_detail,,
301265,华新科技,131751068,7902794,,2026-07-29,SZSE,margin_detail,,
301266,宇邦新材,111405324,2292355,,2026-07-29,SZSE,margin_detail,,
301267,华厦眼科,137117209,2889903,,2026-07-29,SZSE,margin_detail,,
301268,铭利达,125369561,2997477,,2026-07-29,SZSE,margin_detail,,
301269,华大九天,996181225,33963956,,2026-07-29,SZSE,margin_detail,,
301270,汉仪股份,190326548,6139974,,2026-07-29,SZSE,margin_detail,,
301272,英华特,46542532,1591016,,2026-07-29,SZSE,margin_detail,,
301273,瑞晨环保,106931550,10829244,,2026-07-29,SZSE,margin_detail,,
301275,汉朔科技,381059707,13375166,,2026-07-29,SZSE,margin_detail,,
301276,嘉曼服饰,93102426,1716398,,2026-07-29,SZSE,margin_detail,,
301277,新天地,77346677,5571007,,2026-07-29,SZSE,margin_detail,,
301278,快可电子,140710684,1828894,,2026-07-29,SZSE,margin_detail,,
301279,金道科技,147046712,1258781,,2026-07-29,SZSE,margin_detail,,
301280,珠城科技,298225209,6414357,,2026-07-29,SZSE,margin_detail,,
301281,科源制药,165146164,7008915,,2026-07-29,SZSE,margin_detail,,
301282,金禄电子,240849068,14843150,,2026-07-29,SZSE,margin_detail,,
301283,聚胶股份,75053561,2055017,,2026-07-29,SZSE,margin_detail,,
301285,鸿日达,710042926,9683102,,2026-07-29,SZSE,margin_detail,,
301286,侨源股份,205016351,3609507,,2026-07-29,SZSE,margin_detail,,
301287,康力源,68888417,841069,,2026-07-29,SZSE,margin_detail,,
301288,清研环境,120387759,1125505,,2026-07-29,SZSE,margin_detail,,
301289,国缆检测,57613115,1160285,,2026-07-29,SZSE,margin_detail,,
301290,东星医疗,90661783,6906465,,2026-07-29,SZSE,margin_detail,,
301291,明阳电气,315124672,23850514,,2026-07-29,SZSE,margin_detail,,
301292,海科新源,438044413,92743860,,2026-07-29,SZSE,margin_detail,,
301293,三博脑科,577508206,183942837,,2026-07-29,SZSE,margin_detail,,
301295,美硕科技,125498053,7336911,,2026-07-29,SZSE,margin_detail,,
301296,新巨丰,89717674,883351,,2026-07-29,SZSE,margin_detail,,
301297,富乐德,496732798,74886975,,2026-07-29,SZSE,margin_detail,,
301298,东利机械,52081764,2025125,,2026-07-29,SZSE,margin_detail,,
301299,卓创资讯,111076248,4795004,,2026-07-29,SZSE,margin_detail,,
301300,远翔新材,42814576,2283435,,2026-07-29,SZSE,margin_detail,,
301301,川宁生物,462168782,5162459,,2026-07-29,SZSE,margin_detail,,
301302,华如科技,111805241,6900148,,2026-07-29,SZSE,margin_detail,,
301303,真兰仪表,135291523,4423090,,2026-07-29,SZSE,margin_detail,,
301305,朗坤科技,250542737,8036577,,2026-07-29,SZSE,margin_detail,,
301306,西测测试,253479604,10238461,,2026-07-29,SZSE,margin_detail,,
301307,美利信,501343657,95199161,,2026-07-29,SZSE,margin_detail,,
301308,江波龙,6020259434,453507521,,2026-07-29,SZSE,margin_detail,,
301309,万得凯,43873496,4111605,,2026-07-29,SZSE,margin_detail,,
301310,鑫宏业,415880229,49554535,,2026-07-29,SZSE,margin_detail,,
301311,昆船智能,103127565,5404873,,2026-07-29,SZSE,margin_detail,,
301312,智立方,193725152,14111826,,2026-07-29,SZSE,margin_detail,,
301313,凡拓数创,146421228,9624649,,2026-07-29,SZSE,margin_detail,,
301314,科瑞思,58451532,2384151,,2026-07-29,SZSE,margin_detail,,
301315,威士顿,115945391,4640970,,2026-07-29,SZSE,margin_detail,,
301316,慧博云通,1171455645,42841726,,2026-07-29,SZSE,margin_detail,,
301317,鑫磊股份,147507819,11127744,,2026-07-29,SZSE,margin_detail,,
301318,维海德,61321447,891129,,2026-07-29,SZSE,margin_detail,,
301319,唯特偶,547367766,109064512,,2026-07-29,SZSE,margin_detail,,
301320,豪江智能,63372704,2452108,,2026-07-29,SZSE,margin_detail,,
301321,翰博高新,305921927,17356049,,2026-07-29,SZSE,margin_detail,,
301322,绿通科技,249476960,16185338,,2026-07-29,SZSE,margin_detail,,
301323,新莱福,179420580,9484422,,2026-07-29,SZSE,margin_detail,,
301325,曼恩斯特,175222885,3534695,,2026-07-29,SZSE,margin_detail,,
301326,捷邦科技,217939246,6844195,,2026-07-29,SZSE,margin_detail,,
301327,华宝新能,153301085,5109543,,2026-07-29,SZSE,margin_detail,,
301328,维峰电子,256196509,22862177,,2026-07-29,SZSE,margin_detail,,
301329,信音电子,75439436,4057689,,2026-07-29,SZSE,margin_detail,,
301330,熵基科技,187736015,17990179,,2026-07-29,SZSE,margin_detail,,
301331,恩威医药,57427215,7453054,,2026-07-29,SZSE,margin_detail,,
301332,德尔玛,117634234,1563096,,2026-07-29,SZSE,margin_detail,,
301333,诺思格,84244022,8155532,,2026-07-29,SZSE,margin_detail,,
301335,天元宠物,78093355,2238848,,2026-07-29,SZSE,margin_detail,,
301336,趣睡科技,112703353,2108382,,2026-07-29,SZSE,margin_detail,,
301337,亚华电子,70845744,1170701,,2026-07-29,SZSE,margin_detail,,
301338,凯格精机,373230069,23144099,,2026-07-29,SZSE,margin_detail,,
301339,通行宝,107174541,5553682,,2026-07-29,SZSE,margin_detail,,
301345,涛涛车业,381931185,37853957,,2026-07-29,SZSE,margin_detail,,
301348,蓝箭电子,219725269,18300981,,2026-07-29,SZSE,margin_detail,,
301349,信德新材,143640644,13222634,,2026-07-29,SZSE,margin_detail,,
301353,普莱得,28219482,1618724,,2026-07-29,SZSE,margin_detail,,
301355,南王科技,86442241,1816957,,2026-07-29,SZSE,margin_detail,,
301356,天振股份,110892593,3878021,,2026-07-29,SZSE,margin_detail,,
301357,北方长龙,118880593,49548874,,2026-07-29,SZSE,margin_detail,,
301358,湖南裕能,2093742053,92359191,,2026-07-29,SZSE,margin_detail,,
301359,东南电子,26603171,1936310,,2026-07-29,SZSE,margin_detail,,
301360,荣旗科技,120571211,7668595,,2026-07-29,SZSE,margin_detail,,
301361,众智科技,93699132,2470064,,2026-07-29,SZSE,margin_detail,,
301362,民爆光电,220724588,30102129,,2026-07-29,SZSE,margin_detail,,
301363,美好医疗,257103090,45576312,,2026-07-29,SZSE,margin_detail,,
301365,矩阵股份,153551885,12032182,,2026-07-29,SZSE,margin_detail,,
301366,一博科技,216213055,25014548,,2026-07-29,SZSE,margin_detail,,
301367,瑞迈特,156403066,21165641,,2026-07-29,SZSE,margin_detail,,
301368,丰立智能,203280807,6779781,,2026-07-29,SZSE,margin_detail,,
301369,联动科技,208204328,23147819,,2026-07-29,SZSE,margin_detail,,
301370,国科恒泰,138724717,3702282,,2026-07-29,SZSE,margin_detail,,
301371,敷尔佳,56234878,2196035,,2026-07-29,SZSE,margin_detail,,
301372,科净源,59240586,2833017,,2026-07-29,SZSE,margin_detail,,
301373,凌玮科技,313155324,24750585,,2026-07-29,SZSE,margin_detail,,
301376,致欧科技,40877682,1810323,,2026-07-29,SZSE,margin_detail,,
301377,鼎泰高科,511806424,91322688,,2026-07-29,SZSE,margin_detail,,
301378,通达海,56852134,4913835,,2026-07-29,SZSE,margin_detail,,
301379,天山电子,336754771,24164760,,2026-07-29,SZSE,margin_detail,,
301380,挖金客,165471276,18125164,,2026-07-29,SZSE,margin_detail,,
301381,赛维时代,188394011,15208063,,2026-07-29,SZSE,margin_detail,,
301382,蜂助手,624952517,37964830,,2026-07-29,SZSE,margin_detail,,
301383,天键股份,78795151,1834245,,2026-07-29,SZSE,margin_detail,,
301386,未来电器,80018099,1184179,,2026-07-29,SZSE,margin_detail,,
301387,光大同创,95238695,10897317,,2026-07-29,SZSE,margin_detail,,
301388,欣灵电气,52081712,1452103,,2026-07-29,SZSE,margin_detail,,
301389,隆扬电子,391047704,25330368,,2026-07-29,SZSE,margin_detail,,
301390,经纬股份,63493448,3267094,,2026-07-29,SZSE,margin_detail,,
301391,卡莱特,103587108,4304271,,2026-07-29,SZSE,margin_detail,,
301392,汇成真空,710481518,154561971,,2026-07-29,SZSE,margin_detail,,
301393,昊帆生物,89360039,9585984,,2026-07-29,SZSE,margin_detail,,
301395,仁信新材,60557326,1159840,,2026-07-29,SZSE,margin_detail,,
301396,宏景科技,1445843693,108661685,,2026-07-29,SZSE,margin_detail,,
301397,溯联股份,210654246,6002564,,2026-07-29,SZSE,margin_detail,,
301398,星源卓镁,60083600,3258409,,2026-07-29,SZSE,margin_detail,,
301399,英特科技,58937178,4465035,,2026-07-29,SZSE,margin_detail,,
301408,华人健康,144559227,9233291,,2026-07-29,SZSE,margin_detail,,
301413,安培龙,294366179,9742990,,2026-07-29,SZSE,margin_detail,,
301418,协昌科技,95924276,7165743,,2026-07-29,SZSE,margin_detail,,
301419,阿莱德,109809708,6445818,,2026-07-29,SZSE,margin_detail,,
301421,波长光电,360480576,127035369,,2026-07-29,SZSE,margin_detail,,
301428,世纪恒通,180168920,7641524,,2026-07-29,SZSE,margin_detail,,
301429,森泰股份,18133878,1440827,,2026-07-29,SZSE,margin_detail,,
301439,泓淋电力,129240187,14848552,,2026-07-29,SZSE,margin_detail,,
301446,福事特,25639812,4689878,,2026-07-29,SZSE,margin_detail,,
301448,开创电气,106567654,5062149,,2026-07-29,SZSE,margin_detail,,
301449,天溯计量,44442898,1080911,,2026-07-29,SZSE,margin_detail,,
301456,盘古智能,59531754,2672098,,2026-07-29,SZSE,margin_detail,,
301458,钧崴电子,371431549,18353030,,2026-07-29,SZSE,margin_detail,,
301459,丰茂股份,82777066,3007741,,2026-07-29,SZSE,margin_detail,,
301468,博盈特焊,294518383,7383006,,2026-07-29,SZSE,margin_detail,,
301469,恒达新材,44312769,2428365,,2026-07-29,SZSE,margin_detail,,
301479,弘景光电,140837075,5112426,,2026-07-29,SZSE,margin_detail,,
301486,致尚科技,727731543,45164118,,2026-07-29,SZSE,margin_detail,,
301487,盟固利,245188362,12180914,,2026-07-29,SZSE,margin_detail,,
301488,豪恩汽电,257713152,8613963,,2026-07-29,SZSE,margin_detail,,
301489,思泉新材,744351041,33359980,,2026-07-29,SZSE,margin_detail,,
301491,汉桑科技,73438826,1816991,,2026-07-29,SZSE,margin_detail,,
301498,乖宝宠物,256813119,23189452,,2026-07-29,SZSE,margin_detail,,
301499,维科精密,53256364,3994986,,2026-07-29,SZSE,margin_detail,,
301500,飞南资源,340851639,15501178,,2026-07-29,SZSE,margin_detail,,
301501,恒鑫生活,87965503,1412807,,2026-07-29,SZSE,margin_detail,,
301502,华阳智能,117491742,3988065,,2026-07-29,SZSE,margin_detail,,
301503,智迪科技,39887001,978479,,2026-07-29,SZSE,margin_detail,,
301505,苏州规划,56564641,3679587,,2026-07-29,SZSE,margin_detail,,
301507,民生健康,90943426,1717476,,2026-07-29,SZSE,margin_detail,,
301508,中机认检,130342966,1002462,,2026-07-29,SZSE,margin_detail,,
301509,金凯生科,145214527,5500186,,2026-07-29,SZSE,margin_detail,,
301510,固高科技,514231565,12022262,,2026-07-29,SZSE,margin_detail,,
301511,德福科技,859435218,125433392,,2026-07-29,SZSE,margin_detail,,
301512,智信精密,52479425,5813330,,2026-07-29,SZSE,margin_detail,,
301513,尚水智能,66585328,5351804,,2026-07-29,SZSE,margin_detail,,
301515,港通医疗,37039503,3845066,,2026-07-29,SZSE,margin_detail,,
301516,中远通,81592512,7330513,,2026-07-29,SZSE,margin_detail,,
301517,陕西华达,234283000,4060834,,2026-07-29,SZSE,margin_detail,,
301518,长华化学,102451034,2158538,,2026-07-29,SZSE,margin_detail,,
301519,舜禹股份,29014876,1708049,,2026-07-29,SZSE,margin_detail,,
301520,万邦医药,76368481,57895732,,2026-07-29,SZSE,margin_detail,,
301522,上大股份,327555926,10993446,,2026-07-29,SZSE,margin_detail,,
301525,儒竞科技,139650048,3829969,,2026-07-29,SZSE,margin_detail,,
301526,国际复材,1291816052,393353062,,2026-07-29,SZSE,margin_detail,,
301528,多浦乐,190343342,5610772,,2026-07-29,SZSE,margin_detail,,
301529,福赛科技,601861894,21050542,,2026-07-29,SZSE,margin_detail,,
301531,春光集团,242024109,6030468,,2026-07-29,SZSE,margin_detail,,
301533,威马农机,53096767,2676128,,2026-07-29,SZSE,margin_detail,,
301535,浙江华远,70907553,8321424,,2026-07-29,SZSE,margin_detail,,
301536,星宸科技,1156520744,307993129,,2026-07-29,SZSE,margin_detail,,
301538,骏鼎达,90122267,2796242,,2026-07-29,SZSE,margin_detail,,
301539,宏鑫科技,56909447,536942,,2026-07-29,SZSE,margin_detail,,
301548,崇德科技,104617496,4930124,,2026-07-29,SZSE,margin_detail,,
301550,斯菱智驱,787558985,18304626,,2026-07-29,SZSE,margin_detail,,
301551,无线传媒,266077864,5654158,,2026-07-29,SZSE,margin_detail,,
301552,科力装备,43187251,6593504,,2026-07-29,SZSE,margin_detail,,
301555,惠柏新材,112753815,6099881,,2026-07-29,SZSE,margin_detail,,
301556,托普云农,154332346,3630621,,2026-07-29,SZSE,margin_detail,,
301557,常友科技,250393023,4883456,,2026-07-29,SZSE,margin_detail,,
301558,三态股份,102628354,2608476,,2026-07-29,SZSE,margin_detail,,
301559,中集环科,93677558,982130,,2026-07-29,SZSE,margin_detail,,
301560,众捷汽车,72913016,2164517,,2026-07-29,SZSE,margin_detail,,
301563,云汉芯城,179487335,15456781,,2026-07-29,SZSE,margin_detail,,
301565,中仑新材,201808887,3591658,,2026-07-29,SZSE,margin_detail,,
301566,达利凯普,478239025,27972315,,2026-07-29,SZSE,margin_detail,,
301567,贝隆精密,54245385,1823771,,2026-07-29,SZSE,margin_detail,,
301568,思泰克,311535575,22221818,,2026-07-29,SZSE,margin_detail,,
301571,国科天成,417177468,17781066,,2026-07-29,SZSE,margin_detail,,
301575,艾芬达,45085758,471408,,2026-07-29,SZSE,margin_detail,,
301577,美信科技,64463753,6563963,,2026-07-29,SZSE,margin_detail,,
301578,辰奕智能,50625249,8189392,,2026-07-29,SZSE,margin_detail,,
301580,爱迪特,340082793,25685222,,2026-07-29,SZSE,margin_detail,,
301581,黄山谷捷,55607777,3047504,,2026-07-29,SZSE,margin_detail,,
301583,托伦斯,332202664,156803675,,2026-07-29,SZSE,margin_detail,,
301584,建发致新,65522156,3887195,,2026-07-29,SZSE,margin_detail,,
301585,蓝宇股份,53448761,1321623,,2026-07-29,SZSE,margin_detail,,
301586,佳力奇,103696871,1860991,,2026-07-29,SZSE,margin_detail,,
301587,中瑞股份,84782044,9720460,,2026-07-29,SZSE,margin_detail,,
301588,美新科技,181342275,29191784,,2026-07-29,SZSE,margin_detail,,
301589,诺瓦星云,231172752,6162531,,2026-07-29,SZSE,margin_detail,,
301590,优优绿能,91050254,2618029,,2026-07-29,SZSE,margin_detail,,
301591,肯特股份,116965243,7703950,,2026-07-29,SZSE,margin_detail,,
301592,六九一二,161912496,9136843,,2026-07-29,SZSE,margin_detail,,
301595,太力科技,67937413,824101,,2026-07-29,SZSE,margin_detail,,
301596,瑞迪智驱,108761165,2694354,,2026-07-29,SZSE,margin_detail,,
301598,博科测试,52016326,1346257,,2026-07-29,SZSE,margin_detail,,
301599,理奇智能,111712785,7297840,,2026-07-29,SZSE,margin_detail,,
301600,慧翰股份,255533361,8550181,,2026-07-29,SZSE,margin_detail,,
301601,惠通科技,43132044,934927,,2026-07-29,SZSE,margin_detail,,
301602,超研股份,60395425,1248555,,2026-07-29,SZSE,margin_detail,,
301603,乔锋智能,171025529,17192229,,2026-07-29,SZSE,margin_detail,,
301606,绿联科技,215489984,15456244,,2026-07-29,SZSE,margin_detail,,
301607,富特科技,302400541,28292298,,2026-07-29,SZSE,margin_detail,,
301608,博实结,88825211,3304072,,2026-07-29,SZSE,margin_detail,,
301609,山大电力,92629426,16119207,,2026-07-29,SZSE,margin_detail,,
301611,珂玛科技,568784202,114719061,,2026-07-29,SZSE,margin_detail,,
301613,新铝时代,187090521,2759365,,2026-07-29,SZSE,margin_detail,,
301616,浙江华业,37451018,1915727,,2026-07-29,SZSE,margin_detail,,
301617,博苑新材,272681416,5100873,,2026-07-29,SZSE,margin_detail,,
301618,长联科技,120777156,2730601,,2026-07-29,SZSE,margin_detail,,
301622,英思特,169239084,2902622,,2026-07-29,SZSE,margin_detail,,
301626,苏州天脉,1761999186,28023407,,2026-07-29,SZSE,margin_detail,,
301628,强达电路,199679503,9219280,,2026-07-29,SZSE,margin_detail,,
301629,矽电股份,207490150,22250344,,2026-07-29,SZSE,margin_detail,,
301630,同宇新材,239442903,18658578,,2026-07-29,SZSE,margin_detail,,
301631,壹连科技,162615231,9148507,,2026-07-29,SZSE,margin_detail,,
301632,广东建科,70164949,1769521,,2026-07-29,SZSE,margin_detail,,
301633,港迪技术,62574130,15695761,,2026-07-29,SZSE,margin_detail,,
301636,泽润新能,50833944,2193040,,2026-07-29,SZSE,margin_detail,,
301638,南网数字,461714402,30062942,,2026-07-29,SZSE,margin_detail,,
301656,联合动力,155144587,6237016,,2026-07-29,SZSE,margin_detail,,
301658,首航新能,98135677,10780509,,2026-07-29,SZSE,margin_detail,,
301662,宏工科技,125137259,35388299,,2026-07-29,SZSE,margin_detail,,
301665,泰禾股份,62116875,2708516,,2026-07-29,SZSE,margin_detail,,
301666,大普微-UW,1403484023,55154507,,2026-07-29,SZSE,margin_detail,,
301667,纳百川,80415860,3698320,,2026-07-29,SZSE,margin_detail,,
301668,昊创瑞通,55458932,1040984,,2026-07-29,SZSE,margin_detail,,
301669,高特电子,133355328,27121157,,2026-07-29,SZSE,margin_detail,,
301678,新恒汇,209536204,8432897,,2026-07-29,SZSE,margin_detail,,
301680,固德电材,122253024,3578048,,2026-07-29,SZSE,margin_detail,,
301682,宏明电子,301740120,20775727,,2026-07-29,SZSE,margin_detail,,
301683,慧谷新材,123275808,16194951,,2026-07-29,SZSE,margin_detail,,
301687,新广益,114193379,6514723,,2026-07-29,SZSE,margin_detail,,
301696,三瑞智能,280866951,14657510,,2026-07-29,SZSE,margin_detail,,
302132,中航成飞,1090247369,26578218,,2026-07-29,SZSE,margin_detail,,
510050,50ETF,1480566209,46842345,54349530.0,2026-07-29,SSE,margin_detail,,
510100,SZ50ETF,33516552,4377263,6123967.0,2026-07-29,SSE,margin_detail,,
510150,消费ETF,31811268,1431701,1867245.0,2026-07-29,SSE,margin_detail,,
510170,商品ETF,2170315,1425652,2121826.0,2026-07-29,SSE,margin_detail,,
510180,180ETF,80361474,2424321,3731585.0,2026-07-29,SSE,margin_detail,,
510210,综指ETF,365945853,113566983,93138152.0,2026-07-29,SSE,margin_detail,,
510230,金融ETF,11918521,2387628,1381575.0,2026-07-29,SSE,margin_detail,,
510300,300ETF,3109158539,328307563,179755088.0,2026-07-29,SSE,margin_detail,,
510310,HS300ETF,327236851,65940941,44645690.0,2026-07-29,SSE,margin_detail,,
510320,300中金,2144706,626931,14373.0,2026-07-29,SSE,margin_detail,,
510330,华夏300,111712903,45547149,15409723.0,2026-07-29,SSE,margin_detail,,
510350,工银300,920504,521084,959977.0,2026-07-29,SSE,margin_detail,,
510360,广发300,22704384,9977229,7035659.0,2026-07-29,SSE,margin_detail,,
510410,资源ETF,4568809,804596,496163.0,2026-07-29,SSE,margin_detail,,
510500,500ETF,1185050923,246913304,442071084.0,2026-07-29,SSE,margin_detail,,
510510,广发500,17482623,7110786,26181955.0,2026-07-29,SSE,margin_detail,,
510580,ZZ500ETF,20531919,7066151,3696755.0,2026-07-29,SSE,margin_detail,,
510720,红利国泰,23237637,6168057,5054390.0,2026-07-29,SSE,margin_detail,,
510760,上证ETF,125269476,16848182,10965800.0,2026-07-29,SSE,margin_detail,,
510880,红利ETF,164729836,48201993,58142567.0,2026-07-29,SSE,margin_detail,,
510900,恒生中国,1552975500,6998512,52664858.0,2026-07-29,SSE,margin_detail,,
510980,上证综合,42852249,7862477,10469794.0,2026-07-29,SSE,margin_detail,,
511010,国债ETF,44690918,12605356,11820159.0,2026-07-29,SSE,margin_detail,,
511020,活跃国债,0,25028447,25075531.0,2026-07-29,SSE,margin_detail,,
511030,公司债,2748814,1135819,1189890.0,2026-07-29,SSE,margin_detail,,
511090,30年国债,468892024,247024167,232122286.0,2026-07-29,SSE,margin_detail,,
511130,国债30年,272412388,208530446,201600182.0,2026-07-29,SSE,margin_detail,,
511160,国债东财,0,10193,10193.0,2026-07-29,SSE,margin_detail,,
511180,上证转债,27027118,8200143,15272234.0,2026-07-29,SSE,margin_detail,,
511220,城投ETF,273823845,99432245,102000211.0,2026-07-29,SSE,margin_detail,,
511260,十年国债,339810149,23560501,25219824.0,2026-07-29,SSE,margin_detail,,
511270,10年地债,1517036,3749262,2581611.0,2026-07-29,SSE,margin_detail,,
511360,短融ETF,1836735145,6078076363,6410826518.0,2026-07-29,SSE,margin_detail,,
511380,转债ETF,890011959,342471436,473943460.0,2026-07-29,SSE,margin_detail,,
511520,政金债,1792696102,99119684,108300982.0,2026-07-29,SSE,margin_detail,,
511580,国债政金,202,98571,186174.0,2026-07-29,SSE,margin_detail,,
512000,券商ETF,2523163645,284073331,241735644.0,2026-07-29,SSE,margin_detail,,
512010,医药ETF,521309865,92832886,86838361.0,2026-07-29,SSE,margin_detail,,
512020,A500,789664,1619819,2608245.0,2026-07-29,SSE,margin_detail,,
512040,国信价值,24529373,9772567,8181417.0,2026-07-29,SSE,margin_detail,,
512050,A500E,110354130,30651902,33749449.0,2026-07-29,SSE,margin_detail,,
512070,证券保险,547417486,29471896,40243921.0,2026-07-29,SSE,margin_detail,,
512090,MSCI易基,6658208,1944103,2575236.0,2026-07-29,SSE,margin_detail,,
512100,1000ETF,847563988,310879633,315694687.0,2026-07-29,SSE,margin_detail,,
512170,医疗ETF,902898274,144397613,128835210.0,2026-07-29,SSE,margin_detail,,
512200,地产ETF,95160148,8432148,14246623.0,2026-07-29,SSE,margin_detail,,
512220,TMTETF,6893765,4647325,5729304.0,2026-07-29,SSE,margin_detail,,
512290,生物医药,126318949,9886841,13171234.0,2026-07-29,SSE,margin_detail,,
512330,信息ETF,2046468,1399488,953555.0,2026-07-29,SSE,margin_detail,,
512400,有色ETF,360955175,29276500,35102046.0,2026-07-29,SSE,margin_detail,,
512480,半导体,517522539,99827431,73134263.0,2026-07-29,SSE,margin_detail,,
512500,中证500,187595091,11563016,5304766.0,2026-07-29,SSE,margin_detail,,
512510,ETF500,2875075,508875,635316.0,2026-07-29,SSE,margin_detail,,
512560,中证军工,15503434,5378387,4113074.0,2026-07-29,SSE,margin_detail,,
512570,中证证券,96653164,7855679,13171054.0,2026-07-29,SSE,margin_detail,,
512580,环保ETF,3130461,700936,703196.0,2026-07-29,SSE,margin_detail,,
512600,必选消费,12201591,1214524,474591.0,2026-07-29,SSE,margin_detail,,
512620,农业TH,3641982,382834,597989.0,2026-07-29,SSE,margin_detail,,
512630,卫星基金,90025755,7130363,4603501.0,2026-07-29,SSE,margin_detail,,
512660,军工ETF,243557096,25378727,33503752.0,2026-07-29,SSE,margin_detail,,
512670,国防ETF,78013732,3901649,3642796.0,2026-07-29,SSE,margin_detail,,
512680,军工基金,24216826,3059163,5467900.0,2026-07-29,SSE,margin_detail,,
512690,酒ETF,699042322,81444990,104741157.0,2026-07-29,SSE,margin_detail,,
512700,银行基金,8688167,1699609,2375293.0,2026-07-29,SSE,margin_detail,,
512710,军工龙头,262518670,31880223,31541997.0,2026-07-29,SSE,margin_detail,,
512760,芯片ETF,158156163,21936484,16633327.0,2026-07-29,SSE,margin_detail,,
512800,银行ETF,327777026,162626890,158451431.0,2026-07-29,SSE,margin_detail,,
512810,国防军工,16378795,1780202,1576616.0,2026-07-29,SSE,margin_detail,,
512820,银行股基,6476443,3290958,1218479.0,2026-07-29,SSE,margin_detail,,
512880,证券ETF,4382478974,453284798,362539046.0,2026-07-29,SSE,margin_detail,,
512890,红利低波,351766176,138988164,157344809.0,2026-07-29,SSE,margin_detail,,
512900,证券基金,66607429,3440007,5980731.0,2026-07-29,SSE,margin_detail,,
512930,AIETF,53664002,6174958,7037748.0,2026-07-29,SSE,margin_detail,,
512940,有色矿业,3216760,307784,484735.0,2026-07-29,SSE,margin_detail,,
512950,央企改革,916143,44001,284749.0,2026-07-29,SSE,margin_detail,,
512980,传媒ETF,102126821,7180223,17395944.0,2026-07-29,SSE,margin_detail,,
513000,225ETF,62499640,26152786,14451375.0,2026-07-29,SSE,margin_detail,,
513010,港股科技,509614090,105510079,144110373.0,2026-07-29,SSE,margin_detail,,
513020,科技HK,43933518,10193602,6188792.0,2026-07-29,SSE,margin_detail,,
513030,德国ETF,26570735,6518082,9456419.0,2026-07-29,SSE,margin_detail,,
513040,HK互联网,65455061,66608081,68200837.0,2026-07-29,SSE,margin_detail,,
513050,中概互联,2375409840,278595515,272795457.0,2026-07-29,SSE,margin_detail,,
513060,恒生医疗,189123589,36289461,38151364.0,2026-07-29,SSE,margin_detail,,
513070,HK消费50,11754231,2441429,2664657.0,2026-07-29,SSE,margin_detail,,
513080,法国ETF,35563033,5628890,3406345.0,2026-07-29,SSE,margin_detail,,
513090,香港证券,2016386515,353928986,315881671.0,2026-07-29,SSE,margin_detail,,
513100,纳指ETF,1514265569,39030936,48455272.0,2026-07-29,SSE,margin_detail,,
513110,纳指100,244578552,66893873,62384947.0,2026-07-29,SSE,margin_detail,,
513120,HK创新药,1582393771,441212902,439092633.0,2026-07-29,SSE,margin_detail,,
513130,恒生科技,1321796843,391481076,413786993.0,2026-07-29,SSE,margin_detail,,
513160,科技30,71864822,19947665,22789341.0,2026-07-29,SSE,margin_detail,,
513180,恒指科技,1514733935,431693355,453666360.0,2026-07-29,SSE,margin_detail,,
513190,H股金融,21137419,12883122,11974765.0,2026-07-29,SSE,margin_detail,,
513200,港股医药,14711622,7150917,5408119.0,2026-07-29,SSE,margin_detail,,
513260,恒科技,94347883,15975915,15985929.0,2026-07-29,SSE,margin_detail,,
513290,纳指生物,29163490,4163230,4773621.0,2026-07-29,SSE,margin_detail,,
513300,纳斯达克,1746716753,55585587,45923549.0,2026-07-29,SSE,margin_detail,,
513310,中韩芯片,710783522,438797738,511180556.0,2026-07-29,SSE,margin_detail,,
513330,恒生互联,1434153498,297139479,356329426.0,2026-07-29,SSE,margin_detail,,
513350,油气ETF,77898190,124170469,116271571.0,2026-07-29,SSE,margin_detail,,
513380,科技恒生,84610111,7944104,9647802.0,2026-07-29,SSE,margin_detail,,
513390,纳指基金,194829617,42681440,39448154.0,2026-07-29,SSE,margin_detail,,
513400,道琼斯,77013765,23444315,17796720.0,2026-07-29,SSE,margin_detail,,
513500,标普500,224408099,18395801,19901258.0,2026-07-29,SSE,margin_detail,,
513520,日经ETF,109330536,31609953,35048167.0,2026-07-29,SSE,margin_detail,,
513530,港股红利,123791855,21868347,18422065.0,2026-07-29,SSE,margin_detail,,
513550,港股通50,3536750,2773177,2343118.0,2026-07-29,SSE,margin_detail,,
513560,香港科技,13287086,2450230,2558449.0,2026-07-29,SSE,margin_detail,,
513580,HS科技,37231488,3372537,5825932.0,2026-07-29,SSE,margin_detail,,
513600,恒指ETF,52234630,11304931,10376414.0,2026-07-29,SSE,margin_detail,,
513630,香港红利,141918743,66549614,53962142.0,2026-07-29,SSE,margin_detail,,
513650,标普ETF,60639486,13181452,12631851.0,2026-07-29,SSE,margin_detail,,
513660,恒生通,122316961,3390999,3731082.0,2026-07-29,SSE,margin_detail,,
513690,恒生股息,31255087,11241438,23338252.0,2026-07-29,SSE,margin_detail,,
513700,香港医药,26364277,7689420,20654501.0,2026-07-29,SSE,margin_detail,,
513730,东南亚,42707152,2727185,5977533.0,2026-07-29,SSE,margin_detail,,
513750,港股非银,151610296,20684971,34015448.0,2026-07-29,SSE,margin_detail,,
513770,港股互联,127422416,101966685,120182030.0,2026-07-29,SSE,margin_detail,,
513780,港股新药,81471514,18527478,22468335.0,2026-07-29,SSE,margin_detail,,
513800,东证ETF,38079799,8519927,9617736.0,2026-07-29,SSE,margin_detail,,
513820,XD港股分,34448837,2679500,9494571.0,2026-07-29,SSE,margin_detail,,
513850,美国50,89622876,4536890,4226632.0,2026-07-29,SSE,margin_detail,,
513860,HKC科技,33155511,8329052,7794436.0,2026-07-29,SSE,margin_detail,,
513870,纳指指数,132081923,5644855,7722307.0,2026-07-29,SSE,margin_detail,,
513880,日经225,65858592,36313601,26127338.0,2026-07-29,SSE,margin_detail,,
513890,HK科技,11350299,574858,449679.0,2026-07-29,SSE,margin_detail,,
513910,红利央企,40108486,2117995,1311989.0,2026-07-29,SSE,margin_detail,,
513920,央企40,26343727,13853949,13206690.0,2026-07-29,SSE,margin_detail,,
513950,恒生红利,15677155,857886,1318283.0,2026-07-29,SSE,margin_detail,,
513970,恒生消费,76159976,5240155,3981858.0,2026-07-29,SSE,margin_detail,,
513980,科技港股,205137817,27410176,30374211.0,2026-07-29,SSE,margin_detail,,
515000,科技ETF,63615954,12741335,7990010.0,2026-07-29,SSE,margin_detail,,
515010,华夏证券,67803957,4580457,5042999.0,2026-07-29,SSE,margin_detail,,
515020,银行指数,6470999,6597498,2215328.0,2026-07-29,SSE,margin_detail,,
515030,新汽车,29591132,4485919,3622400.0,2026-07-29,SSE,margin_detail,,
515050,5GETF,400336841,88989401,86880924.0,2026-07-29,SSE,margin_detail,,
515060,华夏地产,6116631,771118,1748667.0,2026-07-29,SSE,margin_detail,,
515070,AI智能,83140434,13334836,5996952.0,2026-07-29,SSE,margin_detail,,
515080,中证红利,245053115,55634585,41371616.0,2026-07-29,SSE,margin_detail,,
515100,红利100,63403995,9861883,9295261.0,2026-07-29,SSE,margin_detail,,
515120,创新药,413808958,70196691,57462130.0,2026-07-29,SSE,margin_detail,,
515170,食品饮料,126081984,5758438,9625166.0,2026-07-29,SSE,margin_detail,,
515180,100红利,165253438,22423082,21944517.0,2026-07-29,SSE,margin_detail,,
515210,钢铁ETF,23457516,7942497,6913565.0,2026-07-29,SSE,margin_detail,,
515220,煤炭ETF,181844894,28230006,28717324.0,2026-07-29,SSE,margin_detail,,
515230,软件ETF,228483156,8843243,15210978.0,2026-07-29,SSE,margin_detail,,
515260,电子ETF,2957486,1215581,3895581.0,2026-07-29,SSE,margin_detail,,
515290,银行,71314857,2283521,2705626.0,2026-07-29,SSE,margin_detail,,
515300,红利300,9944883,2422057,1967167.0,2026-07-29,SSE,margin_detail,,
515330,天弘300,2538533,451035,14487.0,2026-07-29,SSE,margin_detail,,
515370,中证光伏,3487468,833192,584051.0,2026-07-29,SSE,margin_detail,,
515380,泰康300,1356493,442735,1184424.0,2026-07-29,SSE,margin_detail,,
515390,HS300,5253181,4137213,4004814.0,2026-07-29,SSE,margin_detail,,
515400,大数据,81427497,6461411,7302886.0,2026-07-29,SSE,margin_detail,,
515450,红利50,71468883,2353497,2514652.0,2026-07-29,SSE,margin_detail,,
515630,保险证券,32811717,2689141,5202343.0,2026-07-29,SSE,margin_detail,,
515650,消费50,69294528,6114122,10400802.0,2026-07-29,SSE,margin_detail,,
515700,新能车,23760595,1680264,2137186.0,2026-07-29,SSE,margin_detail,,
515710,食品ETF,29073271,989789,2900077.0,2026-07-29,SSE,margin_detail,,
515750,科技50,1324432,150572,189281.0,2026-07-29,SSE,margin_detail,,
515790,光伏ETF,164628944,11057332,10453957.0,2026-07-29,SSE,margin_detail,,
515800,800ETF,6709401,2509566,465335.0,2026-07-29,SSE,margin_detail,,
515850,证券龙头,5166667,2498427,3647632.0,2026-07-29,SSE,margin_detail,,
515880,通信ETF,1469312389,244471728,182650634.0,2026-07-29,SSE,margin_detail,,
515950,医药龙头,8062774,1584072,679293.0,2026-07-29,SSE,margin_detail,,
515970,华夏机械,3174242,2363073,3197864.0,2026-07-29,SSE,margin_detail,,
515980,人工智能,151314337,16882884,8290135.0,2026-07-29,SSE,margin_detail,,
516010,游戏ETF,56912252,3737531,5496047.0,2026-07-29,SSE,margin_detail,,
516020,化工ETF,32299654,1453105,1457694.0,2026-07-29,SSE,margin_detail,,
516080,创新医药,110748499,20073178,6877071.0,2026-07-29,SSE,margin_detail,,
516090,新能源E,22428040,2700448,4652056.0,2026-07-29,SSE,margin_detail,,
516100,科技金融,41859138,6345048,4966573.0,2026-07-29,SSE,margin_detail,,
516120,化工50,18873044,1550134,1410378.0,2026-07-29,SSE,margin_detail,,
516130,消费龙头,2453038,112815,262579.0,2026-07-29,SSE,margin_detail,,
516150,稀土基金,53809231,5759805,3214087.0,2026-07-29,SSE,margin_detail,,
516160,新能源,45360851,4376996,8002685.0,2026-07-29,SSE,margin_detail,,
516310,银行指基,18763964,9382391,5238664.0,2026-07-29,SSE,margin_detail,,
516350,芯片50,33227362,9354532,13935547.0,2026-07-29,SSE,margin_detail,,
516510,云计算,62005163,10830533,7774167.0,2026-07-29,SSE,margin_detail,,
516520,智能驾驶,45505797,3410869,3722400.0,2026-07-29,SSE,margin_detail,,
516570,石化ETF,2324621,627905,413145.0,2026-07-29,SSE,margin_detail,,
516630,云计算50,11773250,4367832,5829092.0,2026-07-29,SSE,margin_detail,,
516640,芯片龙头,39274398,7995196,6630316.0,2026-07-29,SSE,margin_detail,,
516650,有色50,46186408,15171402,15008652.0,2026-07-29,SSE,margin_detail,,
516670,畜牧养殖,29634329,1077692,1883573.0,2026-07-29,SSE,margin_detail,,
516780,稀土ETF,31455975,2235552,2439537.0,2026-07-29,SSE,margin_detail,,
516820,医疗创新,80377626,4259788,4242570.0,2026-07-29,SSE,margin_detail,,
516860,金融科技,65606883,6281577,6943648.0,2026-07-29,SSE,margin_detail,,
516880,光伏50,10996302,582453,91899.0,2026-07-29,SSE,margin_detail,,
516920,芯片基金,13354476,6476802,6063869.0,2026-07-29,SSE,margin_detail,,
516970,基建50,7675389,1794474,1334311.0,2026-07-29,SSE,margin_detail,,
517110,创新药HK,8087416,278234,637057.0,2026-07-29,SSE,margin_detail,,
517300,AH300ETF,712712,34532,21032.0,2026-07-29,SSE,margin_detail,,
517380,创新药AH,38451679,4383428,1944867.0,2026-07-29,SSE,margin_detail,,
517400,黄金股票,9620292,799496,1144762.0,2026-07-29,SSE,margin_detail,,
517520,黄金股,261974203,34337811,46781994.0,2026-07-29,SSE,margin_detail,,
517900,银行优选,7313862,350116,586165.0,2026-07-29,SSE,margin_detail,,
518600,上海金,17582817,7624406,6615788.0,2026-07-29,SSE,margin_detail,,
518660,工银黄金,23697482,10710022,9482802.0,2026-07-29,SSE,margin_detail,,
518680,金ETF,14972279,7580715,5040729.0,2026-07-29,SSE,margin_detail,,
518800,黄金基金,279582760,30946311,33099323.0,2026-07-29,SSE,margin_detail,,
518850,黄金9999,199303057,23830617,18064784.0,2026-07-29,SSE,margin_detail,,
518860,上海金E,1375905,3928941,3650503.0,2026-07-29,SSE,margin_detail,,
518880,黄金ETF,5907385647,166451908,152135557.0,2026-07-29,SSE,margin_detail,,
520500,恒生新药,166080921,52724770,56789686.0,2026-07-29,SSE,margin_detail,,
520550,红利恒生,40466615,1080310,1218304.0,2026-07-29,SSE,margin_detail,,
520560,香港30,3427202,380070,27043.0,2026-07-29,SSE,margin_detail,,
520570,科技恒指,18735713,1040317,980257.0,2026-07-29,SSE,margin_detail,,
520650,互联网HK,264996,127668,115553.0,2026-07-29,SSE,margin_detail,,
520660,港红利CS,5810069,2121015,2265229.0,2026-07-29,SSE,margin_detail,,
520700,创新药WJ,14318457,10631515,13864729.0,2026-07-29,SSE,margin_detail,,
520830,沙特ETF,20037692,3645933,5435578.0,2026-07-29,SSE,margin_detail,,
520840,港科技,22553626,2166807,6111082.0,2026-07-29,SSE,margin_detail,,
520870,巴西ETF,14604987,5910193,5232168.0,2026-07-29,SSE,margin_detail,,
520880,港创新药,75645238,14404573,16687738.0,2026-07-29,SSE,margin_detail,,
520900,红利香港,8525621,2628011,2045607.0,2026-07-29,SSE,margin_detail,,
520920,恒生科TH,31171724,5223609,4426837.0,2026-07-29,SSE,margin_detail,,
520970,港股通药,5429507,1762160,3210790.0,2026-07-29,SSE,margin_detail,,
520980,港科技30,56632898,12138595,8308034.0,2026-07-29,SSE,margin_detail,,
520990,国新红利,56277994,10466980,6507936.0,2026-07-29,SSE,margin_detail,,
560010,1000基金,49573163,30879486,23037969.0,2026-07-29,SSE,margin_detail,,
560050,MSCIA50,7575208,1765301,1049069.0,2026-07-29,SSE,margin_detail,,
560080,中药ETF,56894293,5386135,4136814.0,2026-07-29,SSE,margin_detail,,
560090,证券指数,121827748,5211017,4152698.0,2026-07-29,SSE,margin_detail,,
560120,500现金,1250867,1303747,1048425.0,2026-07-29,SSE,margin_detail,,
560260,医疗50,7371068,1380814,320476.0,2026-07-29,SSE,margin_detail,,
560280,工程机械,20074622,5902020,4973501.0,2026-07-29,SSE,margin_detail,,
560350,A50指数,5935968,822011,752164.0,2026-07-29,SSE,margin_detail,,
560390,电网E,56042275,10745270,5938632.0,2026-07-29,SSE,margin_detail,,
560510,中证A500,6085286,3287186,3199343.0,2026-07-29,SSE,margin_detail,,
560530,A500ETF,15376983,7066939,4603537.0,2026-07-29,SSE,margin_detail,,
560570,A500低波,53443,337300,301542.0,2026-07-29,SSE,margin_detail,,
560610,A500指数,12201779,4143807,3013721.0,2026-07-29,SSE,margin_detail,,
560710,船舶ETF,20956447,2787957,2760678.0,2026-07-29,SSE,margin_detail,,
560770,机器人ZS,8454704,1957919,1844900.0,2026-07-29,SSE,margin_detail,,
560780,半导设备,224819697,59796147,51735887.0,2026-07-29,SSE,margin_detail,,
560830,电指数,7382424,1298007,1792318.0,2026-07-29,SSE,margin_detail,,
560860,工业有色,143444851,5975017,5169798.0,2026-07-29,SSE,margin_detail,,
561100,电子龙头,6937496,1481228,2274869.0,2026-07-29,SSE,margin_detail,,
561160,锂电池,23633735,7113365,7243290.0,2026-07-29,SSE,margin_detail,,
561170,绿电50,1753775,214269,234229.0,2026-07-29,SSE,margin_detail,,
561330,矿业ETF,22221305,805467,2980274.0,2026-07-29,SSE,margin_detail,,
561360,石油ETF,4785974,4553129,4892274.0,2026-07-29,SSE,margin_detail,,
561380,电网ETF,30990856,4768905,3197650.0,2026-07-29,SSE,margin_detail,,
561550,500指增,50466670,8919977,3001212.0,2026-07-29,SSE,margin_detail,,
561560,电力ETF,22507379,4430545,1694934.0,2026-07-29,SSE,margin_detail,,
561580,央企红利,28422759,6393221,5722212.0,2026-07-29,SSE,margin_detail,,
561910,电池ETF,53907308,3551049,2875715.0,2026-07-29,SSE,margin_detail,,
561980,芯片设备,148751035,24424268,26536648.0,2026-07-29,SSE,margin_detail,,
562060,标普红利,3351515,574832,820836.0,2026-07-29,SSE,margin_detail,,
562310,300成长,7762767,1293300,1309826.0,2026-07-29,SSE,margin_detail,,
562500,机器人,813263799,44778586,35901195.0,2026-07-29,SSE,margin_detail,,
562510,旅游ETF,20970378,1544794,2772740.0,2026-07-29,SSE,margin_detail,,
562550,绿电ETF,16228478,1009139,1501868.0,2026-07-29,SSE,margin_detail,,
562590,半导材料,551101508,33679328,43058506.0,2026-07-29,SSE,margin_detail,,
562800,稀有金属,101932229,8177823,14319105.0,2026-07-29,SSE,margin_detail,,
562880,电池基金,8125763,3141664,4078867.0,2026-07-29,SSE,margin_detail,,
562930,软件30,19754759,3522573,2672212.0,2026-07-29,SSE,margin_detail,,
562950,消电50,27159280,2637876,14246418.0,2026-07-29,SSE,margin_detail,,
562960,绿色电力,12790846,428442,1588107.0,2026-07-29,SSE,margin_detail,,
563000,中国A50,1132573,139110,339138.0,2026-07-29,SSE,margin_detail,,
563020,低波红利,166952426,20143738,21233108.0,2026-07-29,SSE,margin_detail,,
563080,中证A50E,1933292,918297,1135192.0,2026-07-29,SSE,margin_detail,,
563220,A500富国,5609923,5458284,4610286.0,2026-07-29,SSE,margin_detail,,
563230,卫星ETF,200464298,14363937,8567740.0,2026-07-29,SSE,margin_detail,,
563300,中证2000,276776775,90208387,78866324.0,2026-07-29,SSE,margin_detail,,
563360,A500基金,133127185,48602317,36857787.0,2026-07-29,SSE,margin_detail,,
563380,航空航天,23589078,2698807,634404.0,2026-07-29,SSE,margin_detail,,
563390,现金基金,3022142,2266852,1524500.0,2026-07-29,SSE,margin_detail,,
563530,卫星E,59993748,2980032,4883020.0,2026-07-29,SSE,margin_detail,,
563790,卫星产业,25406837,2404915,1964295.0,2026-07-29,SSE,margin_detail,,
563800,A500龙头,27679390,7343843,5371859.0,2026-07-29,SSE,margin_detail,,
563880,A500添富,1548186,2700440,2022852.0,2026-07-29,SSE,margin_detail,,
588000,科创50,2651349254,924109733,809875830.0,2026-07-29,SSE,margin_detail,,
588010,科创材料,25887103,13755006,9112835.0,2026-07-29,SSE,margin_detail,,
588020,科创50E,39709926,12392765,22949877.0,2026-07-29,SSE,margin_detail,,
588030,科创指基,63067178,6956060,6687895.0,2026-07-29,SSE,margin_detail,,
588050,科创ETF,97616569,21443547,14515773.0,2026-07-29,SSE,margin_detail,,
588060,上证科创,161139284,34441792,16688010.0,2026-07-29,SSE,margin_detail,,
588080,科创板50,570255388,166421462,148823811.0,2026-07-29,SSE,margin_detail,,
588090,科创板,62234435,13900931,8791117.0,2026-07-29,SSE,margin_detail,,
588110,科创成长,10133717,2674769,1228666.0,2026-07-29,SSE,margin_detail,,
588120,科100ETF,20366493,8943485,4927176.0,2026-07-29,SSE,margin_detail,,
588160,科创新材,9854303,6349178,24811249.0,2026-07-29,SSE,margin_detail,,
588170,科创半导,1756419526,570989664,600297655.0,2026-07-29,SSE,margin_detail,,
588180,科创50基,15265869,4911836,3877089.0,2026-07-29,SSE,margin_detail,,
588190,科创100,38246294,8555821,3506194.0,2026-07-29,SSE,margin_detail,,
588200,科创芯片,2018850255,250620674,286372663.0,2026-07-29,SSE,margin_detail,,
588220,科创100F,80030293,23089318,20238403.0,2026-07-29,SSE,margin_detail,,
588230,科创200,41575402,5733420,4134574.0,2026-07-29,SSE,margin_detail,,
588290,芯片科创,114527959,15395694,12389562.0,2026-07-29,SSE,margin_detail,,
588300,双创ETF,14623889,4763962,2928547.0,2026-07-29,SSE,margin_detail,,
588330,双创龙头,37149147,9759902,3144962.0,2026-07-29,SSE,margin_detail,,
588380,创50ETF,29900154,9494581,5795414.0,2026-07-29,SSE,margin_detail,,
588400,双创50,6364664,497964,1222718.0,2026-07-29,SSE,margin_detail,,
588460,科创增强,14710677,5636757,6312084.0,2026-07-29,SSE,margin_detail,,
588710,科半导体,490684603,154700847,155540043.0,2026-07-29,SSE,margin_detail,,
588730,科创AI,12578625,2675677,2270602.0,2026-07-29,SSE,margin_detail,,
588750,科创芯50,74456034,15187633,10433023.0,2026-07-29,SSE,margin_detail,,
588760,AI科创,74745868,12655288,7602824.0,2026-07-29,SSE,margin_detail,,
588780,芯片设计,37239733,8811096,7036680.0,2026-07-29,SSE,margin_detail,,
588790,科创智能,82154909,14111608,5511157.0,2026-07-29,SSE,margin_detail,,
588800,科创100C,29234194,6677059,3486684.0,2026-07-29,SSE,margin_detail,,
588810,科创板芯,24053258,7873853,11352513.0,2026-07-29,SSE,margin_detail,,
588830,科创新能,20917647,5988494,5187711.0,2026-07-29,SSE,margin_detail,,
588870,科创50指,17885593,8270254,5059710.0,2026-07-29,SSE,margin_detail,,
588890,科创芯,29678239,11597528,11468345.0,2026-07-29,SSE,margin_detail,,
588930,科创板AI,19735497,3018303,3803579.0,2026-07-29,SSE,margin_detail,,
588940,UC科创富,29426812,9934016,8851858.0,2026-07-29,SSE,margin_detail,,
588990,科芯片,1571226,2056596,2655259.0,2026-07-29,SSE,margin_detail,,
589000,科创综指,24384865,3960956,2305591.0,2026-07-29,SSE,margin_detail,,
589010,科创AI指,9382498,6895248,2277982.0,2026-07-29,SSE,margin_detail,,
589020,KC半导体,297840048,103675353,105001508.0,2026-07-29,SSE,margin_detail,,
589070,科芯TH,15704530,5505996,8646532.0,2026-07-29,SSE,margin_detail,,
589100,国泰芯片,14230213,4548596,5335963.0,2026-07-29,SSE,margin_detail,,
589110,科AI国泰,3139051,1286902,2160396.0,2026-07-29,SSE,margin_detail,,
589120,创新药基,44127284,11391137,7223548.0,2026-07-29,SSE,margin_detail,,
589130,科创芯易,52544827,11693512,12581270.0,2026-07-29,SSE,margin_detail,,
589190,科创芯基,12846488,2173116,2401521.0,2026-07-29,SSE,margin_detail,,
589210,芯设计GF,1304773,1562151,3288242.0,2026-07-29,SSE,margin_detail,,
589520,AI科创板,5561719,1221509,1202879.0,2026-07-29,SSE,margin_detail,,
589680,科创综Z,7297998,3474188,3175846.0,2026-07-29,SSE,margin_detail,,
589720,科创新药,379814465,64825523,53289539.0,2026-07-29,SSE,margin_detail,,
589800,科创综合,24191188,6490056,4629772.0,2026-07-29,SSE,margin_detail,,
589850,科创东财,37963794,15607769,12278170.0,2026-07-29,SSE,margin_detail,,
600000,浦发银行,3669213382,56671733,51075334.0,2026-07-29,SSE,margin_detail,finance,金融
600004,白云机场,362656505,3247654,6087752.0,2026-07-29,SSE,margin_detail,,
600006,东风股份,324076200,4701860,5209135.0,2026-07-29,SSE,margin_detail,,
600007,中国国贸,215321838,1800071,1902050.0,2026-07-29,SSE,margin_detail,,
600008,首创环保,480408357,25252001,24746979.0,2026-07-29,SSE,margin_detail,,
600009,上海机场,1670769017,11807299,19381692.0,2026-07-29,SSE,margin_detail,,
600010,包钢股份,2574298225,101654216,118737402.0,2026-07-29,SSE,margin_detail,,
600011,华能国际,1099845498,35692529,57100806.0,2026-07-29,SSE,margin_detail,,
600012,皖通高速,23725223,8604039,9026172.0,2026-07-29,SSE,margin_detail,,
600015,华夏银行,1974851836,46061648,76527768.0,2026-07-29,SSE,margin_detail,,
600016,民生银行,7693436370,96331178,111966367.0,2026-07-29,SSE,margin_detail,,
600017,日照港,300616530,6287593,6805992.0,2026-07-29,SSE,margin_detail,,
600018,上港集团,599553117,11400180,11637806.0,2026-07-29,SSE,margin_detail,,
600019,宝钢股份,1624560958,23049116,40825113.0,2026-07-29,SSE,margin_detail,,
600020,中原高速,140665137,7538839,8012573.0,2026-07-29,SSE,margin_detail,,
600021,上海电力,1081770019,33807661,34189004.0,2026-07-29,SSE,margin_detail,,
600022,山东钢铁,290903218,11375486,13817377.0,2026-07-29,SSE,margin_detail,,
600023,浙能电力,372344142,10949917,11583570.0,2026-07-29,SSE,margin_detail,,
600025,华能水电,1761135997,11287393,23239254.0,2026-07-29,SSE,margin_detail,,
600026,中远海能,1760555850,58087922,69922095.0,2026-07-29,SSE,margin_detail,,
600027,华电国际,672587079,24243866,28301727.0,2026-07-29,SSE,margin_detail,,
600028,中国石化,1854226242,122626592,83619331.0,2026-07-29,SSE,margin_detail,,
600029,南方航空,673645173,35650967,32468031.0,2026-07-29,SSE,margin_detail,,
600030,中信证券,18379537434,329116319,376398065.0,2026-07-29,SSE,margin_detail,,
600031,三一重工,1455701403,89306649,92601232.0,2026-07-29,SSE,margin_detail,,
600032,浙江新能,165882584,13405368,11181596.0,2026-07-29,SSE,margin_detail,,
600033,福建高速,323882113,8791416,10207933.0,2026-07-29,SSE,margin_detail,,
600035,楚天高速,109157061,3954770,3390850.0,2026-07-29,SSE,margin_detail,,
600036,招商银行,10583871658,184088602,403966061.0,2026-07-29,SSE,margin_detail,,
600037,歌华有线,479325508,8941853,10491713.0,2026-07-29,SSE,margin_detail,,
600038,中直股份,975730121,16093444,14271154.0,2026-07-29,SSE,margin_detail,,
600039,四川路桥,90556778,2928528,6036334.0,2026-07-29,SSE,margin_detail,,
600048,保利发展,2783368663,50705752,66213103.0,2026-07-29,SSE,margin_detail,,
600050,中国联通,2810869782,36123965,68260788.0,2026-07-29,SSE,margin_detail,,
600055,万东医疗,364055578,4782313,3969657.0,2026-07-29,SSE,margin_detail,,
600056,中国医药,458519415,6631890,9303956.0,2026-07-29,SSE,margin_detail,,
600057,厦门象屿,255031417,4236137,4701787.0,2026-07-29,SSE,margin_detail,,
600058,五矿发展,335081516,13049336,10338084.0,2026-07-29,SSE,margin_detail,,
600059,古越龙山,438817114,9446254,7053959.0,2026-07-29,SSE,margin_detail,,
600060,海信视像,254086132,18949545,12714318.0,2026-07-29,SSE,margin_detail,,
600061,国投资本,1437855135,17399813,27280813.0,2026-07-29,SSE,margin_detail,,
600062,XD华润双,512304365,2907303,11484020.0,2026-07-29,SSE,margin_detail,,
600063,皖维高新,826324066,17850456,21881542.0,2026-07-29,SSE,margin_detail,,
600064,南京高科,400978071,8254757,14688792.0,2026-07-29,SSE,margin_detail,,
600066,宇通客车,138630315,20613223,20801488.0,2026-07-29,SSE,margin_detail,,
600067,冠城新材,214861226,5042303,6083968.0,2026-07-29,SSE,margin_detail,,
600071,凤凰光学,186677842,3272897,3800115.0,2026-07-29,SSE,margin_detail,,
600072,中船科技,460937104,7892402,7466856.0,2026-07-29,SSE,margin_detail,,
600073,光明肉业,349247435,2982512,2611733.0,2026-07-29,SSE,margin_detail,,
600075,新疆天业,177285884,8331829,6471401.0,2026-07-29,SSE,margin_detail,,
600076,康欣新材,231578668,3037700,4665347.0,2026-07-29,SSE,margin_detail,,
600078,澄星股份,42425971,4249366,4555207.0,2026-07-29,SSE,margin_detail,,
600081,东风科技,97447442,1956227,2006611.0,2026-07-29,SSE,margin_detail,,
600085,同仁堂,1009984404,11738311,18369298.0,2026-07-29,SSE,margin_detail,,
600088,中视传媒,274732663,3074722,2871549.0,2026-07-29,SSE,margin_detail,,
600089,特变电工,5508911100,157813901,164719942.0,2026-07-29,SSE,margin_detail,,
600094,大名城,650960302,3387502,2832329.0,2026-07-29,SSE,margin_detail,,
600095,湘财股份,676079862,44070506,47540478.0,2026-07-29,SSE,margin_detail,,
600096,云天化,3068953969,98008217,116240505.0,2026-07-29,SSE,margin_detail,,
600098,广州发展,306321150,10733291,14532424.0,2026-07-29,SSE,margin_detail,,
600100,同方股份,1795167782,22392699,23183812.0,2026-07-29,SSE,margin_detail,,
600101,明星电力,252307988,7094841,6586523.0,2026-07-29,SSE,margin_detail,,
600104,上汽集团,2930106105,21168366,71543828.0,2026-07-29,SSE,margin_detail,,
600105,永鼎股份,1834460702,165532206,259255735.0,2026-07-29,SSE,margin_detail,,
600106,重庆路桥,463675174,5235469,5061607.0,2026-07-29,SSE,margin_detail,,
600108,亚盛集团,338367385,22327074,21771994.0,2026-07-29,SSE,margin_detail,,
600109,国金证券,1600364702,21093401,20921752.0,2026-07-29,SSE,margin_detail,,
600110,诺德股份,523711335,36805020,47092810.0,2026-07-29,SSE,margin_detail,,
600111,北方稀土,6589638241,88456396,116774394.0,2026-07-29,SSE,margin_detail,,
600113,浙江东日,879194219,8418919,15638951.0,2026-07-29,SSE,margin_detail,,
600114,东睦股份,1714919764,27819370,58438441.0,2026-07-29,SSE,margin_detail,,
600115,中国东航,478821480,37842903,39266885.0,2026-07-29,SSE,margin_detail,,
600116,三峡水利,202096613,6930177,11261590.0,2026-07-29,SSE,margin_detail,,
600118,中国卫星,2981862452,97325340,179184235.0,2026-07-29,SSE,margin_detail,,
600120,浙江东方,715524174,14866929,22375472.0,2026-07-29,SSE,margin_detail,,
600121,郑州煤电,133417321,9821604,6423717.0,2026-07-29,SSE,margin_detail,,
600123,兰花科创,327365520,13294172,15187536.0,2026-07-29,SSE,margin_detail,,
600125,铁龙物流,471333806,4244110,8390834.0,2026-07-29,SSE,margin_detail,,
600126,杭钢股份,657824486,19093208,26758801.0,2026-07-29,SSE,margin_detail,,
600127,金健米业,138750419,2989618,2339141.0,2026-07-29,SSE,margin_detail,,
600129,太极集团,367151239,23884584,23472670.0,2026-07-29,SSE,margin_detail,,
600131,国网信通,478327152,7711162,8099988.0,2026-07-29,SSE,margin_detail,,
600132,重庆啤酒,355648116,8333615,9689135.0,2026-07-29,SSE,margin_detail,,
600133,东湖高新,832412860,9332460,11426343.0,2026-07-29,SSE,margin_detail,,
600135,乐凯胶片,191288044,2137994,3773149.0,2026-07-29,SSE,margin_detail,,
600138,中青旅,343945531,2993067,6060466.0,2026-07-29,SSE,margin_detail,,
600141,兴发集团,1583293382,67823058,73269460.0,2026-07-29,SSE,margin_detail,,
600143,金发科技,1645629191,25775819,28497369.0,2026-07-29,SSE,margin_detail,,
600150,中国船舶,6981474660,206443114,265458707.0,2026-07-29,SSE,margin_detail,,
600151,航天机电,795250413,32209049,19805174.0,2026-07-29,SSE,margin_detail,,
600153,建发股份,333593750,5808929,14009834.0,2026-07-29,SSE,margin_detail,,
600155,华创云信,1287739410,14982874,25242435.0,2026-07-29,SSE,margin_detail,,
600157,永泰能源,1425920068,80843948,84262309.0,2026-07-29,SSE,margin_detail,,
600158,中体产业,512387435,26522152,34664616.0,2026-07-29,SSE,margin_detail,,
600160,巨化股份,4183196562,135653753,139152041.0,2026-07-29,SSE,margin_detail,,
600161,天坛生物,1263885439,18442120,9147291.0,2026-07-29,SSE,margin_detail,,
600162,XD香江控,277471648,28312435,31374786.0,2026-07-29,SSE,margin_detail,,
600163,中闽能源,237895732,7871127,7878913.0,2026-07-29,SSE,margin_detail,,
600166,福田汽车,513309087,26834926,23475186.0,2026-07-29,SSE,margin_detail,,
600167,联美控股,604778479,1935747,3713036.0,2026-07-29,SSE,margin_detail,,
600168,武汉控股,128870598,1001057,1607515.0,2026-07-29,SSE,margin_detail,,
600170,上海建工,729599734,33273660,34255206.0,2026-07-29,SSE,margin_detail,,
600171,上海贝岭,953831656,13046424,14862125.0,2026-07-29,SSE,margin_detail,,
600172,黄河旋风,575764670,78826606,113926445.0,2026-07-29,SSE,margin_detail,,
600176,中国巨石,3640460486,773688091,751658951.0,2026-07-29,SSE,margin_detail,,
600177,雅戈尔,302425287,22107141,20374862.0,2026-07-29,SSE,margin_detail,,
600179,安通控股,635997341,4665836,5114942.0,2026-07-29,SSE,margin_detail,,
600183,生益科技,3102727406,322681941,479773541.0,2026-07-29,SSE,margin_detail,,
600184,光电股份,426346821,18644644,26854585.0,2026-07-29,SSE,margin_detail,,
600185,珠免集团,428447701,12591142,8811676.0,2026-07-29,SSE,margin_detail,,
600186,莲花控股,915617257,58744415,59158436.0,2026-07-29,SSE,margin_detail,,
600188,兖矿能源,471466586,59735538,47900470.0,2026-07-29,SSE,margin_detail,,
600192,长城电工,139664742,5496128,2836169.0,2026-07-29,SSE,margin_detail,,
600195,中牧股份,184969763,1454796,2355246.0,2026-07-29,SSE,margin_detail,,
600196,复星医药,2196076669,19902819,23376206.0,2026-07-29,SSE,margin_detail,,
600197,伊力特,157214423,9086383,6353427.0,2026-07-29,SSE,margin_detail,,
600198,大唐电信,43883564,4692555,4338434.0,2026-07-29,SSE,margin_detail,,
600199,金种子酒,190682331,17468222,11587795.0,2026-07-29,SSE,margin_detail,,
600201,生物股份,1491869784,8022414,12981738.0,2026-07-29,SSE,margin_detail,,
600203,福日电子,177186006,12704845,10005126.0,2026-07-29,SSE,margin_detail,,
600206,有研新材,1051429754,291892685,303959227.0,2026-07-29,SSE,margin_detail,,
600207,安彩高科,237045694,3468492,5472013.0,2026-07-29,SSE,margin_detail,,
600208,衢州发展,1104835578,15177345,20101839.0,2026-07-29,SSE,margin_detail,,
600210,紫江企业,431459370,5333972,7894295.0,2026-07-29,SSE,margin_detail,,
600211,西藏药业,318313451,11089788,7926217.0,2026-07-29,SSE,margin_detail,,
600212,绿能慧充,151989482,2818230,2846631.0,2026-07-29,SSE,margin_detail,,
600216,浙江医药,611529740,11260356,10649762.0,2026-07-29,SSE,margin_detail,,
600217,中再资环,296298332,1662897,1858394.0,2026-07-29,SSE,margin_detail,,
600218,全柴动力,292083606,4055934,3467858.0,2026-07-29,SSE,margin_detail,,
600219,南山铝业,1549671945,79213237,103361912.0,2026-07-29,SSE,margin_detail,,
600221,海航控股,925625697,31294190,37537703.0,2026-07-29,SSE,margin_detail,,
600222,太龙药业,372814735,5758639,5659879.0,2026-07-29,SSE,margin_detail,,
600223,福瑞达,326681695,2985309,3052734.0,2026-07-29,SSE,margin_detail,,
600226,亨通股份,510955289,33990594,34453477.0,2026-07-29,SSE,margin_detail,,
600229,城市传媒,119268358,2223493,3226160.0,2026-07-29,SSE,margin_detail,,
600230,沧州大化,229937698,10303146,10739463.0,2026-07-29,SSE,margin_detail,,
600231,凌钢股份,83292567,550615,1197848.0,2026-07-29,SSE,margin_detail,,
600233,圆通速递,158532725,16707634,27574772.0,2026-07-29,SSE,margin_detail,,
600236,桂冠电力,136949701,26341188,31863984.0,2026-07-29,SSE,margin_detail,,
600237,铜峰电子,470337291,22845662,17558821.0,2026-07-29,SSE,margin_detail,,
600246,万通发展,1709541214,116312116,182890871.0,2026-07-29,SSE,margin_detail,,
600248,陕建股份,207946263,2861778,2997740.0,2026-07-29,SSE,margin_detail,,
600251,冠农股份,424841708,19647661,11661882.0,2026-07-29,SSE,margin_detail,,
600252,中恒集团,308488610,4725587,3301772.0,2026-07-29,SSE,margin_detail,,
600255,鑫科材料,377837575,13446239,18986380.0,2026-07-29,SSE,margin_detail,,
600256,广汇能源,1553597738,50022586,46997361.0,2026-07-29,SSE,margin_detail,,
600257,大湖股份,160905278,10258100,8598164.0,2026-07-29,SSE,margin_detail,,
600258,首旅酒店,246239533,30498292,24279606.0,2026-07-29,SSE,margin_detail,,
600259,中稀有色,996621582,46111020,47732248.0,2026-07-29,SSE,margin_detail,,
600261,阳光照明,187579314,2469126,1915604.0,2026-07-29,SSE,margin_detail,,
600266,城建发展,470999422,7400410,7831736.0,2026-07-29,SSE,margin_detail,,
600267,海正药业,764670152,33786921,27583990.0,2026-07-29,SSE,margin_detail,,
600268,国电南自,352270066,19600430,15847573.0,2026-07-29,SSE,margin_detail,,
600269,赣粤高速,242339113,3813651,7408491.0,2026-07-29,SSE,margin_detail,,
600271,航天信息,612922890,6945732,12261110.0,2026-07-29,SSE,margin_detail,,
600273,嘉化能源,278061117,9190727,10074580.0,2026-07-29,SSE,margin_detail,,
600276,恒瑞医药,5655679621,207023435,227834620.0,2026-07-29,SSE,margin_detail,healthcare,医药医疗
600278,东方创业,192174496,1229359,3646770.0,2026-07-29,SSE,margin_detail,,
600282,南钢股份,193890418,5013251,12334754.0,2026-07-29,SSE,margin_detail,,
600284,浦东建设,319224156,3684812,11445854.0,2026-07-29,SSE,margin_detail,,
600285,羚锐制药,346596481,8890331,10675718.0,2026-07-29,SSE,margin_detail,,
600288,大恒科技,412440664,39929556,27943894.0,2026-07-29,SSE,margin_detail,,
600292,电投水电,434781692,7277319,8626506.0,2026-07-29,SSE,margin_detail,,
600293,三峡新材,141420702,6801870,5208378.0,2026-07-29,SSE,margin_detail,,
600295,鄂尔多斯,73964377,7008090,10510083.0,2026-07-29,SSE,margin_detail,,
600298,安琪酵母,484111130,17013844,10348392.0,2026-07-29,SSE,margin_detail,,
600299,安迪苏,288472726,26105889,31629207.0,2026-07-29,SSE,margin_detail,,
600301,华锡有色,51800583,19124588,15765381.0,2026-07-29,SSE,margin_detail,,
600305,恒顺醋业,157765270,3007325,4910652.0,2026-07-29,SSE,margin_detail,,
600307,酒钢宏兴,193438082,6931636,7787160.0,2026-07-29,SSE,margin_detail,,
600308,华泰股份,273666428,1485600,1268129.0,2026-07-29,SSE,margin_detail,,
600309,万华化学,3049422924,134721526,167190411.0,2026-07-29,SSE,margin_detail,,
600310,广西能源,195283118,20761963,23589371.0,2026-07-29,SSE,margin_detail,,
600312,平高电气,1133991770,30901149,35454901.0,2026-07-29,SSE,margin_detail,,
600313,农发种业,313594573,7332535,5555672.0,2026-07-29,SSE,margin_detail,,
600315,上海家化,357075476,7982114,8222677.0,2026-07-29,SSE,margin_detail,,
600316,洪都航空,712685416,19507136,23286672.0,2026-07-29,SSE,margin_detail,,
600318,新力金融,279361351,8127260,7629258.0,2026-07-29,SSE,margin_detail,,
600320,振华重工,452726716,13838317,9361362.0,2026-07-29,SSE,margin_detail,,
600322,津投城开,103876548,4744828,2284387.0,2026-07-29,SSE,margin_detail,,
600323,瀚蓝环境,246727678,8267780,8812714.0,2026-07-29,SSE,margin_detail,,
600325,华发股份,500262160,7032402,7474990.0,2026-07-29,SSE,margin_detail,,
600326,西藏天路,486657413,12732872,11354266.0,2026-07-29,SSE,margin_detail,,
600328,中盐化工,386700589,6413333,6737269.0,2026-07-29,SSE,margin_detail,,
600329,达仁堂,387656523,11609947,9609563.0,2026-07-29,SSE,margin_detail,,
600330,天通股份,1994891214,115227549,109976037.0,2026-07-29,SSE,margin_detail,,
600331,宏达股份,1334868631,52731712,59078391.0,2026-07-29,SSE,margin_detail,,
600332,白云山,985852976,12905476,18557802.0,2026-07-29,SSE,margin_detail,,
600333,长春燃气,74506647,3883253,6018197.0,2026-07-29,SSE,margin_detail,,
600335,国机汽车,261532301,4466618,5730597.0,2026-07-29,SSE,margin_detail,,
600336,澳柯玛,428207369,2439989,4730515.0,2026-07-29,SSE,margin_detail,,
600338,西藏珠峰,794833434,25246050,25045259.0,2026-07-29,SSE,margin_detail,,
600339,中油工程,381135333,10884590,12237850.0,2026-07-29,SSE,margin_detail,,
600343,航天动力,612067004,26034406,36959922.0,2026-07-29,SSE,margin_detail,,
600345,长江通信,636131019,29638798,41929690.0,2026-07-29,SSE,margin_detail,,
600346,恒力石化,1897749576,19969127,30507290.0,2026-07-29,SSE,margin_detail,,
600348,华阳股份,943431065,21996711,64853168.0,2026-07-29,SSE,margin_detail,,
600350,山东高速,29211804,4282422,3092393.0,2026-07-29,SSE,margin_detail,,
600351,亚宝药业,180573521,5615079,5834335.0,2026-07-29,SSE,margin_detail,,
600352,浙江龙盛,1295626907,44353145,57886592.0,2026-07-29,SSE,margin_detail,,
600353,旭光电子,1035467098,67765134,112977524.0,2026-07-29,SSE,margin_detail,,
600354,敦煌种业,172152334,19138163,19497623.0,2026-07-29,SSE,margin_detail,,
600359,新农开发,93389849,3882187,3382710.0,2026-07-29,SSE,margin_detail,,
600361,创新新材,27050622,7752344,7420988.0,2026-07-29,SSE,margin_detail,,
600362,江西铜业,2424069301,113979828,127390797.0,2026-07-29,SSE,margin_detail,,
600363,联创光电,1047848855,15337082,14762078.0,2026-07-29,SSE,margin_detail,,
600366,宁波韵升,584656607,49135210,37085626.0,2026-07-29,SSE,margin_detail,,
600367,红星发展,942664655,59248393,46671992.0,2026-07-29,SSE,margin_detail,,
600368,五洲交通,156870372,6997286,4815032.0,2026-07-29,SSE,margin_detail,,
600369,西南证券,889254073,25065811,22582383.0,2026-07-29,SSE,margin_detail,,
600372,中航机载,1585928249,44432033,42572472.0,2026-07-29,SSE,margin_detail,,
600373,中文传媒,245413496,2536088,6247174.0,2026-07-29,SSE,margin_detail,,
600376,首开股份,232955828,33169171,18582870.0,2026-07-29,SSE,margin_detail,,
600377,宁沪高速,120357276,5012838,7678521.0,2026-07-29,SSE,margin_detail,,
600378,昊华科技,1102473492,196020856,243498063.0,2026-07-29,SSE,margin_detail,,
600379,宝光股份,168182414,18469771,22720176.0,2026-07-29,SSE,margin_detail,,
600380,健康元,669343506,12431685,13085663.0,2026-07-29,SSE,margin_detail,,
600383,金地集团,885532513,12910192,20417388.0,2026-07-29,SSE,margin_detail,,
600386,北巴传媒,121501573,3400580,4517179.0,2026-07-29,SSE,margin_detail,,
600388,龙净环保,437722016,15435438,12674614.0,2026-07-29,SSE,margin_detail,,
600389,江山股份,318573496,15581408,18351278.0,2026-07-29,SSE,margin_detail,,
600390,五矿资本,1056673039,18087838,24135179.0,2026-07-29,SSE,margin_detail,,
600391,航发科技,273068225,9868336,12263569.0,2026-07-29,SSE,margin_detail,,
600392,盛和资源,2443567349,91920909,116660160.0,2026-07-29,SSE,margin_detail,,
600395,盘江股份,456177097,8987903,13733047.0,2026-07-29,SSE,margin_detail,,
600398,海澜之家,151371341,12230165,9364673.0,2026-07-29,SSE,margin_detail,,
600399,抚顺特钢,473190777,7998544,7241476.0,2026-07-29,SSE,margin_detail,,
600400,红豆股份,185816108,9364309,7731098.0,2026-07-29,SSE,margin_detail,,
600403,大有能源,95448707,40323875,27564675.0,2026-07-29,SSE,margin_detail,,
600405,动力源,127116612,4132213,8062347.0,2026-07-29,SSE,margin_detail,,
600406,国电南瑞,2882942289,74407711,81852960.0,2026-07-29,SSE,margin_detail,,
600409,三友化工,213587829,13818903,11341986.0,2026-07-29,SSE,margin_detail,,
600410,华胜天成,1058752681,30873326,45902536.0,2026-07-29,SSE,margin_detail,,
600415,小商品城,1506121965,105817515,118296521.0,2026-07-29,SSE,margin_detail,,
600416,湘电股份,872350342,8178864,11150181.0,2026-07-29,SSE,margin_detail,,
600418,江淮汽车,5288620875,137559218,106748432.0,2026-07-29,SSE,margin_detail,,
600420,国药现代,377083399,8160330,7479226.0,2026-07-29,SSE,margin_detail,,
600422,昆药集团,270654537,7714753,8004828.0,2026-07-29,SSE,margin_detail,,
600425,青松建化,330866935,3912013,5420810.0,2026-07-29,SSE,margin_detail,,
600426,华鲁恒升,659979547,36354820,28657993.0,2026-07-29,SSE,margin_detail,,
600428,中远海特,352790278,62222209,55110178.0,2026-07-29,SSE,margin_detail,,
600433,冠豪高新,294192109,6621608,10575801.0,2026-07-29,SSE,margin_detail,,
600435,北方导航,635281111,12262159,30417838.0,2026-07-29,SSE,margin_detail,,
600436,片仔癀,1643210527,89649172,102714663.0,2026-07-29,SSE,margin_detail,,
600438,通威股份,2261219320,16398912,27782922.0,2026-07-29,SSE,margin_detail,,
600446,金证股份,849769069,14168796,16307265.0,2026-07-29,SSE,margin_detail,,
600448,华纺股份,283045828,3146987,3352914.0,2026-07-29,SSE,margin_detail,,
600449,宁夏建材,405188755,2808028,4142867.0,2026-07-29,SSE,margin_detail,,
600452,涪陵电力,584246087,13780356,18249616.0,2026-07-29,SSE,margin_detail,,
600456,宝钛股份,539804246,5298904,11173149.0,2026-07-29,SSE,margin_detail,,
600458,时代新材,451915991,12756238,18241695.0,2026-07-29,SSE,margin_detail,,
600459,贵研铂业,1197975685,23167157,32653333.0,2026-07-29,SSE,margin_detail,,
600460,士兰微,1998810628,149039644,188093693.0,2026-07-29,SSE,margin_detail,,
600461,洪城环境,44992375,5156016,4446785.0,2026-07-29,SSE,margin_detail,,
600467,好当家,137271670,5428518,5135174.0,2026-07-29,SSE,margin_detail,,
600469,风神股份,141105032,1433999,2794382.0,2026-07-29,SSE,margin_detail,,
600470,六国化工,131178606,7217353,3854319.0,2026-07-29,SSE,margin_detail,,
600475,华光环能,351953492,4356748,6190503.0,2026-07-29,SSE,margin_detail,,
600477,杭萧钢构,197856369,4649990,4328368.0,2026-07-29,SSE,margin_detail,,
600478,科力远,436810912,9190309,9335557.0,2026-07-29,SSE,margin_detail,,
600480,凌云股份,500041116,9993897,14464751.0,2026-07-29,SSE,margin_detail,,
600481,双良节能,327487401,3887162,8235752.0,2026-07-29,SSE,margin_detail,,
600482,中国动力,855359601,50388209,30834126.0,2026-07-29,SSE,margin_detail,,
600483,福能股份,363745678,6359272,10765096.0,2026-07-29,SSE,margin_detail,,
600486,扬农化工,185486567,11396087,11162608.0,2026-07-29,SSE,margin_detail,,
600487,亨通光电,7083731023,813671568,946802772.0,2026-07-29,SSE,margin_detail,,
600489,中金黄金,2693058886,104336809,132615508.0,2026-07-29,SSE,margin_detail,,
600490,鹏欣资源,1026505557,18185313,17341205.0,2026-07-29,SSE,margin_detail,,
600495,晋西车轴,232459523,4137866,2168979.0,2026-07-29,SSE,margin_detail,,
600496,精工钢构,163601899,4159887,4752330.0,2026-07-29,SSE,margin_detail,,
600497,驰宏锌锗,1961623791,66733403,107696147.0,2026-07-29,SSE,margin_detail,,
600498,烽火通信,2300626805,135173633,181195970.0,2026-07-29,SSE,margin_detail,,
600499,科达制造,346695075,9320866,18246604.0,2026-07-29,SSE,margin_detail,,
600500,中化国际,737771307,23155320,25825435.0,2026-07-29,SSE,margin_detail,,
600501,航天晨光,307378265,4717386,4566623.0,2026-07-29,SSE,margin_detail,,
600502,安徽建工,219830085,5822493,7357867.0,2026-07-29,SSE,margin_detail,,
600503,华丽家族,234995314,2869296,3621224.0,2026-07-29,SSE,margin_detail,,
600505,西昌电力,93203065,5260924,4771185.0,2026-07-29,SSE,margin_detail,,
600507,方大特钢,196266726,5328040,7596181.0,2026-07-29,SSE,margin_detail,,
600508,上海能源,230773621,5442678,4078126.0,2026-07-29,SSE,margin_detail,,
600509,天富能源,649536839,41651055,42575550.0,2026-07-29,SSE,margin_detail,,
600510,黑牡丹,266350707,1503262,2888028.0,2026-07-29,SSE,margin_detail,,
600511,国药股份,339219486,7014086,8638965.0,2026-07-29,SSE,margin_detail,,
600512,腾达建设,261243882,3762709,5460742.0,2026-07-29,SSE,margin_detail,,
600515,海南机场,685073908,18860468,21024434.0,2026-07-29,SSE,margin_detail,,
600516,方大炭素,747604507,8872718,12959406.0,2026-07-29,SSE,margin_detail,,
600517,国网英大,494655739,5114907,7453055.0,2026-07-29,SSE,margin_detail,,
600518,康美药业,519033298,8827695,8922600.0,2026-07-29,SSE,margin_detail,,
600519,贵州茅台,17712514819,355843404,637441622.0,2026-07-29,SSE,margin_detail,consumption,消费
600521,华海药业,960823769,57970845,31695387.0,2026-07-29,SSE,margin_detail,,
600522,中天科技,5290085725,452192736,548453975.0,2026-07-29,SSE,margin_detail,,
600523,贵航股份,231014564,3884682,4289646.0,2026-07-29,SSE,margin_detail,,
600528,中铁工业,571484971,5052316,8222772.0,2026-07-29,SSE,margin_detail,,
600529,山东药玻,780061735,55882877,49661418.0,2026-07-29,SSE,margin_detail,,
600531,豫光金铅,1093335256,23919236,33953988.0,2026-07-29,SSE,margin_detail,,
600533,栖霞建设,150132338,1851458,1375584.0,2026-07-29,SSE,margin_detail,,
600535,天士力,606773858,29488500,21679278.0,2026-07-29,SSE,margin_detail,,
600536,中国软件,1474351621,49989011,46301657.0,2026-07-29,SSE,margin_detail,,
600545,卓郎智能,186865041,24144220,26111943.0,2026-07-29,SSE,margin_detail,,
600546,山煤国际,453087159,44533111,26604548.0,2026-07-29,SSE,margin_detail,,
600547,山东黄金,2406858019,70264998,277016724.0,2026-07-29,SSE,margin_detail,,
600548,深高速,59344805,1202672,1641374.0,2026-07-29,SSE,margin_detail,,
600549,厦门钨业,2124770884,162939445,174345599.0,2026-07-29,SSE,margin_detail,,
600550,保变电气,485451680,40169212,51064587.0,2026-07-29,SSE,margin_detail,,
600551,时代出版,194831484,1014709,2527641.0,2026-07-29,SSE,margin_detail,,
600552,凯盛科技,1014693787,116185986,85606121.0,2026-07-29,SSE,margin_detail,,
600556,天下秀,314530699,10790371,11510539.0,2026-07-29,SSE,margin_detail,,
600557,康缘药业,241517802,4542591,5862251.0,2026-07-29,SSE,margin_detail,,
600559,老白干酒,387946692,10694063,9293405.0,2026-07-29,SSE,margin_detail,,
600562,国睿科技,333714374,16204302,17924664.0,2026-07-29,SSE,margin_detail,,
600563,法拉电子,908556358,55038172,47631681.0,2026-07-29,SSE,margin_detail,,
600566,济川药业,148485385,5332571,6086725.0,2026-07-29,SSE,margin_detail,,
600567,山鹰国际,336208087,4070735,3468149.0,2026-07-29,SSE,margin_detail,,
600569,安阳钢铁,61376676,2400467,2834510.0,2026-07-29,SSE,margin_detail,,
600570,恒生电子,2634958306,61633392,47778576.0,2026-07-29,SSE,margin_detail,,
600571,信雅达,391187202,5920002,5343265.0,2026-07-29,SSE,margin_detail,,
600572,康恩贝,430205564,11001721,12501910.0,2026-07-29,SSE,margin_detail,,
600575,淮河能源,285659265,13744767,37858350.0,2026-07-29,SSE,margin_detail,,
600577,精达股份,1406746601,33206203,42754932.0,2026-07-29,SSE,margin_detail,,
600578,京能电力,290482726,44921117,36238421.0,2026-07-29,SSE,margin_detail,,
600580,卧龙电驱,2154169602,41318073,52271221.0,2026-07-29,SSE,margin_detail,,
600582,天地科技,351421697,17162139,6722584.0,2026-07-29,SSE,margin_detail,,
600583,海油工程,951670724,16845694,13383627.0,2026-07-29,SSE,margin_detail,,
600584,长电科技,6850817942,830428356,1080124079.0,2026-07-29,SSE,margin_detail,,
600585,海螺水泥,1604322959,37069631,58515593.0,2026-07-29,SSE,margin_detail,,
600586,金晶科技,259185517,3260562,2257675.0,2026-07-29,SSE,margin_detail,,
600587,新华医疗,367320670,5891827,7368173.0,2026-07-29,SSE,margin_detail,,
600588,用友网络,1343932769,50721518,37840542.0,2026-07-29,SSE,margin_detail,,
600589,大位科技,562850866,19874735,29685145.0,2026-07-29,SSE,margin_detail,,
600590,泰豪科技,215369258,10982902,17840066.0,2026-07-29,SSE,margin_detail,,
600592,龙溪股份,315320535,7350689,5694394.0,2026-07-29,SSE,margin_detail,,
600594,益佰制药,236128256,22638675,21615113.0,2026-07-29,SSE,margin_detail,,
600595,中孚实业,472152754,46717352,49743860.0,2026-07-29,SSE,margin_detail,,
600596,新安股份,796391024,21204081,19356625.0,2026-07-29,SSE,margin_detail,,
600597,光明乳业,239462546,5894159,4673414.0,2026-07-29,SSE,margin_detail,,
600598,北大荒,389454569,8372373,9033088.0,2026-07-29,SSE,margin_detail,,
600600,青岛啤酒,518691153,14153256,32436463.0,2026-07-29,SSE,margin_detail,,
600601,方正科技,2273576096,112287137,284306321.0,2026-07-29,SSE,margin_detail,,
600602,XD云赛智,752187701,46512780,47558234.0,2026-07-29,SSE,margin_detail,,
600604,市北高新,234736528,2719197,3481844.0,2026-07-29,SSE,margin_detail,,
600606,绿地控股,556943303,9207149,18672286.0,2026-07-29,SSE,margin_detail,,
600609,金杯汽车,359619634,4129762,6137947.0,2026-07-29,SSE,margin_detail,,
600610,中毅达,111924453,4192013,4655387.0,2026-07-29,SSE,margin_detail,,
600611,大众交通,331179925,13387945,12418631.0,2026-07-29,SSE,margin_detail,,
600612,老凤祥,108376124,2806498,5848702.0,2026-07-29,SSE,margin_detail,,
600616,金枫酒业,142580517,2809185,2029998.0,2026-07-29,SSE,margin_detail,,
600617,国新能源,133671217,69100045,36288552.0,2026-07-29,SSE,margin_detail,,
600618,氯碱化工,166639423,3893982,4570761.0,2026-07-29,SSE,margin_detail,,
600619,海立股份,552286408,35155376,15367274.0,2026-07-29,SSE,margin_detail,,
600620,天宸股份,229684742,1521570,6127269.0,2026-07-29,SSE,margin_detail,,
600621,华鑫股份,537994684,5846498,7453884.0,2026-07-29,SSE,margin_detail,,
600622,光大嘉宝,105449603,2375070,3551089.0,2026-07-29,SSE,margin_detail,,
600623,华谊集团,477182455,20842892,15686820.0,2026-07-29,SSE,margin_detail,,
600626,申达股份,197142838,2326281,3047321.0,2026-07-29,SSE,margin_detail,,
600629,华建集团,356571184,25569966,23880617.0,2026-07-29,SSE,margin_detail,,
600630,龙头股份,170528435,13119246,9317528.0,2026-07-29,SSE,margin_detail,,
600633,浙数文化,654880120,10290053,14593412.0,2026-07-29,SSE,margin_detail,,
600635,大众公用,553236956,5388160,6926238.0,2026-07-29,SSE,margin_detail,,
600637,东方明珠,1133820469,61820909,71279513.0,2026-07-29,SSE,margin_detail,,
600639,浦东金桥,166687739,2967900,2335420.0,2026-07-29,SSE,margin_detail,,
600640,国脉文化,195991564,2572743,4695545.0,2026-07-29,SSE,margin_detail,,
600641,先导基电,1416290478,91856414,230755647.0,2026-07-29,SSE,margin_detail,,
600642,申能股份,238141529,28381335,19654323.0,2026-07-29,SSE,margin_detail,,
600643,爱建集团,265988143,1696837,2918175.0,2026-07-29,SSE,margin_detail,,
600644,乐山电力,139785665,22979437,25926798.0,2026-07-29,SSE,margin_detail,,
600645,中源协和,799541979,6153284,10944939.0,2026-07-29,SSE,margin_detail,,
600648,外高桥,628250012,869393,2034998.0,2026-07-29,SSE,margin_detail,,
600649,城投控股,434050770,2182173,3445235.0,2026-07-29,SSE,margin_detail,,
600651,飞乐音响,292458711,10681685,10561512.0,2026-07-29,SSE,margin_detail,,
600653,申华控股,95357041,5183647,2271170.0,2026-07-29,SSE,margin_detail,,
600655,豫园股份,175705274,1678043,2208876.0,2026-07-29,SSE,margin_detail,,
600657,信达地产,160706033,3031118,2932034.0,2026-07-29,SSE,margin_detail,,
600660,福耀玻璃,1925953304,21439013,26751998.0,2026-07-29,SSE,margin_detail,,
600661,昂立教育,160114422,2048164,1806785.0,2026-07-29,SSE,margin_detail,,
600662,外服控股,187140308,3916486,4269213.0,2026-07-29,SSE,margin_detail,,
600663,陆家嘴,136706802,12376253,11432305.0,2026-07-29,SSE,margin_detail,,
600664,哈药股份,356021655,236690395,184247701.0,2026-07-29,SSE,margin_detail,,
600667,太极实业,1466991967,559771112,477806800.0,2026-07-29,SSE,margin_detail,,
600668,尖峰集团,235601016,4256888,3025546.0,2026-07-29,SSE,margin_detail,,
600673,东阳光,2917705407,91945022,104967780.0,2026-07-29,SSE,margin_detail,,
600674,川投能源,693360871,23935057,58879114.0,2026-07-29,SSE,margin_detail,,
600675,中华企业,246152963,4272962,4234428.0,2026-07-29,SSE,margin_detail,,
600676,久事动娱,183588803,7795824,5705445.0,2026-07-29,SSE,margin_detail,,
600681,百川能源,145571407,3788623,3099413.0,2026-07-29,SSE,margin_detail,,
600682,南京新百,267618974,3522690,5088013.0,2026-07-29,SSE,margin_detail,,
600684,珠江股份,218896730,9543516,5189909.0,2026-07-29,SSE,margin_detail,,
600685,中船防务,714470978,23907465,23678694.0,2026-07-29,SSE,margin_detail,,
600686,金龙汽车,210907283,8870217,11915638.0,2026-07-29,SSE,margin_detail,,
600688,上海石化,314772609,11650709,12601148.0,2026-07-29,SSE,margin_detail,,
600690,海尔智家,1524652633,41109778,64239590.0,2026-07-29,SSE,margin_detail,,
600691,潞化科技,116362976,4158381,4330241.0,2026-07-29,SSE,margin_detail,,
600692,亚通股份,156652445,2528782,4033184.0,2026-07-29,SSE,margin_detail,,
600693,东百集团,37914600,16464788,28983807.0,2026-07-29,SSE,margin_detail,,
600694,大商股份,229444707,3594598,8669595.0,2026-07-29,SSE,margin_detail,,
600698,湖南天雁,64217521,28911314,14182163.0,2026-07-29,SSE,margin_detail,,
600699,均胜电子,1436899068,33120255,40581876.0,2026-07-29,SSE,margin_detail,,
600702,舍得酒业,694294238,19151177,24920478.0,2026-07-29,SSE,margin_detail,,
600703,三安光电,4308531876,111876306,163092222.0,2026-07-29,SSE,margin_detail,,
600704,物产中大,1648444899,41626955,22017673.0,2026-07-29,SSE,margin_detail,,
600707,彩虹股份,653229586,43977749,64562102.0,2026-07-29,SSE,margin_detail,,
600708,光明地产,284157151,2980430,2665334.0,2026-07-29,SSE,margin_detail,,
600710,苏美达,141946628,5698135,3661463.0,2026-07-29,SSE,margin_detail,,
600711,盛屯矿业,1834999260,39396729,87525775.0,2026-07-29,SSE,margin_detail,,
600716,凤凰股份,187746126,2671238,1397382.0,2026-07-29,SSE,margin_detail,,
600717,天津港,297223681,7682467,9896464.0,2026-07-29,SSE,margin_detail,,
600718,东软集团,912425890,8535282,9754874.0,2026-07-29,SSE,margin_detail,,
600720,中交设计,365159693,983754,2066898.0,2026-07-29,SSE,margin_detail,,
600722,金牛化工,132656343,10826792,9627562.0,2026-07-29,SSE,margin_detail,,
600728,佳都科技,862249220,7522415,14930490.0,2026-07-29,SSE,margin_detail,,
600729,重百集团,175685643,4876989,5186589.0,2026-07-29,SSE,margin_detail,,
600732,爱旭股份,1567213182,24785079,36229831.0,2026-07-29,SSE,margin_detail,,
600733,北汽蓝谷,2047946429,63751198,40338133.0,2026-07-29,SSE,margin_detail,,
600736,苏州高新,496318387,29713545,19013885.0,2026-07-29,SSE,margin_detail,,
600737,中粮糖业,1562573294,29171133,28300380.0,2026-07-29,SSE,margin_detail,,
600739,辽宁成大,1238563638,22032161,26354804.0,2026-07-29,SSE,margin_detail,,
600740,山西焦化,367917265,6046728,6611845.0,2026-07-29,SSE,margin_detail,,
600741,XD华域汽,591802525,16488655,35685906.0,2026-07-29,SSE,margin_detail,,
600742,富维股份,316169466,2739736,4493367.0,2026-07-29,SSE,margin_detail,,
600743,华远控股,84755304,5484648,3181805.0,2026-07-29,SSE,margin_detail,,
600744,华银电力,287424010,229390736,230896739.0,2026-07-29,SSE,margin_detail,,
600748,上实发展,265448604,7802108,5803400.0,2026-07-29,SSE,margin_detail,,
600750,华润江中,143272963,3901359,9416577.0,2026-07-29,SSE,margin_detail,,
600751,海航科技,476430264,6465318,8909156.0,2026-07-29,SSE,margin_detail,,
600754,锦江酒店,233379046,21352471,19632517.0,2026-07-29,SSE,margin_detail,,
600755,厦门国贸,588721809,4637117,8824320.0,2026-07-29,SSE,margin_detail,,
600756,浪潮软件,281350715,63644432,86461614.0,2026-07-29,SSE,margin_detail,,
600757,长江传媒,161083259,13112692,5163162.0,2026-07-29,SSE,margin_detail,,
600758,辽宁能源,143566987,7896905,8098241.0,2026-07-29,SSE,margin_detail,,
600760,中航沈飞,1795236281,36088584,57015939.0,2026-07-29,SSE,margin_detail,,
600761,安徽合力,320954155,13145236,20148107.0,2026-07-29,SSE,margin_detail,,
600763,通策医疗,704654440,13216927,17313912.0,2026-07-29,SSE,margin_detail,,
600764,中国海防,300227990,9407622,10149817.0,2026-07-29,SSE,margin_detail,,
600765,中航重机,1092709869,22257931,19926648.0,2026-07-29,SSE,margin_detail,,
600770,综艺股份,322436399,18868728,13651125.0,2026-07-29,SSE,margin_detail,,
600771,广誉远,555402700,9156351,12200544.0,2026-07-29,SSE,margin_detail,,
600773,西藏城投,558216070,23060212,17925588.0,2026-07-29,SSE,margin_detail,,
600775,南京熊猫,283086842,44123720,56637998.0,2026-07-29,SSE,margin_detail,,
600776,东方通信,422163673,10002235,14487049.0,2026-07-29,SSE,margin_detail,,
600777,新潮能源,78966690,8290064,4336868.0,2026-07-29,SSE,margin_detail,,
600779,水井坊,271226511,10484114,10123501.0,2026-07-29,SSE,margin_detail,,
600780,通宝能源,220223871,9005403,10518422.0,2026-07-29,SSE,margin_detail,,
600782,新钢股份,358614279,5193279,7095386.0,2026-07-29,SSE,margin_detail,,
600783,鲁信创投,539777415,30340467,73107244.0,2026-07-29,SSE,margin_detail,,
600787,中储股份,521025788,3414507,6987123.0,2026-07-29,SSE,margin_detail,,
600789,鲁抗医药,493966920,7617872,16573780.0,2026-07-29,SSE,margin_detail,,
600790,轻纺城,485740456,7302751,5033692.0,2026-07-29,SSE,margin_detail,,
600795,国电电力,772224146,50014633,52507780.0,2026-07-29,SSE,margin_detail,,
600797,浙大网新,427841056,13599266,15266957.0,2026-07-29,SSE,margin_detail,,
600798,宁波海运,107585529,3194792,5017565.0,2026-07-29,SSE,margin_detail,,
600800,渤海化学,193057504,5424090,4008082.0,2026-07-29,SSE,margin_detail,,
600801,华新建材,314096382,10508520,7426784.0,2026-07-29,SSE,margin_detail,,
600802,福建水泥,407514451,2357522,1653787.0,2026-07-29,SSE,margin_detail,,
600803,新奥股份,96893807,3995929,5105472.0,2026-07-29,SSE,margin_detail,,
600805,悦达投资,257823128,2027425,1935130.0,2026-07-29,SSE,margin_detail,,
600808,马钢股份,346015217,10638505,12263855.0,2026-07-29,SSE,margin_detail,,
600809,山西汾酒,1544139526,107179049,90756300.0,2026-07-29,SSE,margin_detail,,
600810,神马股份,189148951,2402070,6912778.0,2026-07-29,SSE,margin_detail,,
600812,华北制药,221179286,5536024,4500777.0,2026-07-29,SSE,margin_detail,,
600816,建元信托,388948155,16786756,16803066.0,2026-07-29,SSE,margin_detail,,
600820,隧道股份,526626531,8249415,9963220.0,2026-07-29,SSE,margin_detail,,
600821,金开新能,589676202,46418195,46416008.0,2026-07-29,SSE,margin_detail,,
600822,上海物贸,86282810,1381763,1665642.0,2026-07-29,SSE,margin_detail,,
600825,新华传媒,283499075,3434246,4676374.0,2026-07-29,SSE,margin_detail,,
600826,兰生股份,188243214,14197410,7262786.0,2026-07-29,SSE,margin_detail,,
600827,百联股份,475037076,6752572,9757365.0,2026-07-29,SSE,margin_detail,,
600830,香溢融通,332150650,2685317,2166553.0,2026-07-29,SSE,margin_detail,,
600835,上海机电,843265193,13271636,16053945.0,2026-07-29,SSE,margin_detail,,
600838,上海九百,159686040,5123190,4778093.0,2026-07-29,SSE,margin_detail,,
600839,四川长虹,1679557151,17829467,31799221.0,2026-07-29,SSE,margin_detail,,
600843,上工申贝,151691551,2543471,3951217.0,2026-07-29,SSE,margin_detail,,
600845,宝信软件,592094302,16996595,18090816.0,2026-07-29,SSE,margin_detail,,
600846,同济科技,297550156,21679330,29305833.0,2026-07-29,SSE,margin_detail,,
600848,上海临港,360973397,3652357,5600755.0,2026-07-29,SSE,margin_detail,,
600850,电科数字,756884613,14664293,17205274.0,2026-07-29,SSE,margin_detail,,
600851,海欣股份,330530772,6594108,6353428.0,2026-07-29,SSE,margin_detail,,
600855,航天长峰,266115621,7982618,5096468.0,2026-07-29,SSE,margin_detail,,
600859,王府井,643002183,9493622,12856621.0,2026-07-29,SSE,margin_detail,,
600860,京城股份,110767478,4104460,2683188.0,2026-07-29,SSE,margin_detail,,
600862,中航高科,872490907,21025963,18530204.0,2026-07-29,SSE,margin_detail,,
600863,XD华能蒙,437881506,33142566,41046164.0,2026-07-29,SSE,margin_detail,,
600864,XD哈投股,704783949,6325944,14732709.0,2026-07-29,SSE,margin_detail,,
600866,星湖科技,544425167,2627051,4920396.0,2026-07-29,SSE,margin_detail,,
600867,通化东宝,564440445,23681537,22970317.0,2026-07-29,SSE,margin_detail,,
600868,梅雁吉祥,187915780,13763581,12615961.0,2026-07-29,SSE,margin_detail,,
600869,远东股份,1329110380,101296556,100388180.0,2026-07-29,SSE,margin_detail,,
600871,石化油服,429856257,24458598,35263661.0,2026-07-29,SSE,margin_detail,,
600872,中炬高新,564781811,25524634,52831770.0,2026-07-29,SSE,margin_detail,,
600873,梅花生物,447991415,10860808,13627653.0,2026-07-29,SSE,margin_detail,,
600874,创业环保,246327316,1800928,2919431.0,2026-07-29,SSE,margin_detail,,
600875,东方电气,1848617460,79819587,73923888.0,2026-07-29,SSE,margin_detail,,
600876,凯盛新能,60173922,2574655,1559329.0,2026-07-29,SSE,margin_detail,,
600877,电科芯片,550984534,7410423,9727928.0,2026-07-29,SSE,margin_detail,,
600879,航天电子,2151331931,61840981,74871790.0,2026-07-29,SSE,margin_detail,,
600880,博瑞传播,303995245,3820803,5907123.0,2026-07-29,SSE,margin_detail,,
600881,亚泰集团,162486542,23548691,19130621.0,2026-07-29,SSE,margin_detail,,
600882,妙可蓝多,159784988,15559063,23084339.0,2026-07-29,SSE,margin_detail,,
600884,杉杉股份,1436933379,41181639,33614854.0,2026-07-29,SSE,margin_detail,,
600885,宏发股份,515204597,52189327,79207734.0,2026-07-29,SSE,margin_detail,,
600886,国投电力,568434931,11884070,36106754.0,2026-07-29,SSE,margin_detail,,
600887,伊利股份,2415283202,74667404,127508015.0,2026-07-29,SSE,margin_detail,,
600888,新疆众和,1184670664,55422131,38583764.0,2026-07-29,SSE,margin_detail,,
600893,航发动力,2457037905,74671634,62353630.0,2026-07-29,SSE,margin_detail,defense,军工
600894,广日股份,121878871,1501303,1870733.0,2026-07-29,SSE,margin_detail,,
600895,张江高科,2509749240,100059768,47972796.0,2026-07-29,SSE,margin_detail,,
600897,厦门空港,112146514,1511394,912618.0,2026-07-29,SSE,margin_detail,,
600900,长江电力,11543270526,190302155,262561448.0,2026-07-29,SSE,margin_detail,,
600901,江苏金租,151487060,9895312,14462963.0,2026-07-29,SSE,margin_detail,,
600903,贵州燃气,204669639,13972678,8338762.0,2026-07-29,SSE,margin_detail,,
600905,三峡能源,1031291666,56832167,97452048.0,2026-07-29,SSE,margin_detail,,
600906,财达证券,819703152,51612982,86449481.0,2026-07-29,SSE,margin_detail,,
600908,无锡银行,664050555,8031471,15764708.0,2026-07-29,SSE,margin_detail,,
600909,华安证券,1969549770,394106820,305912197.0,2026-07-29,SSE,margin_detail,,
600916,中国黄金,302880440,21812574,16384103.0,2026-07-29,SSE,margin_detail,,
600917,重庆燃气,119850781,1553142,1341271.0,2026-07-29,SSE,margin_detail,,
600918,中泰证券,1421206805,11283350,12700990.0,2026-07-29,SSE,margin_detail,,
600919,江苏银行,4101611081,79971291,98497370.0,2026-07-29,SSE,margin_detail,,
600926,杭州银行,2421959737,39782400,79122040.0,2026-07-29,SSE,margin_detail,,
600927,永安期货,17708670,3834259,3144747.0,2026-07-29,SSE,margin_detail,,
600928,西安银行,172251090,7746737,6964451.0,2026-07-29,SSE,margin_detail,,
600929,雪天盐业,285409602,9955415,9640536.0,2026-07-29,SSE,margin_detail,,
600930,华电新能,894959188,53085062,61828956.0,2026-07-29,SSE,margin_detail,,
600933,爱柯迪,422033582,6353492,9710853.0,2026-07-29,SSE,margin_detail,,
600936,北投科技,253252141,38647034,28210552.0,2026-07-29,SSE,margin_detail,,
600938,中国海油,2336342244,164091247,160126705.0,2026-07-29,SSE,margin_detail,,
600941,中国移动,1620061173,52057616,94551964.0,2026-07-29,SSE,margin_detail,,
600956,新天绿能,114711078,3618184,4354938.0,2026-07-29,SSE,margin_detail,,
600958,东方证券,2772232226,84374530,99484431.0,2026-07-29,SSE,margin_detail,,
600959,江苏有线,587173268,9784660,12683276.0,2026-07-29,SSE,margin_detail,,
600961,株冶集团,900723989,63723384,85941066.0,2026-07-29,SSE,margin_detail,,
600963,岳阳林纸,240905281,5749085,7920818.0,2026-07-29,SSE,margin_detail,,
600966,博汇纸业,137923286,1744647,5664299.0,2026-07-29,SSE,margin_detail,,
600967,内蒙一机,529859861,26292205,28131291.0,2026-07-29,SSE,margin_detail,,
600968,海油发展,258966823,6566599,13837507.0,2026-07-29,SSE,margin_detail,,
600970,中材国际,550581028,6831082,10921155.0,2026-07-29,SSE,margin_detail,,
600971,恒源煤电,112554962,7422604,6648173.0,2026-07-29,SSE,margin_detail,,
600973,宝胜股份,418147307,7034979,7499478.0,2026-07-29,SSE,margin_detail,,
600975,新五丰,132123749,734546,2877173.0,2026-07-29,SSE,margin_detail,,
600976,健民集团,180097407,5070159,3781168.0,2026-07-29,SSE,margin_detail,,
600977,中国电影,506030003,36135878,52980921.0,2026-07-29,SSE,margin_detail,,
600979,广安爱众,232647160,6586484,5714108.0,2026-07-29,SSE,margin_detail,,
600985,淮北矿业,377234389,27751075,15952429.0,2026-07-29,SSE,margin_detail,,
600986,浙文互联,1095796748,39508054,34815437.0,2026-07-29,SSE,margin_detail,,
600987,航民股份,128406355,1998713,2331829.0,2026-07-29,SSE,margin_detail,,
600988,赤峰黄金,1111707323,107986163,179889826.0,2026-07-29,SSE,margin_detail,,
600989,宝丰能源,3690393236,73471810,127653282.0,2026-07-29,SSE,margin_detail,,
600990,四创电子,234214599,4998309,8135144.0,2026-07-29,SSE,margin_detail,,
600993,马应龙,243817282,7750756,20513252.0,2026-07-29,SSE,margin_detail,,
600995,南网储能,369238745,14810695,14612412.0,2026-07-29,SSE,margin_detail,,
600996,贵广网络,379563995,7431984,7028970.0,2026-07-29,SSE,margin_detail,,
600997,开滦股份,208637254,3385436,3847602.0,2026-07-29,SSE,margin_detail,,
600998,九州通,545652044,19773545,15171942.0,2026-07-29,SSE,margin_detail,,
600999,招商证券,3351290965,179327395,273873131.0,2026-07-29,SSE,margin_detail,,
601000,唐山港,76246732,9488371,15689945.0,2026-07-29,SSE,margin_detail,,
601001,晋控煤业,179476363,21064782,22310982.0,2026-07-29,SSE,margin_detail,,
601002,晋亿实业,193298067,4557171,5694151.0,2026-07-29,SSE,margin_detail,,
601003,柳钢股份,76475121,1167879,1135306.0,2026-07-29,SSE,margin_detail,,
601005,重庆钢铁,175015422,5105181,3690307.0,2026-07-29,SSE,margin_detail,,
601006,大秦铁路,1858778730,19467683,37379365.0,2026-07-29,SSE,margin_detail,,
601008,连云港,99695690,1306530,2568254.0,2026-07-29,SSE,margin_detail,,
601009,南京银行,578808252,15112607,17874431.0,2026-07-29,SSE,margin_detail,,
601011,宝泰隆,163486871,2525998,5889068.0,2026-07-29,SSE,margin_detail,,
601012,隆基绿能,4821259334,39652168,63240949.0,2026-07-29,SSE,margin_detail,new_energy,新能源
601015,陕西黑猫,137323578,4347566,5149768.0,2026-07-29,SSE,margin_detail,,
601016,节能风电,585809427,22932183,21993482.0,2026-07-29,SSE,margin_detail,,
601018,宁波港,287416952,14156059,14282430.0,2026-07-29,SSE,margin_detail,,
601019,山东出版,71962088,1891922,2250243.0,2026-07-29,SSE,margin_detail,,
601020,华钰矿业,1628216946,14800953,21624668.0,2026-07-29,SSE,margin_detail,,
601021,春秋航空,436988254,19069280,20913592.0,2026-07-29,SSE,margin_detail,,
601022,宁波远洋,131150120,2071065,3777529.0,2026-07-29,SSE,margin_detail,,
601026,道生天合,100793289,7525789,5615263.0,2026-07-29,SSE,margin_detail,,
601033,永兴股份,97791602,2595788,6690092.0,2026-07-29,SSE,margin_detail,,
601038,一拖股份,109017402,4486827,7250054.0,2026-07-29,SSE,margin_detail,,
601058,赛轮轮胎,745484940,40288723,35383038.0,2026-07-29,SSE,margin_detail,,
601059,XD信达证,588568563,8426158,9173028.0,2026-07-29,SSE,margin_detail,,
601061,中信金属,558231376,29662124,30627227.0,2026-07-29,SSE,margin_detail,,
601065,江盐集团,163752296,1672584,3251240.0,2026-07-29,SSE,margin_detail,,
601066,中信建投,2235956398,90466886,89236175.0,2026-07-29,SSE,margin_detail,,
601068,中铝国际,65197449,2188963,3551764.0,2026-07-29,SSE,margin_detail,,
601069,西部黄金,350841933,20902387,20620542.0,2026-07-29,SSE,margin_detail,,
601077,渝农商行,281711946,32732979,27043702.0,2026-07-29,SSE,margin_detail,,
601083,锦江航运,122938190,2769087,4465525.0,2026-07-29,SSE,margin_detail,,
601088,中国神华,513604927,63773647,70840754.0,2026-07-29,SSE,margin_detail,,
601096,宏盛华源,215631736,4210764,5631508.0,2026-07-29,SSE,margin_detail,,
601098,中南传媒,159052712,4922123,6974098.0,2026-07-29,SSE,margin_detail,,
601099,太平洋,1908666731,18118972,13387595.0,2026-07-29,SSE,margin_detail,,
601100,恒立液压,394950429,25843191,20297522.0,2026-07-29,SSE,margin_detail,,
601101,昊华能源,119320492,18570315,16942258.0,2026-07-29,SSE,margin_detail,,
601106,中国一重,417022710,15053363,15371402.0,2026-07-29,SSE,margin_detail,,
601107,四川成渝,22709240,2281797,3311478.0,2026-07-29,SSE,margin_detail,,
601108,财通证券,1989333539,95583946,52832019.0,2026-07-29,SSE,margin_detail,,
601111,中国国航,898062379,35835936,29394486.0,2026-07-29,SSE,margin_detail,,
601112,振石股份,158573274,2684331,2104219.0,2026-07-29,SSE,margin_detail,,
601116,三江购物,146887007,5892892,6068789.0,2026-07-29,SSE,margin_detail,,
601117,中国化学,2279442889,46596888,59834929.0,2026-07-29,SSE,margin_detail,,
601118,海南橡胶,705752648,10512381,12252673.0,2026-07-29,SSE,margin_detail,,
601126,四方股份,2033042387,52594504,139526542.0,2026-07-29,SSE,margin_detail,,
601127,赛力斯,3800813299,80610266,106378468.0,2026-07-29,SSE,margin_detail,,
601128,常熟银行,424589966,12617294,14431188.0,2026-07-29,SSE,margin_detail,,
601133,柏诚股份,197895043,27360644,54141501.0,2026-07-29,SSE,margin_detail,,
601136,首创证券,687367472,6127528,8656459.0,2026-07-29,SSE,margin_detail,,
601137,博威合金,1036511970,18053223,16311497.0,2026-07-29,SSE,margin_detail,,
601138,工业富联,7971446475,557271657,712421556.0,2026-07-29,SSE,margin_detail,,
601139,深圳燃气,177044808,6065104,6173803.0,2026-07-29,SSE,margin_detail,,
601155,新城控股,684729012,38839588,26457689.0,2026-07-29,SSE,margin_detail,,
601156,东航物流,1010522236,10208733,17570434.0,2026-07-29,SSE,margin_detail,,
601158,重庆水务,122478503,1664779,2148856.0,2026-07-29,SSE,margin_detail,,
601162,天风证券,1697454388,38226512,34076656.0,2026-07-29,SSE,margin_detail,,
601163,三角轮胎,201514296,2699648,2299294.0,2026-07-29,SSE,margin_detail,,
601166,兴业银行,9129377642,138034144,254505993.0,2026-07-29,SSE,margin_detail,,
601168,西部矿业,1903611171,172742368,195114199.0,2026-07-29,SSE,margin_detail,,
601169,北京银行,2390471665,35301448,51152654.0,2026-07-29,SSE,margin_detail,,
601177,杭齿前进,231753746,2279084,3705370.0,2026-07-29,SSE,margin_detail,,
601179,中国西电,1570272298,156636093,158636448.0,2026-07-29,SSE,margin_detail,,
601186,XD中国铁,2520503773,22631716,68430656.0,2026-07-29,SSE,margin_detail,,
601187,厦门银行,14804229,5808734,8753227.0,2026-07-29,SSE,margin_detail,,
601198,XD东兴证,1252025057,34573034,19396598.0,2026-07-29,SSE,margin_detail,,
601199,江南水务,171871109,6910344,6432942.0,2026-07-29,SSE,margin_detail,,
601200,上海环境,272882501,4298118,5817736.0,2026-07-29,SSE,margin_detail,,
601208,XD东材科,2977068155,160380831,204312669.0,2026-07-29,SSE,margin_detail,,
601211,国泰海通,7835104366,229328061,136442495.0,2026-07-29,SSE,margin_detail,,
601212,白银有色,336126152,20741307,31287180.0,2026-07-29,SSE,margin_detail,,
601216,君正集团,887371950,12162043,13890224.0,2026-07-29,SSE,margin_detail,,
601218,吉鑫科技,198418785,29334165,19691092.0,2026-07-29,SSE,margin_detail,,
601222,林洋能源,603700864,13000350,12685072.0,2026-07-29,SSE,margin_detail,,
601225,陕西煤业,581494023,45536315,35437876.0,2026-07-29,SSE,margin_detail,,
601226,华电科工,167300256,5044534,3747798.0,2026-07-29,SSE,margin_detail,,
601228,广州港,263541390,3805355,5508819.0,2026-07-29,SSE,margin_detail,,
601229,上海银行,1012265985,41197866,168132010.0,2026-07-29,SSE,margin_detail,,
601231,环旭电子,1014163954,41916297,65463803.0,2026-07-29,SSE,margin_detail,,
601233,桐昆股份,963332745,43749863,39384966.0,2026-07-29,SSE,margin_detail,,
601236,红塔证券,491865587,9895429,7620282.0,2026-07-29,SSE,margin_detail,,
601238,广汽集团,1904250855,5238066,9539421.0,2026-07-29,SSE,margin_detail,,
601288,农业银行,918339592,278784079,249240613.0,2026-07-29,SSE,margin_detail,,
601298,青岛港,58049063,5303766,8572332.0,2026-07-29,SSE,margin_detail,,
601311,骆驼股份,497910612,6038230,7961238.0,2026-07-29,SSE,margin_detail,,
601318,中国平安,35982815924,346452042,389571087.0,2026-07-29,SSE,margin_detail,,
601319,中国人保,1408442985,35172043,46764263.0,2026-07-29,SSE,margin_detail,,
601326,秦港股份,109902106,6901905,7769868.0,2026-07-29,SSE,margin_detail,,
601328,交通银行,1182242483,148397559,91149527.0,2026-07-29,SSE,margin_detail,,
601333,广深铁路,365296907,9277433,11854387.0,2026-07-29,SSE,margin_detail,,
601336,新华保险,4843629713,105850444,123182332.0,2026-07-29,SSE,margin_detail,,
601339,百隆东方,66794780,12524039,7309308.0,2026-07-29,SSE,margin_detail,,
601360,三六零,1889430856,43120433,67994466.0,2026-07-29,SSE,margin_detail,,
601369,陕鼓动力,276282473,13479486,17452656.0,2026-07-29,SSE,margin_detail,,
601375,中原证券,997095651,17946977,15115350.0,2026-07-29,SSE,margin_detail,,
601377,兴业证券,2302187498,54692783,49110309.0,2026-07-29,SSE,margin_detail,,
601388,怡球资源,178836413,5741667,9227679.0,2026-07-29,SSE,margin_detail,,
601390,中国中铁,2933972121,26836073,35197657.0,2026-07-29,SSE,margin_detail,,
601398,工商银行,2236191513,340081432,327696812.0,2026-07-29,SSE,margin_detail,finance,金融
601399,国机重装,512927084,11381112,12190667.0,2026-07-29,SSE,margin_detail,,
601456,XD国联民,980579583,11224388,16786767.0,2026-07-29,SSE,margin_detail,,
601500,通用股份,334869298,3367560,4799891.0,2026-07-29,SSE,margin_detail,,
601515,衢州东峰,355749428,2393234,5000150.0,2026-07-29,SSE,margin_detail,,
601519,大智慧,747780834,9814968,13372933.0,2026-07-29,SSE,margin_detail,,
601555,东吴证券,2667581647,18898018,22091523.0,2026-07-29,SSE,margin_detail,,
601566,九牧王,81421452,5351262,4259886.0,2026-07-29,SSE,margin_detail,,
601567,三星电气,334548137,9219750,14689814.0,2026-07-29,SSE,margin_detail,,
601568,北元化工,234527857,5381456,3479816.0,2026-07-29,SSE,margin_detail,,
601577,长沙银行,965165580,12525727,12062373.0,2026-07-29,SSE,margin_detail,,
601579,会稽山,465523861,5611831,11514674.0,2026-07-29,SSE,margin_detail,,
601588,北辰实业,124649873,5726591,4630248.0,2026-07-29,SSE,margin_detail,,
601598,中国外运,128913480,5314005,5813003.0,2026-07-29,SSE,margin_detail,,
601600,中国铝业,4161548511,210740583,186786641.0,2026-07-29,SSE,margin_detail,,
601601,中国太保,3026955313,122469849,160741810.0,2026-07-29,SSE,margin_detail,,
601606,长城军工,397576974,203775472,156691556.0,2026-07-29,SSE,margin_detail,,
601607,上海医药,766477666,6725550,13268685.0,2026-07-29,SSE,margin_detail,,
601608,XD中信重,651311731,9829490,12711537.0,2026-07-29,SSE,margin_detail,,
601609,金田股份,227214412,12110494,12516337.0,2026-07-29,SSE,margin_detail,,
601611,中国核建,814780952,37732849,24292056.0,2026-07-29,SSE,margin_detail,,
601615,明阳智能,1332978985,32944600,28643239.0,2026-07-29,SSE,margin_detail,,
601618,中国中冶,1221959762,21437521,24552023.0,2026-07-29,SSE,margin_detail,,
601619,嘉泽新能,304674800,14500659,12916598.0,2026-07-29,SSE,margin_detail,,
601628,中国人寿,1554771983,196601948,153893962.0,2026-07-29,SSE,margin_detail,,
601633,长城汽车,508158967,9892125,14109894.0,2026-07-29,SSE,margin_detail,,
601636,旗滨集团,568640868,43948032,23854029.0,2026-07-29,SSE,margin_detail,,
601658,邮储银行,667363666,71237484,75198173.0,2026-07-29,SSE,margin_detail,,
601665,齐鲁银行,1254598260,28723857,39492861.0,2026-07-29,SSE,margin_detail,,
601666,平煤股份,164443655,9309371,13249926.0,2026-07-29,SSE,margin_detail,,
601668,中国建筑,4626509024,69548560,219234856.0,2026-07-29,SSE,margin_detail,,
601669,中国电建,3451898640,63914400,65139188.0,2026-07-29,SSE,margin_detail,,
601677,明泰铝业,1046757499,35058276,49310705.0,2026-07-29,SSE,margin_detail,,
601678,滨化股份,704943738,163041452,156217063.0,2026-07-29,SSE,margin_detail,,
601688,华泰证券,6856493325,119338510,102831149.0,2026-07-29,SSE,margin_detail,,
601689,拓普集团,2861065457,74636528,82818299.0,2026-07-29,SSE,margin_detail,,
601696,中银证券,1689177109,35395236,32324707.0,2026-07-29,SSE,margin_detail,,
601698,中国卫通,1499760599,33978738,65556733.0,2026-07-29,SSE,margin_detail,,
601699,潞安环能,549974670,28316505,16957046.0,2026-07-29,SSE,margin_detail,,
601700,风范股份,129440351,6674079,8342651.0,2026-07-29,SSE,margin_detail,,
601702,华峰铝业,235759312,5560099,4987442.0,2026-07-29,SSE,margin_detail,,
601717,中创智领,1411225380,21931261,43436191.0,2026-07-29,SSE,margin_detail,,
601727,上海电气,2481392389,116769286,77476338.0,2026-07-29,SSE,margin_detail,,
601728,中国电信,995019135,38934394,54440849.0,2026-07-29,SSE,margin_detail,,
601766,中国中车,3031301553,62038249,125662633.0,2026-07-29,SSE,margin_detail,,
601777,千里科技,1025525897,10501319,10908803.0,2026-07-29,SSE,margin_detail,,
601778,晶科科技,657121407,25156424,25079394.0,2026-07-29,SSE,margin_detail,,
601788,光大证券,3185694882,24258797,31211967.0,2026-07-29,SSE,margin_detail,,
601789,宁波建工,304562418,19360789,17416071.0,2026-07-29,SSE,margin_detail,,
601799,星宇股份,398788531,15141042,33097874.0,2026-07-29,SSE,margin_detail,,
601800,中国交建,1260832513,13701367,23802465.0,2026-07-29,SSE,margin_detail,,
601801,皖新传媒,138654651,1856793,3516352.0,2026-07-29,SSE,margin_detail,,
601808,中海油服,449851383,15099723,15590780.0,2026-07-29,SSE,margin_detail,,
601816,京沪高铁,838170720,52788195,86552917.0,2026-07-29,SSE,margin_detail,,
601818,光大银行,1467969082,99650939,136644512.0,2026-07-29,SSE,margin_detail,,
601825,沪农商行,118034475,10492683,9483334.0,2026-07-29,SSE,margin_detail,,
601828,美凯龙,182023636,6077565,2913538.0,2026-07-29,SSE,margin_detail,,
601838,成都银行,870515542,20733319,28924220.0,2026-07-29,SSE,margin_detail,,
601857,中国石油,1471910163,77596845,143011298.0,2026-07-29,SSE,margin_detail,,
601858,中国科传,272295441,9716018,7600751.0,2026-07-29,SSE,margin_detail,,
601860,紫金银行,438573459,14908379,12453939.0,2026-07-29,SSE,margin_detail,,
601865,福莱特,325768378,6128644,6287714.0,2026-07-29,SSE,margin_detail,,
601866,中远海发,547239235,18594120,20747225.0,2026-07-29,SSE,margin_detail,,
601868,中国能建,1535784666,118795100,132728945.0,2026-07-29,SSE,margin_detail,,
601869,长飞光纤,2438313696,216346391,335092883.0,2026-07-29,SSE,margin_detail,,
601872,招商轮船,2282033567,146483911,179711470.0,2026-07-29,SSE,margin_detail,,
601877,正泰电器,1076154700,35859869,38483881.0,2026-07-29,SSE,margin_detail,,
601878,浙商证券,2426879597,19617230,22521310.0,2026-07-29,SSE,margin_detail,,
601880,辽港股份,236741096,6864525,9315107.0,2026-07-29,SSE,margin_detail,,
601881,中国银河,3048664889,49551640,51407140.0,2026-07-29,SSE,margin_detail,,
601882,海天精工,100191755,6666699,5087454.0,2026-07-29,SSE,margin_detail,,
601886,江河集团,74671177,2586564,1341838.0,2026-07-29,SSE,margin_detail,,
601888,中国中免,3594426796,159234572,234047971.0,2026-07-29,SSE,margin_detail,,
601890,亚星锚链,306537940,6065748,6790782.0,2026-07-29,SSE,margin_detail,,
601898,中煤能源,448272768,34399101,34941117.0,2026-07-29,SSE,margin_detail,,
601899,紫金矿业,10200636174,342794405,650123752.0,2026-07-29,SSE,margin_detail,,
601900,南方传媒,156810833,3286411,6946586.0,2026-07-29,SSE,margin_detail,,
601901,方正证券,3171532622,59996022,143508509.0,2026-07-29,SSE,margin_detail,,
601908,京运通,198844581,4145113,5295596.0,2026-07-29,SSE,margin_detail,,
601916,浙商银行,583319962,54662939,56169770.0,2026-07-29,SSE,margin_detail,,
601918,新集能源,398456843,35473066,25895062.0,2026-07-29,SSE,margin_detail,,
601919,中远海控,4053820000,68773051,141922263.0,2026-07-29,SSE,margin_detail,,
601928,凤凰传媒,144897043,2431226,6823137.0,2026-07-29,SSE,margin_detail,,
601929,吉视传媒,212231775,15953134,11489509.0,2026-07-29,SSE,margin_detail,,
601933,永辉超市,887865492,12453940,16662985.0,2026-07-29,SSE,margin_detail,,
601939,建设银行,784164662,132283625,145464010.0,2026-07-29,SSE,margin_detail,,
601949,中国出版,162731752,2707029,2966871.0,2026-07-29,SSE,margin_detail,,
601952,苏垦农发,188823702,5290314,4058754.0,2026-07-29,SSE,margin_detail,,
601958,金钼股份,1073045141,52605572,66458790.0,2026-07-29,SSE,margin_detail,,
601963,重庆银行,30191599,12398072,6953671.0,2026-07-29,SSE,margin_detail,,
601965,中国汽研,202797624,4791717,8618617.0,2026-07-29,SSE,margin_detail,,
601966,玲珑轮胎,507132159,5129588,6562367.0,2026-07-29,SSE,margin_detail,,
601969,海南矿业,374929407,11774081,14851885.0,2026-07-29,SSE,margin_detail,,
601975,招商南油,1078516355,36438611,41870151.0,2026-07-29,SSE,margin_detail,,
601985,中国核电,1552846871,62270158,68521167.0,2026-07-29,SSE,margin_detail,,
601988,中国银行,1072000571,241846923,249079651.0,2026-07-29,SSE,margin_detail,,
601990,南京证券,829808296,11886953,10915548.0,2026-07-29,SSE,margin_detail,,
601991,大唐发电,708610067,130445543,129439788.0,2026-07-29,SSE,margin_detail,,
601992,金隅集团,240820417,2523383,2801728.0,2026-07-29,SSE,margin_detail,,
601995,中金公司,2663102053,120870522,87029386.0,2026-07-29,SSE,margin_detail,,
601996,丰林集团,171136995,6141025,10897327.0,2026-07-29,SSE,margin_detail,,
601997,贵阳银行,1365186770,15847053,19737184.0,2026-07-29,SSE,margin_detail,,
601998,中信银行,258506620,27990589,23846502.0,2026-07-29,SSE,margin_detail,,
601999,出版传媒,166225727,1172221,6445127.0,2026-07-29,SSE,margin_detail,,
603000,人民网,445396060,12021404,16035254.0,2026-07-29,SSE,margin_detail,,
603004,鼎龙科技,123222467,22212084,6776905.0,2026-07-29,SSE,margin_detail,,
603005,晶方科技,1421726002,92213012,100982029.0,2026-07-29,SSE,margin_detail,,
603009,北特科技,521021212,14929525,14323330.0,2026-07-29,SSE,margin_detail,,
603010,万盛股份,296505838,14321057,10337822.0,2026-07-29,SSE,margin_detail,,
603011,合锻智能,326347933,48302251,40456205.0,2026-07-29,SSE,margin_detail,,
603012,创力集团,403888793,12516056,9464620.0,2026-07-29,SSE,margin_detail,,
603014,威高血净,110034087,4456813,4401164.0,2026-07-29,SSE,margin_detail,,
603015,弘讯科技,113800358,2960904,5395540.0,2026-07-29,SSE,margin_detail,,
603018,华设集团,226497589,1340033,3845145.0,2026-07-29,SSE,margin_detail,,
603019,中科曙光,9092417370,556142634,631658950.0,2026-07-29,SSE,margin_detail,,
603025,大豪科技,209132389,7397671,8758127.0,2026-07-29,SSE,margin_detail,,
603026,石大胜华,718858631,67283851,57128986.0,2026-07-29,SSE,margin_detail,,
603027,千禾味业,265039668,6442892,5413816.0,2026-07-29,SSE,margin_detail,,
603032,德新科技,183064222,7238346,10327394.0,2026-07-29,SSE,margin_detail,,
603033,三维股份,208546091,2281339,3098355.0,2026-07-29,SSE,margin_detail,,
603035,常熟汽饰,319413747,2495677,4282571.0,2026-07-29,SSE,margin_detail,,
603039,泛微网络,378587691,39077063,20723805.0,2026-07-29,SSE,margin_detail,,
603042,华脉科技,161830524,8781379,8627311.0,2026-07-29,SSE,margin_detail,,
603043,广州酒家,102959324,3689652,3582540.0,2026-07-29,SSE,margin_detail,,
603045,福达合金,602599010,21793155,31053741.0,2026-07-29,SSE,margin_detail,,
603049,中策橡胶,187337237,7176420,11993154.0,2026-07-29,SSE,margin_detail,,
603050,科林电气,133314502,2503818,4680097.0,2026-07-29,SSE,margin_detail,,
603051,鹿山新材,164530414,5331972,5446166.0,2026-07-29,SSE,margin_detail,,
603055,台华新材,100307448,2733558,2639085.0,2026-07-29,SSE,margin_detail,,
603062,麦加芯彩,121647670,674573,1298664.0,2026-07-29,SSE,margin_detail,,
603063,禾望电气,2136479350,75257217,97401296.0,2026-07-29,SSE,margin_detail,,
603067,振华股份,748216145,56114635,76443205.0,2026-07-29,SSE,margin_detail,,
603069,海汽集团,150636891,3822837,5273862.0,2026-07-29,SSE,margin_detail,,
603070,万控智造,120874633,1412596,4526185.0,2026-07-29,SSE,margin_detail,,
603072,天和磁材,177943831,3415391,4021579.0,2026-07-29,SSE,margin_detail,,
603075,热威股份,41654269,1815121,1017253.0,2026-07-29,SSE,margin_detail,,
603076,乐惠国际,97769857,2296352,1819104.0,2026-07-29,SSE,margin_detail,,
603077,和邦生物,609499318,16970507,18572973.0,2026-07-29,SSE,margin_detail,,
603078,江化微,385512518,60241108,56244538.0,2026-07-29,SSE,margin_detail,,
603082,北自科技,89401381,15841593,20637529.0,2026-07-29,SSE,margin_detail,,
603083,剑桥科技,4050709543,172405713,466219414.0,2026-07-29,SSE,margin_detail,,
603085,天成自控,216388534,3268372,4992177.0,2026-07-29,SSE,margin_detail,,
603087,甘李药业,1234494454,24187656,30255882.0,2026-07-29,SSE,margin_detail,,
603088,宁波精达,142359018,2897151,3435596.0,2026-07-29,SSE,margin_detail,,
603091,众鑫股份,169897694,1388966,1427348.0,2026-07-29,SSE,margin_detail,,
603092,德力佳,67216287,3105190,6192761.0,2026-07-29,SSE,margin_detail,,
603098,森特股份,99797479,1953497,3500833.0,2026-07-29,SSE,margin_detail,,
603099,长白山,211498218,13768142,10772215.0,2026-07-29,SSE,margin_detail,,
603100,川仪股份,240868887,3306098,9897395.0,2026-07-29,SSE,margin_detail,,
603103,横店影视,65424905,2764651,4163765.0,2026-07-29,SSE,margin_detail,,
603105,芯能科技,140855618,1738938,3137047.0,2026-07-29,SSE,margin_detail,,
603107,上海汽配,115458211,1116261,1517905.0,2026-07-29,SSE,margin_detail,,
603108,润达医疗,381892118,8518897,11259524.0,2026-07-29,SSE,margin_detail,,
603113,金能科技,203203621,2620247,2503206.0,2026-07-29,SSE,margin_detail,,
603118,共进股份,471338878,259369949,329808736.0,2026-07-29,SSE,margin_detail,,
603119,浙江荣泰,577890396,16797780,20525751.0,2026-07-29,SSE,margin_detail,,
603120,肯特催化,131103613,10632947,13069432.0,2026-07-29,SSE,margin_detail,,
603123,翠微股份,150702366,24017653,29483614.0,2026-07-29,SSE,margin_detail,,
603124,江南新材,303741993,37174331,130256160.0,2026-07-29,SSE,margin_detail,,
603125,常青科技,153446634,7375090,6928416.0,2026-07-29,SSE,margin_detail,,
603126,中材节能,124646020,5761508,2462586.0,2026-07-29,SSE,margin_detail,,
603127,昭衍新药,685668421,256957411,263061352.0,2026-07-29,SSE,margin_detail,,
603128,华贸物流,203606970,8495474,4357640.0,2026-07-29,SSE,margin_detail,,
603129,春风动力,73797210,19675310,32946420.0,2026-07-29,SSE,margin_detail,,
603132,金徽股份,18975742,3428034,3008189.0,2026-07-29,SSE,margin_detail,,
603135,中重科技,102652673,3877444,4299627.0,2026-07-29,SSE,margin_detail,,
603137,恒尚节能,106346288,45963756,38722395.0,2026-07-29,SSE,margin_detail,,
603138,海量数据,173017798,5192165,3841708.0,2026-07-29,SSE,margin_detail,,
603156,养元饮品,428197795,21015314,28800730.0,2026-07-29,SSE,margin_detail,,
603160,汇顶科技,1033905255,18471536,17156227.0,2026-07-29,SSE,margin_detail,,
603163,圣晖集成,44069544,12097797,6866093.0,2026-07-29,SSE,margin_detail,,
603166,福达股份,245506902,2538576,4836155.0,2026-07-29,SSE,margin_detail,,
603167,渤海轮渡,93983244,1246604,1293735.0,2026-07-29,SSE,margin_detail,,
603169,兰石重装,290486893,6121855,7051021.0,2026-07-29,SSE,margin_detail,,
603171,税友股份,133299982,17056434,10064283.0,2026-07-29,SSE,margin_detail,,
603172,万丰股份,21703004,1728361,2358272.0,2026-07-29,SSE,margin_detail,,
603175,超颖电子,344923748,10301670,8957329.0,2026-07-29,SSE,margin_detail,,
603178,圣龙股份,79889201,8059621,8655604.0,2026-07-29,SSE,margin_detail,,
603179,新泉股份,2768783593,46402730,49528242.0,2026-07-29,SSE,margin_detail,,
603181,皇马科技,225491932,4786475,8004889.0,2026-07-29,SSE,margin_detail,,
603185,弘元绿能,496002509,6481494,14082548.0,2026-07-29,SSE,margin_detail,,
603191,望变电气,287373190,10516325,11990708.0,2026-07-29,SSE,margin_detail,,
603193,润本股份,230802854,7819403,11253761.0,2026-07-29,SSE,margin_detail,,
603194,中力股份,264338840,1293688,9753928.0,2026-07-29,SSE,margin_detail,,
603195,公牛集团,240788873,7612255,13562099.0,2026-07-29,SSE,margin_detail,,
603197,保隆科技,345218114,7695888,10022138.0,2026-07-29,SSE,margin_detail,,
603198,迎驾贡酒,140989809,16564456,20971671.0,2026-07-29,SSE,margin_detail,,
603202,天有为,176880518,3345369,4831043.0,2026-07-29,SSE,margin_detail,,
603205,健尔康,46157690,1862394,1391784.0,2026-07-29,SSE,margin_detail,,
603207,小方制药,70599894,3361591,1407779.0,2026-07-29,SSE,margin_detail,,
603210,泰鸿万立,86978454,2282630,2420737.0,2026-07-29,SSE,margin_detail,,
603212,赛伍技术,230781690,7800049,9126862.0,2026-07-29,SSE,margin_detail,,
603218,日月股份,288158594,4018233,4987590.0,2026-07-29,SSE,margin_detail,,
603220,中贝通信,752364935,12100430,20708880.0,2026-07-29,SSE,margin_detail,,
603222,济民健康,98541779,6422635,10339082.0,2026-07-29,SSE,margin_detail,,
603223,恒通股份,122879568,7347379,7255788.0,2026-07-29,SSE,margin_detail,,
603225,新凤鸣,388748773,12705847,12693199.0,2026-07-29,SSE,margin_detail,,
603227,雪峰科技,247962095,2724632,4870381.0,2026-07-29,SSE,margin_detail,,
603228,景旺电子,2114124313,308244898,338372101.0,2026-07-29,SSE,margin_detail,,
603229,奥翔药业,269017392,3830789,4624815.0,2026-07-29,SSE,margin_detail,,
603231,索宝蛋白,124305350,2213960,2497712.0,2026-07-29,SSE,margin_detail,,
603233,大参林,196650614,4297459,6166830.0,2026-07-29,SSE,margin_detail,,
603236,移远通信,1425478925,30578380,36677335.0,2026-07-29,SSE,margin_detail,,
603248,锡华科技,95046538,2059517,5549929.0,2026-07-29,SSE,margin_detail,,
603257,中国瑞林,110387727,3822483,5489981.0,2026-07-29,SSE,margin_detail,,
603259,药明康德,5180729555,311498102,531733872.0,2026-07-29,SSE,margin_detail,,
603260,合盛硅业,771416195,20051394,28439173.0,2026-07-29,SSE,margin_detail,,
603262,技源集团,148566347,1090316,3036171.0,2026-07-29,SSE,margin_detail,,
603267,鸿远电子,682567551,29456922,31106310.0,2026-07-29,SSE,margin_detail,,
603268,松发股份,262389053,40510259,32133977.0,2026-07-29,SSE,margin_detail,,
603270,金帝股份,181571490,6345725,8428983.0,2026-07-29,SSE,margin_detail,,
603271,永杰新材,103483969,6004642,5438361.0,2026-07-29,SSE,margin_detail,,
603273,天元智能,45819943,1321903,1858326.0,2026-07-29,SSE,margin_detail,,
603275,众辰科技,200979684,1212676,2032786.0,2026-07-29,SSE,margin_detail,,
603276,恒兴新材,68557913,2552794,3181206.0,2026-07-29,SSE,margin_detail,,
603279,景津装备,102066085,4181326,3679240.0,2026-07-29,SSE,margin_detail,,
603283,赛腾股份,1131234713,74172958,105467406.0,2026-07-29,SSE,margin_detail,,
603284,林平发展,45349167,7219774,3060413.0,2026-07-29,SSE,margin_detail,,
603285,键邦股份,126100353,4875688,12762198.0,2026-07-29,SSE,margin_detail,,
603288,海天味业,1003215588,44335283,42134802.0,2026-07-29,SSE,margin_detail,,
603290,斯达半导,1050833050,27540797,33847391.0,2026-07-29,SSE,margin_detail,,
603293,埃泰克,94664783,8033595,3042628.0,2026-07-29,SSE,margin_detail,,
603296,华勤技术,1115533421,205049548,309369490.0,2026-07-29,SSE,margin_detail,,
603297,永新光学,362517650,99230326,41114302.0,2026-07-29,SSE,margin_detail,,
603298,杭叉集团,137239921,5825687,6206700.0,2026-07-29,SSE,margin_detail,,
603299,苏盐井神,179940700,1712272,2840913.0,2026-07-29,SSE,margin_detail,,
603300,海南华铁,459572128,5975878,13399437.0,2026-07-29,SSE,margin_detail,,
603301,振德医疗,1399078547,28147350,26987625.0,2026-07-29,SSE,margin_detail,,
603305,旭升集团,730529722,10380066,16406619.0,2026-07-29,SSE,margin_detail,,
603306,华懋科技,1546827841,43706407,88258168.0,2026-07-29,SSE,margin_detail,,
603308,应流股份,723647252,38691970,39646961.0,2026-07-29,SSE,margin_detail,,
603310,巍华新材,103780688,1871130,1978887.0,2026-07-29,SSE,margin_detail,,
603312,西典新能,97890493,857175,1448341.0,2026-07-29,SSE,margin_detail,,
603317,天味食品,66942968,14886810,10939162.0,2026-07-29,SSE,margin_detail,,
603318,水发燃气,132670106,29335555,28201753.0,2026-07-29,SSE,margin_detail,,
603319,美湖股份,1221142473,24709783,29630295.0,2026-07-29,SSE,margin_detail,,
603323,苏农银行,826679503,19068543,20791292.0,2026-07-29,SSE,margin_detail,,
603325,博隆技术,221729100,1760059,1700606.0,2026-07-29,SSE,margin_detail,,
603328,依顿电子,359372511,6899776,10739699.0,2026-07-29,SSE,margin_detail,,
603329,上海雅仕,127661115,5034156,6712015.0,2026-07-29,SSE,margin_detail,,
603330,天洋新材,149655487,25462188,22079693.0,2026-07-29,SSE,margin_detail,,
603334,丰倍生物,117540395,1254084,2851077.0,2026-07-29,SSE,margin_detail,,
603335,迪生力,125579775,5976317,6450749.0,2026-07-29,SSE,margin_detail,,
603337,杰克科技,22918008,4474763,3595509.0,2026-07-29,SSE,margin_detail,,
603338,浙江鼎力,260129743,10436696,10611173.0,2026-07-29,SSE,margin_detail,,
603341,龙旗科技,650637489,33833892,60720053.0,2026-07-29,SSE,margin_detail,,
603344,星德胜,145760324,2603681,4470135.0,2026-07-29,SSE,margin_detail,,
603345,安井食品,324125585,33930595,35288614.0,2026-07-29,SSE,margin_detail,,
603348,文灿股份,185524552,837811,1399206.0,2026-07-29,SSE,margin_detail,,
603350,安乃达,114067540,1037794,1926374.0,2026-07-29,SSE,margin_detail,,
603352,XD至信股,62064766,1147781,993478.0,2026-07-29,SSE,margin_detail,,
603355,莱克电气,342377541,4169941,3244157.0,2026-07-29,SSE,margin_detail,,
603357,设计总院,105252441,1460969,2320359.0,2026-07-29,SSE,margin_detail,,
603358,华达科技,765174138,51749450,19322477.0,2026-07-29,SSE,margin_detail,,
603366,日出东方,101742672,3003560,5200144.0,2026-07-29,SSE,margin_detail,,
603368,柳药集团,327764605,2778470,4302469.0,2026-07-29,SSE,margin_detail,,
603369,今世缘,333353321,29521891,36983810.0,2026-07-29,SSE,margin_detail,,
603370,华新精科,67220632,1242384,1353446.0,2026-07-29,SSE,margin_detail,,
603373,安邦护卫,178015881,3996533,6877604.0,2026-07-29,SSE,margin_detail,,
603375,盛景微,276407082,4067536,3913532.0,2026-07-29,SSE,margin_detail,,
603376,大明电子,57792026,1220409,1429718.0,2026-07-29,SSE,margin_detail,,
603379,三美股份,925147348,52882372,80018483.0,2026-07-29,SSE,margin_detail,,
603381,永臻股份,102095155,7992815,6893830.0,2026-07-29,SSE,margin_detail,,
603382,海阳科技,46089731,1969403,2390123.0,2026-07-29,SSE,margin_detail,,
603383,顶点软件,249739923,14210302,12861097.0,2026-07-29,SSE,margin_detail,,
603387,基蛋生物,208814176,6742892,6611896.0,2026-07-29,SSE,margin_detail,,
603391,力聚热能,186093313,4961348,5676495.0,2026-07-29,SSE,margin_detail,,
603392,万泰生物,587902346,6846762,7019493.0,2026-07-29,SSE,margin_detail,,
603393,新天然气,352978784,8343804,11175375.0,2026-07-29,SSE,margin_detail,,
603395,红四方,93689995,4473663,4839050.0,2026-07-29,SSE,margin_detail,,
603396,金辰股份,91685707,3243156,2657732.0,2026-07-29,SSE,margin_detail,,
603399,永杉锂业,300243159,59412521,54883193.0,2026-07-29,SSE,margin_detail,,
603400,华之杰,118357609,29006614,25632535.0,2026-07-29,SSE,margin_detail,,
603402,陕西旅游,184489798,11592209,15594783.0,2026-07-29,SSE,margin_detail,,
603406,天富龙,60500219,764751,1510047.0,2026-07-29,SSE,margin_detail,,
603407,长裕集团,123878340,13376504,19384251.0,2026-07-29,SSE,margin_detail,,
603409,汇通控股,110940105,3458757,2376156.0,2026-07-29,SSE,margin_detail,,
603416,信捷电气,219631984,7835111,7878207.0,2026-07-29,SSE,margin_detail,,
603418,友升股份,181875403,1881787,2918272.0,2026-07-29,SSE,margin_detail,,
603435,嘉德利,113451420,16410983,10873839.0,2026-07-29,SSE,margin_detail,,
603444,吉比特,704025038,44292892,38441533.0,2026-07-29,SSE,margin_detail,,
603456,九洲药业,341594115,11458283,15339828.0,2026-07-29,SSE,margin_detail,,
603459,红板科技,371492841,105334180,110155860.0,2026-07-29,SSE,margin_detail,,
603466,风语筑,266218542,47114210,18002644.0,2026-07-29,SSE,margin_detail,,
603477,巨星农牧,179073171,7787566,7576252.0,2026-07-29,SSE,margin_detail,,
603486,科沃斯,446497481,25607531,40057010.0,2026-07-29,SSE,margin_detail,,
603489,八方股份,97718123,2667097,3943260.0,2026-07-29,SSE,margin_detail,,
603496,恒为科技,493197911,38526915,47243522.0,2026-07-29,SSE,margin_detail,,
603501,豪威集团,4427690809,130356521,163465910.0,2026-07-29,SSE,margin_detail,,
603505,金石资源,653777641,12224999,13872553.0,2026-07-29,SSE,margin_detail,,
603507,振江股份,595810615,22344128,17931541.0,2026-07-29,SSE,margin_detail,,
603508,思维列控,176964226,5114262,5875821.0,2026-07-29,SSE,margin_detail,,
603515,欧普照明,42439443,1187701,1421007.0,2026-07-29,SSE,margin_detail,,
603516,淳中科技,1895207216,55201850,51641748.0,2026-07-29,SSE,margin_detail,,
603527,众源新材,153378062,3976389,2642635.0,2026-07-29,SSE,margin_detail,,
603529,爱玛科技,319649944,5896438,6218407.0,2026-07-29,SSE,margin_detail,,
603530,神马电力,82609648,8118852,7133909.0,2026-07-29,SSE,margin_detail,,
603533,掌阅科技,52705146,33313856,36364147.0,2026-07-29,SSE,margin_detail,,
603538,美诺华,442916761,90367769,101497299.0,2026-07-29,SSE,margin_detail,,
603556,海兴电力,214106977,7110706,6858717.0,2026-07-29,SSE,margin_detail,,
603565,中谷物流,136211081,5001561,5380565.0,2026-07-29,SSE,margin_detail,,
603566,普莱柯,109659886,1398408,1276404.0,2026-07-29,SSE,margin_detail,,
603567,珍宝岛,211705739,114379884,109761855.0,2026-07-29,SSE,margin_detail,,
603568,伟明环保,338486181,2704341,3211630.0,2026-07-29,SSE,margin_detail,,
603583,捷昌驱动,361264005,3306617,8246426.0,2026-07-29,SSE,margin_detail,,
603588,高能环境,1846077323,52798982,56660582.0,2026-07-29,SSE,margin_detail,,
603589,口子窖,262320247,9933976,6926506.0,2026-07-29,SSE,margin_detail,,
603596,伯特利,739546219,15921273,27628042.0,2026-07-29,SSE,margin_detail,,
603599,广信股份,360173353,10050119,8041143.0,2026-07-29,SSE,margin_detail,,
603601,再升科技,382802518,31836783,25650002.0,2026-07-29,SSE,margin_detail,,
603602,纵横通信,197708766,3547528,3233389.0,2026-07-29,SSE,margin_detail,,
603605,珀莱雅,649861014,22645815,27481216.0,2026-07-29,SSE,margin_detail,,
603606,东方电缆,689071358,28091563,41200838.0,2026-07-29,SSE,margin_detail,,
603609,禾丰股份,224709598,1078339,1749679.0,2026-07-29,SSE,margin_detail,,
603612,索通发展,556298080,22091281,26992407.0,2026-07-29,SSE,margin_detail,,
603613,国联股份,1090846330,24105949,13996549.0,2026-07-29,SSE,margin_detail,,
603618,杭电股份,620710653,82756144,123599357.0,2026-07-29,SSE,margin_detail,,
603619,中曼石油,754660516,91864900,140399747.0,2026-07-29,SSE,margin_detail,,
603626,科森科技,747593491,13750575,15147575.0,2026-07-29,SSE,margin_detail,,
603628,清源股份,136108387,2327009,1510178.0,2026-07-29,SSE,margin_detail,,
603636,南威软件,232153138,5730201,7163323.0,2026-07-29,SSE,margin_detail,,
603638,艾迪精密,473603426,14921308,18210210.0,2026-07-29,SSE,margin_detail,,
603639,海利尔,80367378,1274960,1087589.0,2026-07-29,SSE,margin_detail,,
603650,彤程新材,760839072,142404360,120432467.0,2026-07-29,SSE,margin_detail,,
603658,安图生物,420209339,9515647,3789438.0,2026-07-29,SSE,margin_detail,,
603659,璞泰来,1061393958,26917297,44619715.0,2026-07-29,SSE,margin_detail,,
603660,苏州科达,547257409,22323858,23233841.0,2026-07-29,SSE,margin_detail,,
603662,柯力传感,572989535,18845039,16912781.0,2026-07-29,SSE,margin_detail,,
603663,三祥新材,532982496,41692946,40458667.0,2026-07-29,SSE,margin_detail,,
603667,五洲新春,1130027230,59516132,53233539.0,2026-07-29,SSE,margin_detail,,
603668,天马科技,899843116,4729601,3667834.0,2026-07-29,SSE,margin_detail,,
603678,火炬电子,550052984,91742884,101063243.0,2026-07-29,SSE,margin_detail,,
603681,永冠新材,333077091,14174981,14095956.0,2026-07-29,SSE,margin_detail,,
603686,福龙马,282511808,14472680,15029806.0,2026-07-29,SSE,margin_detail,,
603687,大胜达,55711201,11825769,14940705.0,2026-07-29,SSE,margin_detail,,
603688,石英股份,1132290149,50582178,51889601.0,2026-07-29,SSE,margin_detail,,
603690,至纯科技,472652453,193335955,202029776.0,2026-07-29,SSE,margin_detail,,
603693,江苏新能,118730242,5769006,7308766.0,2026-07-29,SSE,margin_detail,,
603696,安记食品,59336364,5472996,4973640.0,2026-07-29,SSE,margin_detail,,
603698,航天工程,389529937,35598159,35331996.0,2026-07-29,SSE,margin_detail,,
603699,纽威股份,153295779,7071739,10124724.0,2026-07-29,SSE,margin_detail,,
603707,健友股份,213346666,6258713,5040274.0,2026-07-29,SSE,margin_detail,,
603708,家家悦,78319463,2404884,5633546.0,2026-07-29,SSE,margin_detail,,
603712,七一二,361204931,7266889,8994479.0,2026-07-29,SSE,margin_detail,,
603713,密尔克卫,159122590,6874035,10017819.0,2026-07-29,SSE,margin_detail,,
603719,良品铺子,122465751,5274204,5169890.0,2026-07-29,SSE,margin_detail,,
603727,博迈科,97771073,7911682,5368963.0,2026-07-29,SSE,margin_detail,,
603728,鸣志电器,321508929,7208615,10935964.0,2026-07-29,SSE,margin_detail,,
603730,岱美股份,438979215,13125846,31724368.0,2026-07-29,SSE,margin_detail,,
603733,仙鹤股份,251031910,11815771,13431509.0,2026-07-29,SSE,margin_detail,,
603737,三棵树,87800934,12291304,9017566.0,2026-07-29,SSE,margin_detail,,
603738,泰晶科技,658843253,85931331,103046590.0,2026-07-29,SSE,margin_detail,,
603758,秦安股份,91894500,1378713,1716218.0,2026-07-29,SSE,margin_detail,,
603766,隆鑫通用,204688326,6327685,26698665.0,2026-07-29,SSE,margin_detail,,
603776,永安行,532457630,2547247,2063983.0,2026-07-29,SSE,margin_detail,,
603777,来伊份,174824926,8014828,10058380.0,2026-07-29,SSE,margin_detail,,
603786,科博达,163359137,3792185,2773648.0,2026-07-29,SSE,margin_detail,,
603799,华友钴业,4826090073,121890971,168683029.0,2026-07-29,SSE,margin_detail,,
603800,洪田股份,508506132,13745811,21785456.0,2026-07-29,SSE,margin_detail,,
603803,瑞斯康达,197756515,41497301,47696106.0,2026-07-29,SSE,margin_detail,,
603806,福斯特,653374302,25551963,31779848.0,2026-07-29,SSE,margin_detail,,
603809,豪能股份,235048076,3222086,6025776.0,2026-07-29,SSE,margin_detail,,
603816,顾家家居,190816380,6949362,9317017.0,2026-07-29,SSE,margin_detail,,
603826,坤彩科技,258181719,4862064,9170622.0,2026-07-29,SSE,margin_detail,,
603833,欧派家居,123239292,6645365,5795064.0,2026-07-29,SSE,margin_detail,,
603858,步长制药,510120359,10364541,7226011.0,2026-07-29,SSE,margin_detail,,
603866,桃李面包,188745055,2042453,2069810.0,2026-07-29,SSE,margin_detail,,
603867,新化股份,434753280,15836511,16542984.0,2026-07-29,SSE,margin_detail,,
603868,飞科电器,122063008,2605253,3379214.0,2026-07-29,SSE,margin_detail,,
603871,嘉友国际,140724014,3684436,7971065.0,2026-07-29,SSE,margin_detail,,
603876,鼎胜新材,294686667,60859587,23547021.0,2026-07-29,SSE,margin_detail,,
603877,太平鸟,99110682,4244917,4295811.0,2026-07-29,SSE,margin_detail,,
603881,数据港,782850855,38549803,40461053.0,2026-07-29,SSE,margin_detail,,
603882,金域医学,291223325,7260485,7588869.0,2026-07-29,SSE,margin_detail,,
603883,老百姓,318681956,5225306,7848717.0,2026-07-29,SSE,margin_detail,,
603885,吉祥航空,161898596,13170539,8249011.0,2026-07-29,SSE,margin_detail,,
603887,城地香江,363678109,10035131,8976464.0,2026-07-29,SSE,margin_detail,,
603888,新华网,302690542,12283609,18718009.0,2026-07-29,SSE,margin_detail,,
603890,春秋电子,625020798,23947880,31997990.0,2026-07-29,SSE,margin_detail,,
603893,瑞芯微,2240606648,501599033,524293654.0,2026-07-29,SSE,margin_detail,,
603897,长城科技,146809430,6512801,9382301.0,2026-07-29,SSE,margin_detail,,
603899,晨光股份,109621594,2806972,5785087.0,2026-07-29,SSE,margin_detail,,
603906,龙蟠科技,384559862,46182153,46088012.0,2026-07-29,SSE,margin_detail,,
603908,牧高笛,44480270,1698699,2252485.0,2026-07-29,SSE,margin_detail,,
603915,国茂股份,287443993,3535219,5094090.0,2026-07-29,SSE,margin_detail,,
603916,苏博特,237832515,5948552,4497246.0,2026-07-29,SSE,margin_detail,,
603918,金桥信息,129934384,17031632,9356541.0,2026-07-29,SSE,margin_detail,,
603919,金徽酒,88715471,9003949,8679634.0,2026-07-29,SSE,margin_detail,,
603920,世运电路,1552516026,31179246,73993300.0,2026-07-29,SSE,margin_detail,,
603927,中科软,543240805,8909715,14189706.0,2026-07-29,SSE,margin_detail,,
603936,博敏电子,738094342,31658310,34033728.0,2026-07-29,SSE,margin_detail,,
603938,三孚股份,386649219,45392656,37894478.0,2026-07-29,SSE,margin_detail,,
603939,益丰药房,71921525,7110266,9187730.0,2026-07-29,SSE,margin_detail,,
603960,克来机电,255287297,8111392,6573585.0,2026-07-29,SSE,margin_detail,,
603969,银龙股份,388309357,7717072,8655949.0,2026-07-29,SSE,margin_detail,,
603978,深圳新星,266639955,13746288,15735327.0,2026-07-29,SSE,margin_detail,,
603979,金诚信,316473784,35333555,32608734.0,2026-07-29,SSE,margin_detail,,
603982,泉峰汽车,126996674,2463075,3392226.0,2026-07-29,SSE,margin_detail,,
603985,恒润股份,383398910,15344513,15489398.0,2026-07-29,SSE,margin_detail,,
603986,兆易创新,18622041151,1969827652,3367110730.0,2026-07-29,SSE,margin_detail,,
603989,艾华集团,183424411,58578939,46310281.0,2026-07-29,SSE,margin_detail,,
603990,麦迪科技,519783522,49437712,56667583.0,2026-07-29,SSE,margin_detail,,
603993,洛阳钼业,4268714833,202175967,256701423.0,2026-07-29,SSE,margin_detail,,
603995,甬金股份,244674367,6759481,5264930.0,2026-07-29,SSE,margin_detail,,
603997,继峰股份,708173253,22622801,9273507.0,2026-07-29,SSE,margin_detail,,
605011,杭州热电,79653376,9333415,10893746.0,2026-07-29,SSE,margin_detail,,
605020,永和股份,472723599,22754131,36769824.0,2026-07-29,SSE,margin_detail,,
605060,联德股份,23096657,9029012,5807862.0,2026-07-29,SSE,margin_detail,,
605090,九丰能源,745139167,51729017,57298628.0,2026-07-29,SSE,margin_detail,,
605111,新洁能,653101942,61111024,128212153.0,2026-07-29,SSE,margin_detail,,
605117,德业股份,577739688,34720552,66186667.0,2026-07-29,SSE,margin_detail,,
605123,派克新材,399016600,7605499,5911930.0,2026-07-29,SSE,margin_detail,,
605168,三人行,443451537,5673494,14590197.0,2026-07-29,SSE,margin_detail,,
605208,永茂泰,207456810,12505045,17711248.0,2026-07-29,SSE,margin_detail,,
605277,新亚电子,185342590,3625389,4774785.0,2026-07-29,SSE,margin_detail,,
605305,中际联合,434711384,10203857,10708485.0,2026-07-29,SSE,margin_detail,,
605358,立昂微,1556136796,87978402,134959870.0,2026-07-29,SSE,margin_detail,,
605366,宏柏新材,272650288,9749408,13351425.0,2026-07-29,SSE,margin_detail,,
605376,博迁新材,735002348,149872299,124740079.0,2026-07-29,SSE,margin_detail,,
605399,晨光新材,96914790,1579850,2654844.0,2026-07-29,SSE,margin_detail,,
605499,东鹏饮料,738165091,94572477,83753769.0,2026-07-29,SSE,margin_detail,,
605589,圣泉集团,1286534032,97772443,123317134.0,2026-07-29,SSE,margin_detail,,
688001,华兴源创,494195793,26169883,28931509.0,2026-07-29,SSE,margin_detail,,
688002,睿创微纳,1522251735,174237875,185634008.0,2026-07-29,SSE,margin_detail,,
688003,天准科技,315047739,26871334,36917550.0,2026-07-29,SSE,margin_detail,,
688004,博汇科技,89868462,6643023,3628830.0,2026-07-29,SSE,margin_detail,,
688005,容百科技,1767828234,34387048,35120812.0,2026-07-29,SSE,margin_detail,,
688006,杭可科技,390237701,24046238,15947041.0,2026-07-29,SSE,margin_detail,,
688007,光峰科技,404091417,3656087,3570285.0,2026-07-29,SSE,margin_detail,,
688008,澜起科技,15293074868,1499150826,1973409565.0,2026-07-29,SSE,margin_detail,,
688009,中国通号,470871634,8196955,15871302.0,2026-07-29,SSE,margin_detail,,
688010,福光股份,236916837,24095871,19908248.0,2026-07-29,SSE,margin_detail,,
688011,新光光电,162454995,5763236,6496159.0,2026-07-29,SSE,margin_detail,,
688012,中微公司,4920362136,757859259,808060871.0,2026-07-29,SSE,margin_detail,,
688013,天臣医疗,94393746,1465559,2159185.0,2026-07-29,SSE,margin_detail,,
688015,交控科技,107450081,1670181,1485807.0,2026-07-29,SSE,margin_detail,,
688016,心脉医疗,471458555,14414205,17678137.0,2026-07-29,SSE,margin_detail,,
688017,绿的谐波,2424318788,211277064,257549039.0,2026-07-29,SSE,margin_detail,,
688018,乐鑫科技,757046621,67401687,79412703.0,2026-07-29,SSE,margin_detail,,
688019,安集科技,1507249569,203363016,197542823.0,2026-07-29,SSE,margin_detail,,
688020,方邦股份,304641599,30679084,53684605.0,2026-07-29,SSE,margin_detail,,
688021,奥福科技,42472818,1524022,2000671.0,2026-07-29,SSE,margin_detail,,
688023,安恒信息,355996703,9106353,10392944.0,2026-07-29,SSE,margin_detail,,
688025,杰普特,836502198,104636289,166127272.0,2026-07-29,SSE,margin_detail,,
688026,洁特生物,100720785,2595027,2839591.0,2026-07-29,SSE,margin_detail,,
688027,国盾量子,1221455920,38460125,56269674.0,2026-07-29,SSE,margin_detail,,
688028,沃尔德,1236715106,44627504,35813927.0,2026-07-29,SSE,margin_detail,,
688029,南微医学,456767674,12693800,7104258.0,2026-07-29,SSE,margin_detail,,
688030,山石网科,74087422,5411203,4131250.0,2026-07-29,SSE,margin_detail,,
688031,星环科技,852612535,13353877,29203099.0,2026-07-29,SSE,margin_detail,,
688032,禾迈股份,465674912,7389599,7283995.0,2026-07-29,SSE,margin_detail,,
688035,德邦科技,408070548,28058916,24543155.0,2026-07-29,SSE,margin_detail,,
688036,传音控股,861658203,89437145,87740230.0,2026-07-29,SSE,margin_detail,,
688037,芯源微,674366035,239583505,169578665.0,2026-07-29,SSE,margin_detail,,
688038,中科通达,69018427,2590899,1689391.0,2026-07-29,SSE,margin_detail,,
688039,当虹科技,191512454,9561108,7771006.0,2026-07-29,SSE,margin_detail,,
688041,海光信息,8218608075,408267614,690958911.0,2026-07-29,SSE,margin_detail,,
688045,必易微,68502182,11518110,7967239.0,2026-07-29,SSE,margin_detail,,
688046,药康生物,92150126,21071458,25304541.0,2026-07-29,SSE,margin_detail,,
688047,龙芯中科,1278911469,25256580,44796073.0,2026-07-29,SSE,margin_detail,,
688048,长光华芯,3119726765,334490338,510398951.0,2026-07-29,SSE,margin_detail,,
688049,炬芯科技,566206340,46759908,50375844.0,2026-07-29,SSE,margin_detail,,
688050,爱博医疗,507877784,9231346,7542349.0,2026-07-29,SSE,margin_detail,,
688051,佳华科技,52176258,2881895,2153724.0,2026-07-29,SSE,margin_detail,,
688052,纳芯微,1729003697,51991448,114450313.0,2026-07-29,SSE,margin_detail,,
688055,龙腾光电,116701377,1793152,2753043.0,2026-07-29,SSE,margin_detail,,
688056,莱伯泰科,75097003,12956402,9712841.0,2026-07-29,SSE,margin_detail,,
688057,金达莱,171844581,6794147,5926561.0,2026-07-29,SSE,margin_detail,,
688058,宝兰德,35030660,1459264,1364006.0,2026-07-29,SSE,margin_detail,,
688059,华锐精密,777054593,54555273,50693187.0,2026-07-29,SSE,margin_detail,,
688060,云涌科技,45743201,918426,904145.0,2026-07-29,SSE,margin_detail,,
688061,灿瑞科技,81013544,4338051,4644178.0,2026-07-29,SSE,margin_detail,,
688062,迈威生物,449243749,18721604,25172044.0,2026-07-29,SSE,margin_detail,,
688063,派能科技,841782191,22213851,17018133.0,2026-07-29,SSE,margin_detail,,
688065,凯赛生物,769084742,8093635,13207042.0,2026-07-29,SSE,margin_detail,,
688067,爱威科技,44100343,1401782,1593765.0,2026-07-29,SSE,margin_detail,,
688068,热景生物,151215498,21834445,40876360.0,2026-07-29,SSE,margin_detail,,
688069,德林海,431537062,14712913,29650924.0,2026-07-29,SSE,margin_detail,,
688070,纵横股份,114910159,4508271,3112431.0,2026-07-29,SSE,margin_detail,,
688071,华依科技,157283639,6646793,6881391.0,2026-07-29,SSE,margin_detail,,
688072,拓荆科技,2130688332,429674550,514466631.0,2026-07-29,SSE,margin_detail,,
688073,毕得医药,89858541,10134111,7484716.0,2026-07-29,SSE,margin_detail,,
688075,安旭生物,117312831,2774856,1465357.0,2026-07-29,SSE,margin_detail,,
688077,大地熊,164382581,7103526,6611825.0,2026-07-29,SSE,margin_detail,,
688078,龙软科技,62638875,2101778,2895922.0,2026-07-29,SSE,margin_detail,,
688079,美迪凯,337848113,18428046,31503542.0,2026-07-29,SSE,margin_detail,,
688080,映翰通,312382755,4776266,4168976.0,2026-07-29,SSE,margin_detail,,
688081,兴图新科,132734826,3706545,2849242.0,2026-07-29,SSE,margin_detail,,
688082,盛美上海,836056482,105880600,140859348.0,2026-07-29,SSE,margin_detail,,
688083,中望软件,308328388,13087440,19358848.0,2026-07-29,SSE,margin_detail,,
688084,晶品特装,98965861,4469109,6032093.0,2026-07-29,SSE,margin_detail,,
688085,三友医疗,119293494,4740108,2617622.0,2026-07-29,SSE,margin_detail,,
688087,英科再生,60396896,3647433,3201919.0,2026-07-29,SSE,margin_detail,,
688088,虹软科技,637318664,16511613,18599224.0,2026-07-29,SSE,margin_detail,,
688090,瑞松科技,463642957,45240119,37328301.0,2026-07-29,SSE,margin_detail,,
688091,上海谊众,722453564,13636934,12063425.0,2026-07-29,SSE,margin_detail,,
688092,爱科科技,82682317,3041221,2296455.0,2026-07-29,SSE,margin_detail,,
688093,世华科技,289874500,10121722,13127599.0,2026-07-29,SSE,margin_detail,,
688095,福昕软件,223730806,10343802,11656692.0,2026-07-29,SSE,margin_detail,,
688096,京源环保,163870517,9242418,9269738.0,2026-07-29,SSE,margin_detail,,
688097,博众精工,695469569,12569427,18369540.0,2026-07-29,SSE,margin_detail,,
688098,申联生物,215738792,2326796,1054953.0,2026-07-29,SSE,margin_detail,,
688099,晶晨股份,1108859003,133627059,213490361.0,2026-07-29,SSE,margin_detail,,
688100,威胜信息,199924478,4480513,6167849.0,2026-07-29,SSE,margin_detail,,
688101,三达膜,243808924,8721444,7909651.0,2026-07-29,SSE,margin_detail,,
688102,斯瑞新材,760298027,20703416,42338341.0,2026-07-29,SSE,margin_detail,,
688103,国力电子,539561793,56065071,42789261.0,2026-07-29,SSE,margin_detail,,
688105,诺唯赞,145540743,15599221,12772805.0,2026-07-29,SSE,margin_detail,,
688106,金宏气体,973456195,90545383,94853408.0,2026-07-29,SSE,margin_detail,,
688107,安路科技,165328704,13381472,16211630.0,2026-07-29,SSE,margin_detail,,
688108,赛诺医疗,650155000,23339068,15903804.0,2026-07-29,SSE,margin_detail,,
688109,品茗科技,282517720,4826628,3145131.0,2026-07-29,SSE,margin_detail,,
688110,东芯股份,2876523858,128430597,211243366.0,2026-07-29,SSE,margin_detail,,
688111,金山办公,4734781656,220785416,218202085.0,2026-07-29,SSE,margin_detail,,
688112,鼎阳科技,130612226,12525087,8575033.0,2026-07-29,SSE,margin_detail,,
688113,联测科技,93277528,3042926,2438785.0,2026-07-29,SSE,margin_detail,,
688114,华大智造,388851485,18684949,16120713.0,2026-07-29,SSE,margin_detail,,
688115,思林杰,216974188,5596523,6375010.0,2026-07-29,SSE,margin_detail,,
688116,天奈科技,1031019721,10805292,12985864.0,2026-07-29,SSE,margin_detail,,
688117,圣诺生物,303202967,10969942,16104509.0,2026-07-29,SSE,margin_detail,,
688118,普元信息,115143003,5231848,4748114.0,2026-07-29,SSE,margin_detail,,
688119,中钢洛耐,138660990,12698819,6774284.0,2026-07-29,SSE,margin_detail,,
688120,华海清科,1649805521,254029239,208501645.0,2026-07-29,SSE,margin_detail,,
688122,西部超导,2013284279,26761380,30766251.0,2026-07-29,SSE,margin_detail,,
688123,聚辰股份,1487344783,149954352,143990862.0,2026-07-29,SSE,margin_detail,,
688125,安达智能,337421507,9166488,11426723.0,2026-07-29,SSE,margin_detail,,
688126,沪硅产业,2865376813,152476774,223350084.0,2026-07-29,SSE,margin_detail,,
688127,蓝特光学,1050564402,41797912,45372413.0,2026-07-29,SSE,margin_detail,,
688128,中国电研,154555832,3750915,4203518.0,2026-07-29,SSE,margin_detail,,
688129,东来技术,38198048,1054380,971735.0,2026-07-29,SSE,margin_detail,,
688130,晶华微,43816415,2492638,3492838.0,2026-07-29,SSE,margin_detail,,
688131,皓元医药,676486320,29065168,23779389.0,2026-07-29,SSE,margin_detail,,
688132,邦彦技术,71740377,5224522,1814397.0,2026-07-29,SSE,margin_detail,,
688133,泰坦科技,230491405,4668506,8402035.0,2026-07-29,SSE,margin_detail,,
688135,利扬芯片,374252703,20577880,29182754.0,2026-07-29,SSE,margin_detail,,
688136,科兴制药,181452090,7111435,5672016.0,2026-07-29,SSE,margin_detail,,
688137,近岸蛋白,39695799,2053634,1583869.0,2026-07-29,SSE,margin_detail,,
688138,清溢光电,455336379,43492110,49122327.0,2026-07-29,SSE,margin_detail,,
688139,海尔生物,271199867,8061683,6167078.0,2026-07-29,SSE,margin_detail,,
688141,杰华特,1405243117,157969844,283590732.0,2026-07-29,SSE,margin_detail,,
688143,长盈通,642468247,68201045,121823761.0,2026-07-29,SSE,margin_detail,,
688146,中船特气,2110320825,674836342,756815290.0,2026-07-29,SSE,margin_detail,,
688147,微导纳米,356372795,55088810,57267035.0,2026-07-29,SSE,margin_detail,,
688148,芳源股份,125523402,9028741,10303470.0,2026-07-29,SSE,margin_detail,,
688150,莱特光电,603331963,26988313,43558952.0,2026-07-29,SSE,margin_detail,,
688151,华强科技,85127520,12667484,9116394.0,2026-07-29,SSE,margin_detail,,
688152,麒麟信安,110528946,2735987,2027873.0,2026-07-29,SSE,margin_detail,,
688153,唯捷创芯,234510530,11772102,10697174.0,2026-07-29,SSE,margin_detail,,
688155,先惠技术,317256966,17881852,11872700.0,2026-07-29,SSE,margin_detail,,
688156,路德科技,116713592,5770409,8801433.0,2026-07-29,SSE,margin_detail,,
688157,松井股份,138692185,4519750,2653829.0,2026-07-29,SSE,margin_detail,,
688158,优刻得,1032855188,38528068,91146621.0,2026-07-29,SSE,margin_detail,,
688159,有方科技,281933273,6154616,14009562.0,2026-07-29,SSE,margin_detail,,
688160,步科股份,246437893,24896595,24902846.0,2026-07-29,SSE,margin_detail,,
688161,威高骨科,166024802,1147786,1717501.0,2026-07-29,SSE,margin_detail,,
688162,巨一科技,69323882,2399316,4220657.0,2026-07-29,SSE,margin_detail,,
688163,赛伦生物,300633854,4084037,2621290.0,2026-07-29,SSE,margin_detail,,
688165,埃夫特,299173952,6124249,7307452.0,2026-07-29,SSE,margin_detail,,
688166,博瑞医药,1200354190,31626793,37639142.0,2026-07-29,SSE,margin_detail,,
688167,炬光科技,1577416522,135675366,155127430.0,2026-07-29,SSE,margin_detail,,
688168,安博通,361378237,11468250,13366298.0,2026-07-29,SSE,margin_detail,,
688169,石头科技,1066523396,47594531,54350048.0,2026-07-29,SSE,margin_detail,,
688170,德龙激光,389882839,22165814,22719019.0,2026-07-29,SSE,margin_detail,,
688171,纬德信息,100625176,14480690,5909091.0,2026-07-29,SSE,margin_detail,,
688172,燕东微,562872486,48071483,56280444.0,2026-07-29,SSE,margin_detail,,
688173,希荻微,153384476,9176976,9400986.0,2026-07-29,SSE,margin_detail,,
688175,高凌信息,106570039,6122230,3590726.0,2026-07-29,SSE,margin_detail,,
688176,亚虹医药,333409760,14607276,21337971.0,2026-07-29,SSE,margin_detail,,
688177,百奥泰,175716340,2873609,4298210.0,2026-07-29,SSE,margin_detail,,
688178,万德斯,85533015,3036566,3345182.0,2026-07-29,SSE,margin_detail,,
688179,阿拉丁,398658077,19129331,26866332.0,2026-07-29,SSE,margin_detail,,
688180,君实生物,1243136755,38495799,27528379.0,2026-07-29,SSE,margin_detail,,
688181,八亿时空,373781001,24387384,25788761.0,2026-07-29,SSE,margin_detail,,
688182,灿勤科技,278289987,13405948,11572785.0,2026-07-29,SSE,margin_detail,,
688183,生益电子,1749638387,132843985,245657111.0,2026-07-29,SSE,margin_detail,,
688185,康希诺,262356688,5593702,5082534.0,2026-07-29,SSE,margin_detail,,
688186,广大特材,386798522,6519289,8244554.0,2026-07-29,SSE,margin_detail,,
688187,时代电气,1147342420,31055389,32063089.0,2026-07-29,SSE,margin_detail,,
688188,柏楚电子,384993058,13253620,24273391.0,2026-07-29,SSE,margin_detail,,
688190,云路股份,297547022,8457201,6503835.0,2026-07-29,SSE,margin_detail,,
688191,智洋创新,437533490,44168748,17544280.0,2026-07-29,SSE,margin_detail,,
688192,迪哲医药,350516477,39551003,68167903.0,2026-07-29,SSE,margin_detail,,
688193,仁度生物,114622655,1682675,1466466.0,2026-07-29,SSE,margin_detail,,
688195,腾景科技,1042031831,49163748,81323585.0,2026-07-29,SSE,margin_detail,,
688196,卓越新能,77654139,3696550,4297129.0,2026-07-29,SSE,margin_detail,,
688197,首药控股,223204257,9339922,8293442.0,2026-07-29,SSE,margin_detail,,
688198,佰仁医疗,217378992,5185196,3384108.0,2026-07-29,SSE,margin_detail,,
688199,久日新材,251473513,26606040,33004952.0,2026-07-29,SSE,margin_detail,,
688200,华峰测控,472282788,112046066,272034036.0,2026-07-29,SSE,margin_detail,,
688202,美迪西,295916517,38827484,48699611.0,2026-07-29,SSE,margin_detail,,
688203,海正生材,56163888,3513325,2355171.0,2026-07-29,SSE,margin_detail,,
688205,德科立,1376027605,52757129,61684537.0,2026-07-29,SSE,margin_detail,,
688206,概伦电子,289964266,18504585,23496441.0,2026-07-29,SSE,margin_detail,,
688207,格灵深瞳,206503842,19991468,31684270.0,2026-07-29,SSE,margin_detail,,
688208,道通科技,1023424036,24642711,18298654.0,2026-07-29,SSE,margin_detail,,
688209,英集芯,252303994,14770757,14417891.0,2026-07-29,SSE,margin_detail,,
688210,统联精密,385092145,9112452,28299092.0,2026-07-29,SSE,margin_detail,,
688211,中科微至,66751562,537058,1504235.0,2026-07-29,SSE,margin_detail,,
688212,澳华内镜,121675740,1875778,2621628.0,2026-07-29,SSE,margin_detail,,
688213,思特威,1357787422,55561373,64021061.0,2026-07-29,SSE,margin_detail,,
688215,瑞晟智能,101448152,3020860,3347692.0,2026-07-29,SSE,margin_detail,,
688216,气派科技,112310670,14044257,18019248.0,2026-07-29,SSE,margin_detail,,
688217,睿昂基因,61159147,1452444,914767.0,2026-07-29,SSE,margin_detail,,
688218,江苏北人,483210985,20446866,16030861.0,2026-07-29,SSE,margin_detail,,
688219,会通股份,357604419,3804747,4857485.0,2026-07-29,SSE,margin_detail,,
688220,翱捷科技,556707615,44718234,55288843.0,2026-07-29,SSE,margin_detail,,
688221,前沿生物,158862493,17040577,19958603.0,2026-07-29,SSE,margin_detail,,
688222,成都先导,522215772,40354954,36863428.0,2026-07-29,SSE,margin_detail,,
688223,晶科能源,1482555778,17993354,26201934.0,2026-07-29,SSE,margin_detail,,
688225,亚信安全,166040642,5666559,5423012.0,2026-07-29,SSE,margin_detail,,
688226,威腾电气,585410281,11729031,10790809.0,2026-07-29,SSE,margin_detail,,
688227,品高股份,381078521,22920273,26658949.0,2026-07-29,SSE,margin_detail,,
688228,开普云,125868497,5773205,6044710.0,2026-07-29,SSE,margin_detail,,
688229,博睿数据,167734131,2811995,3458161.0,2026-07-29,SSE,margin_detail,,
688230,芯导科技,222935309,7320072,6889285.0,2026-07-29,SSE,margin_detail,,
688231,隆达股份,102971995,8840913,9663045.0,2026-07-29,SSE,margin_detail,,
688232,新点软件,166916842,4799616,4473170.0,2026-07-29,SSE,margin_detail,,
688233,神工股份,559732440,105325524,97779322.0,2026-07-29,SSE,margin_detail,,
688234,天岳先进,1489765571,82995217,90347088.0,2026-07-29,SSE,margin_detail,,
688235,百济神州,1127684066,85097279,78704982.0,2026-07-29,SSE,margin_detail,,
688236,春立医疗,53223253,1988822,2696455.0,2026-07-29,SSE,margin_detail,,
688237,超卓航科,142023118,37562668,37740064.0,2026-07-29,SSE,margin_detail,,
688238,和元生物,128110201,6894930,11998683.0,2026-07-29,SSE,margin_detail,,
688239,航宇科技,384874708,7625630,14977850.0,2026-07-29,SSE,margin_detail,,
688244,永信至诚,100662931,4497159,3957714.0,2026-07-29,SSE,margin_detail,,
688246,嘉和美康,153456178,4389065,3509131.0,2026-07-29,SSE,margin_detail,,
688247,宣泰医药,97120086,4606266,3438150.0,2026-07-29,SSE,margin_detail,,
688248,南网科技,357783024,26664574,24449045.0,2026-07-29,SSE,margin_detail,,
688249,晶合集成,1226230250,113585009,92301741.0,2026-07-29,SSE,margin_detail,,
688251,井松智能,86735639,4710694,5042896.0,2026-07-29,SSE,margin_detail,,
688252,天德钰,248065034,5961138,9289652.0,2026-07-29,SSE,margin_detail,,
688253,英诺特,319490177,10736428,7909784.0,2026-07-29,SSE,margin_detail,,
688255,凯尔达,131033312,5143300,4619377.0,2026-07-29,SSE,margin_detail,,
688256,寒武纪,17997201792,1368496117,1940147037.0,2026-07-29,SSE,margin_detail,,
688257,新锐股份,1327115878,79562631,83595044.0,2026-07-29,SSE,margin_detail,,
688258,卓易信息,429704028,18153691,28868183.0,2026-07-29,SSE,margin_detail,,
688259,创耀科技,213279647,4343665,4512135.0,2026-07-29,SSE,margin_detail,,
688260,昀冢科技,314335103,52748229,56564453.0,2026-07-29,SSE,margin_detail,,
688261,东微半导,479799145,43590097,50780135.0,2026-07-29,SSE,margin_detail,,
688262,国芯科技,588163961,21231314,25766647.0,2026-07-29,SSE,margin_detail,,
688265,南模生物,67539379,6119156,3376985.0,2026-07-29,SSE,margin_detail,,
688266,泽璟制药,404781068,30707237,71857473.0,2026-07-29,SSE,margin_detail,,
688267,中触媒,290105571,11786819,27301172.0,2026-07-29,SSE,margin_detail,,
688268,华特气体,1117380119,138671780,142728388.0,2026-07-29,SSE,margin_detail,,
688269,凯立新材,180091052,7869938,2420694.0,2026-07-29,SSE,margin_detail,,
688271,联影医疗,1246461097,33024494,60853313.0,2026-07-29,SSE,margin_detail,,
688272,富吉瑞,70303817,2154799,2633709.0,2026-07-29,SSE,margin_detail,,
688273,麦澜德,123699257,7419958,5712862.0,2026-07-29,SSE,margin_detail,,
688275,万润新能,720998299,37350144,32182780.0,2026-07-29,SSE,margin_detail,,
688276,百克生物,154096408,3051587,1634454.0,2026-07-29,SSE,margin_detail,,
688277,天智航,471219469,0,298012.0,2026-07-29,SSE,margin_detail,,
688278,特宝生物,1305105635,32751474,23158684.0,2026-07-29,SSE,margin_detail,,
688279,峰岹科技,219905459,28024343,16847435.0,2026-07-29,SSE,margin_detail,,
688280,精进电动,188547120,5309983,4595519.0,2026-07-29,SSE,margin_detail,,
688281,华秦科技,375817849,8708325,11596409.0,2026-07-29,SSE,margin_detail,,
688282,理工导航,108286083,2714530,4184643.0,2026-07-29,SSE,margin_detail,,
688283,坤恒顺维,112910583,1974181,3087514.0,2026-07-29,SSE,margin_detail,,
688285,高铁电气,72929627,1858250,4666523.0,2026-07-29,SSE,margin_detail,,
688286,敏芯股份,238385967,13674757,18509901.0,2026-07-29,SSE,margin_detail,,
688288,鸿泉技术,75492771,2335928,3000602.0,2026-07-29,SSE,margin_detail,,
688289,圣湘生物,309652147,4408474,6779756.0,2026-07-29,SSE,margin_detail,,
688290,景业智能,204644776,4632907,7364466.0,2026-07-29,SSE,margin_detail,,
688291,金橙子,95767975,10176506,9437489.0,2026-07-29,SSE,margin_detail,,
688292,浩瀚深度,145565081,3318190,4241644.0,2026-07-29,SSE,margin_detail,,
688293,奥浦迈,85670838,8478755,6756343.0,2026-07-29,SSE,margin_detail,,
688295,中复神鹰,480799984,14805877,23492345.0,2026-07-29,SSE,margin_detail,,
688296,和达科技,48010305,8321790,5656912.0,2026-07-29,SSE,margin_detail,,
688297,中无人机,522813538,15477373,25691019.0,2026-07-29,SSE,margin_detail,,
688298,东方生物,165599230,1753663,3539478.0,2026-07-29,SSE,margin_detail,,
688299,长阳科技,336788399,6008180,6641228.0,2026-07-29,SSE,margin_detail,,
688300,联瑞新材,821045251,91807998,86807059.0,2026-07-29,SSE,margin_detail,,
688301,奕瑞科技,564880578,26204280,33650539.0,2026-07-29,SSE,margin_detail,,
688302,海创药业,315706464,2247358,2703152.0,2026-07-29,SSE,margin_detail,,
688303,大全能源,506493756,6145246,12992789.0,2026-07-29,SSE,margin_detail,,
688305,科德数控,448306141,19065272,13957975.0,2026-07-29,SSE,margin_detail,,
688306,均普智能,247719174,5697432,10699056.0,2026-07-29,SSE,margin_detail,,
688307,中润光学,271906923,62027103,34421953.0,2026-07-29,SSE,margin_detail,,
688308,欧科亿,809720345,89581530,139950020.0,2026-07-29,SSE,margin_detail,,
688309,恒誉环保,247131137,22407550,12336958.0,2026-07-29,SSE,margin_detail,,
688310,迈得医疗,52152136,6199969,1830731.0,2026-07-29,SSE,margin_detail,,
688311,盟升电子,270280179,3917397,8257974.0,2026-07-29,SSE,margin_detail,,
688312,燕麦科技,411822749,19693736,33366561.0,2026-07-29,SSE,margin_detail,,
688313,仕佳光子,2241703255,157222477,230942505.0,2026-07-29,SSE,margin_detail,,
688314,康拓医疗,98774695,3231910,3375120.0,2026-07-29,SSE,margin_detail,,
688315,诺禾致源,129746178,4476647,3025470.0,2026-07-29,SSE,margin_detail,,
688316,青云科技,162635786,4791326,4664641.0,2026-07-29,SSE,margin_detail,,
688317,之江生物,143684517,2244033,3425090.0,2026-07-29,SSE,margin_detail,,
688318,财富趋势,1018379591,17948631,28106855.0,2026-07-29,SSE,margin_detail,,
688319,欧林生物,500520711,18656772,21841539.0,2026-07-29,SSE,margin_detail,,
688320,禾川科技,206336043,9014008,10112292.0,2026-07-29,SSE,margin_detail,,
688321,微芯生物,684446044,41560298,40358399.0,2026-07-29,SSE,margin_detail,,
688322,奥比中光,1394674468,61926619,71906228.0,2026-07-29,SSE,margin_detail,,
688323,瑞华泰,321095105,36401506,32826144.0,2026-07-29,SSE,margin_detail,,
688325,赛微微电,444956512,23541866,12140299.0,2026-07-29,SSE,margin_detail,,
688326,经纬恒润,263917943,5832255,5213385.0,2026-07-29,SSE,margin_detail,,
688327,云从科技,817870352,12774233,20372825.0,2026-07-29,SSE,margin_detail,,
688328,深科达,241329386,36971608,80437099.0,2026-07-29,SSE,margin_detail,,
688329,艾隆科技,73689753,3734622,2738046.0,2026-07-29,SSE,margin_detail,,
688330,宏力达,222231922,3135152,2488960.0,2026-07-29,SSE,margin_detail,,
688331,荣昌生物,961789414,71902937,54897560.0,2026-07-29,SSE,margin_detail,,
688332,中科蓝讯,483185555,32129137,23338807.0,2026-07-29,SSE,margin_detail,,
688333,铂力特,1572777498,81978008,61900974.0,2026-07-29,SSE,margin_detail,,
688334,西高院,155779668,3225155,5111398.0,2026-07-29,SSE,margin_detail,,
688335,复洁科技,127420338,3282927,5563732.0,2026-07-29,SSE,margin_detail,,
688336,三生国健,479003736,27241649,34159848.0,2026-07-29,SSE,margin_detail,,
688337,普源精电,224839604,17845244,16054601.0,2026-07-29,SSE,margin_detail,,
688338,赛科希德,106991947,2665518,5552210.0,2026-07-29,SSE,margin_detail,,
688339,亿华通,263429440,4187671,3846682.0,2026-07-29,SSE,margin_detail,,
688343,云天励飞,1541973752,35484564,45885993.0,2026-07-29,SSE,margin_detail,,
688345,博力威,70975819,10767205,7286529.0,2026-07-29,SSE,margin_detail,,
688347,华虹宏力,2913715919,671317387,925747497.0,2026-07-29,SSE,margin_detail,,
688348,昱能科技,195140473,4048041,5473276.0,2026-07-29,SSE,margin_detail,,
688349,三一重能,219516012,10784899,18385950.0,2026-07-29,SSE,margin_detail,,
688350,富淼科技,215272765,7394762,3989035.0,2026-07-29,SSE,margin_detail,,
688351,微电生理,265174278,5901519,5108594.0,2026-07-29,SSE,margin_detail,,
688352,颀中科技,418647140,29278254,51821308.0,2026-07-29,SSE,margin_detail,,
688353,华盛锂电,696119577,87862306,94236311.0,2026-07-29,SSE,margin_detail,,
688355,明志科技,70583742,4560429,2559845.0,2026-07-29,SSE,margin_detail,,
688356,键凯科技,224365551,8782640,8992033.0,2026-07-29,SSE,margin_detail,,
688357,建龙微纳,112096268,2507812,1158030.0,2026-07-29,SSE,margin_detail,,
688358,祥生医疗,94558232,3016945,2103782.0,2026-07-29,SSE,margin_detail,,
688359,三孚新科,422946441,42750366,39573901.0,2026-07-29,SSE,margin_detail,,
688360,德马科技,143154615,4662912,2451123.0,2026-07-29,SSE,margin_detail,,
688361,中科飞测,1029954159,301492011,415619192.0,2026-07-29,SSE,margin_detail,,
688362,甬矽电子,1172315181,158058172,253638091.0,2026-07-29,SSE,margin_detail,,
688363,华熙生物,513520858,15883147,13839897.0,2026-07-29,SSE,margin_detail,,
688365,光云科技,211585632,11355044,12738730.0,2026-07-29,SSE,margin_detail,,
688366,昊海生科,115329299,3627589,3912057.0,2026-07-29,SSE,margin_detail,,
688367,工大高科,178078984,3744616,2475044.0,2026-07-29,SSE,margin_detail,,
688368,晶丰明源,171840833,27726743,32575545.0,2026-07-29,SSE,margin_detail,,
688369,致远互联,239597729,1748540,2787037.0,2026-07-29,SSE,margin_detail,,
688370,丛麟科技,63138041,347253,549470.0,2026-07-29,SSE,margin_detail,,
688371,菲沃泰,125965128,55711863,34700120.0,2026-07-29,SSE,margin_detail,,
688372,伟测科技,932489676,56231679,62980301.0,2026-07-29,SSE,margin_detail,,
688373,盟科药业,66649244,2920387,5916945.0,2026-07-29,SSE,margin_detail,,
688375,国博电子,398792800,9864578,31561670.0,2026-07-29,SSE,margin_detail,,
688376,美埃科技,209934031,25608994,21674047.0,2026-07-29,SSE,margin_detail,,
688377,迪威尔,306405869,4048244,34773969.0,2026-07-29,SSE,margin_detail,,
688378,奥来德,489148531,31830359,20542558.0,2026-07-29,SSE,margin_detail,,
688379,华光新材,257652079,13832901,16077226.0,2026-07-29,SSE,margin_detail,,
688380,中微半导,604521564,31281616,49661526.0,2026-07-29,SSE,margin_detail,,
688381,帝奥微,553435303,30920837,54514538.0,2026-07-29,SSE,margin_detail,,
688382,益方生物,148669992,11576269,13131259.0,2026-07-29,SSE,margin_detail,,
688383,新益昌,341765875,25950873,20612451.0,2026-07-29,SSE,margin_detail,,
688385,复旦微电,1197603451,58254557,74047480.0,2026-07-29,SSE,margin_detail,,
688386,泛亚微透,263556587,18450633,16408172.0,2026-07-29,SSE,margin_detail,,
688387,信科移动,993602516,56692360,47083938.0,2026-07-29,SSE,margin_detail,,
688388,嘉元科技,948646660,67069941,67567239.0,2026-07-29,SSE,margin_detail,,
688389,普门科技,192801345,1728809,971883.0,2026-07-29,SSE,margin_detail,,
688390,固德威,461506154,35281097,41991189.0,2026-07-29,SSE,margin_detail,,
688391,钜泉科技,114121530,4271120,3347981.0,2026-07-29,SSE,margin_detail,,
688392,骄成超声,500430751,47891075,36585444.0,2026-07-29,SSE,margin_detail,,
688393,安必平,69718042,1874579,3574068.0,2026-07-29,SSE,margin_detail,,
688395,正弦电气,53961489,2055172,1697864.0,2026-07-29,SSE,margin_detail,,
688396,华润微,1406104827,108810944,132041638.0,2026-07-29,SSE,margin_detail,,
688398,赛特新材,329006768,4521720,2602255.0,2026-07-29,SSE,margin_detail,,
688399,硕世生物,242611354,5848527,7396530.0,2026-07-29,SSE,margin_detail,,
688400,凌云光,748110533,29965228,27933135.0,2026-07-29,SSE,margin_detail,,
688401,路维光电,588392361,51286915,55626308.0,2026-07-29,SSE,margin_detail,,
688403,汇成股份,1368743127,106191856,156301979.0,2026-07-29,SSE,margin_detail,,
688408,中信博,351876032,5446587,4792929.0,2026-07-29,SSE,margin_detail,,
688409,富创精密,606021715,128466562,137385284.0,2026-07-29,SSE,margin_detail,,
688410,山外山,138400616,11960716,7335413.0,2026-07-29,SSE,margin_detail,,
688411,海博思创,928166032,45043029,38620540.0,2026-07-29,SSE,margin_detail,,
688416,恒烁股份,552050043,49684133,53161415.0,2026-07-29,SSE,margin_detail,,
688418,震有科技,533785101,15648197,12446517.0,2026-07-29,SSE,margin_detail,,
688419,耐科装备,145641297,13442937,21293298.0,2026-07-29,SSE,margin_detail,,
688420,美腾科技,32526879,1370910,1818820.0,2026-07-29,SSE,margin_detail,,
688425,铁建重工,520078755,5022458,9813461.0,2026-07-29,SSE,margin_detail,,
688426,康为世纪,36467960,857097,764827.0,2026-07-29,SSE,margin_detail,,
688428,诺诚健华,412904285,13576496,14498727.0,2026-07-29,SSE,margin_detail,,
688429,时创能源,69316804,1316921,696098.0,2026-07-29,SSE,margin_detail,,
688432,有研硅,564053943,250531260,200789004.0,2026-07-29,SSE,margin_detail,,
688433,华曙高科,753287564,15174063,22095488.0,2026-07-29,SSE,margin_detail,,
688435,英方软件,113537962,3938895,4455452.0,2026-07-29,SSE,margin_detail,,
688439,振华风光,475595238,6010856,7870745.0,2026-07-29,SSE,margin_detail,,
688443,智翔金泰,119763883,7111391,6279547.0,2026-07-29,SSE,margin_detail,,
688448,磁谷科技,187073129,10195858,7238152.0,2026-07-29,SSE,margin_detail,,
688449,联芸科技,1012506813,39482827,47672257.0,2026-07-29,SSE,margin_detail,,
688450,光格科技,150605177,5370492,6796151.0,2026-07-29,SSE,margin_detail,,
688455,科捷智能,87633340,2742023,4148293.0,2026-07-29,SSE,margin_detail,,
688456,有研粉材,294810678,38023430,51599902.0,2026-07-29,SSE,margin_detail,,
688458,美芯晟,260138776,7131735,7921885.0,2026-07-29,SSE,margin_detail,,
688459,哈铁科技,72279420,338315,415509.0,2026-07-29,SSE,margin_detail,,
688466,金科环境,44271627,1403791,1347860.0,2026-07-29,SSE,margin_detail,,
688468,科美诊断,155428987,2736025,1893272.0,2026-07-29,SSE,margin_detail,,
688469,芯联集成,1699364475,75467728,74837465.0,2026-07-29,SSE,margin_detail,,
688472,阿特斯,925165394,18631137,29766045.0,2026-07-29,SSE,margin_detail,,
688475,萤石网络,202330370,16520092,15490172.0,2026-07-29,SSE,margin_detail,,
688478,晶升股份,194812923,13534871,14771563.0,2026-07-29,SSE,margin_detail,,
688479,友车科技,211298504,9149344,7179373.0,2026-07-29,SSE,margin_detail,,
688480,赛恩斯,265706905,14359164,11638998.0,2026-07-29,SSE,margin_detail,,
688484,南芯科技,437457820,29402560,39369951.0,2026-07-29,SSE,margin_detail,,
688485,九州一轨,458076214,18964396,21394442.0,2026-07-29,SSE,margin_detail,,
688486,龙迅股份,283741444,11478306,21727594.0,2026-07-29,SSE,margin_detail,,
688488,艾迪药业,105902002,9432370,8564135.0,2026-07-29,SSE,margin_detail,,
688489,三未信安,70734607,1728224,1938365.0,2026-07-29,SSE,margin_detail,,
688498,源杰科技,3065289868,624103758,844795943.0,2026-07-29,SSE,margin_detail,,
688499,利元亨,464221958,13899532,14997888.0,2026-07-29,SSE,margin_detail,,
688500,慧辰股份,219656751,6358430,6799549.0,2026-07-29,SSE,margin_detail,,
688501,青达环保,185046454,4621876,3823332.0,2026-07-29,SSE,margin_detail,,
688502,茂莱光学,567663191,226764027,107958094.0,2026-07-29,SSE,margin_detail,,
688503,聚和材料,1139247073,74387881,87437985.0,2026-07-29,SSE,margin_detail,,
688505,复旦张江,134528106,3496626,1963151.0,2026-07-29,SSE,margin_detail,,
688506,百利天恒,410932216,35256211,37273069.0,2026-07-29,SSE,margin_detail,,
688507,索辰科技,722898433,105762961,79015775.0,2026-07-29,SSE,margin_detail,,
688508,芯朋微,498095777,64551794,75571195.0,2026-07-29,SSE,margin_detail,,
688509,正元地信,160059025,3188737,2725426.0,2026-07-29,SSE,margin_detail,,
688510,航亚科技,175718631,6146551,3982548.0,2026-07-29,SSE,margin_detail,,
688511,天微电子,69896064,2152234,3340269.0,2026-07-29,SSE,margin_detail,,
688512,慧智微,186569447,4940246,7196793.0,2026-07-29,SSE,margin_detail,,
688513,苑东生物,140286093,7773617,8449831.0,2026-07-29,SSE,margin_detail,,
688515,裕太微,520545592,45215912,77441612.0,2026-07-29,SSE,margin_detail,,
688516,奥特维,430038656,16163885,22954662.0,2026-07-29,SSE,margin_detail,,
688517,金冠电气,122276357,2163923,2038752.0,2026-07-29,SSE,margin_detail,,
688518,联赢激光,507917106,25918161,19160761.0,2026-07-29,SSE,margin_detail,,
688519,南亚新材,663223256,124310355,141713250.0,2026-07-29,SSE,margin_detail,,
688520,神州细胞,217662209,4238799,4295027.0,2026-07-29,SSE,margin_detail,,
688521,芯原股份,3699189754,229832326,350984749.0,2026-07-29,SSE,margin_detail,,
688522,纳睿雷达,311071885,9096631,5957258.0,2026-07-29,SSE,margin_detail,,
688523,航天环宇,180698608,12338683,14032353.0,2026-07-29,SSE,margin_detail,,
688525,佰维存储,9419618594,789294981,1495802249.0,2026-07-29,SSE,margin_detail,,
688526,科前生物,157305076,1030885,1481309.0,2026-07-29,SSE,margin_detail,,
688528,秦川物联,25874187,792495,742588.0,2026-07-29,SSE,margin_detail,,
688529,豪森智能,118645053,2796019,1487568.0,2026-07-29,SSE,margin_detail,,
688530,欧莱新材,229576944,39047444,35626520.0,2026-07-29,SSE,margin_detail,,
688531,日联科技,540920290,48821875,37945018.0,2026-07-29,SSE,margin_detail,,
688533,上声电子,72751980,2289896,1379789.0,2026-07-29,SSE,margin_detail,,
688535,华海诚科,890144410,72464754,90520482.0,2026-07-29,SSE,margin_detail,,
688536,思瑞浦,1120574600,65386503,67311278.0,2026-07-29,SSE,margin_detail,,
688538,和辉光电,547017653,12955168,14894152.0,2026-07-29,SSE,margin_detail,,
688539,高华科技,219248517,5824539,4320749.0,2026-07-29,SSE,margin_detail,,
688543,国科军工,528385490,25969332,26333305.0,2026-07-29,SSE,margin_detail,,
688545,兴福电子,717268377,66049504,86992697.0,2026-07-29,SSE,margin_detail,,
688548,广钢气体,583162985,96049998,87883596.0,2026-07-29,SSE,margin_detail,,
688549,中巨芯,770127286,181421223,232936418.0,2026-07-29,SSE,margin_detail,,
688550,瑞联新材,368752575,24081171,72427312.0,2026-07-29,SSE,margin_detail,,
688551,科威尔,152546118,9016142,10381266.0,2026-07-29,SSE,margin_detail,,
688552,航天南湖,146900200,6389291,8754269.0,2026-07-29,SSE,margin_detail,,
688553,汇宇制药,221523910,9446202,9487824.0,2026-07-29,SSE,margin_detail,,
688556,高测股份,686529940,13178665,16456190.0,2026-07-29,SSE,margin_detail,,
688557,兰剑智能,86997386,3138121,3727298.0,2026-07-29,SSE,margin_detail,,
688558,国盛智科,147938429,6391966,5242171.0,2026-07-29,SSE,margin_detail,,
688559,海目星,620968316,39351580,44699117.0,2026-07-29,SSE,margin_detail,,
688560,明冠新材,117319955,5554905,5599944.0,2026-07-29,SSE,margin_detail,,
688561,奇安信,525332525,16509896,25532341.0,2026-07-29,SSE,margin_detail,,
688562,航天软件,208218296,2228077,3387479.0,2026-07-29,SSE,margin_detail,,
688563,航材股份,318500460,7709708,8189374.0,2026-07-29,SSE,margin_detail,,
688565,力源科技,62082059,2356340,1882524.0,2026-07-29,SSE,margin_detail,,
688566,吉贝尔,181826534,3205744,1473561.0,2026-07-29,SSE,margin_detail,,
688567,孚能科技,499024233,5918345,9675995.0,2026-07-29,SSE,margin_detail,,
688568,中科星图,847793395,16784383,15922937.0,2026-07-29,SSE,margin_detail,,
688569,铁科轨道,115337099,652156,817237.0,2026-07-29,SSE,margin_detail,,
688570,天玛智控,109532703,267489,1493340.0,2026-07-29,SSE,margin_detail,,
688571,杭华股份,115240084,6049105,6219823.0,2026-07-29,SSE,margin_detail,,
688573,信宇人,64418037,1821073,1188686.0,2026-07-29,SSE,margin_detail,,
688575,亚辉龙,287047310,4068688,5258686.0,2026-07-29,SSE,margin_detail,,
688576,西山科技,175627391,1382980,1089627.0,2026-07-29,SSE,margin_detail,,
688577,浙海德曼,203074639,3970562,4209906.0,2026-07-29,SSE,margin_detail,,
688578,艾力斯,1085465412,52040983,66663287.0,2026-07-29,SSE,margin_detail,,
688579,地纬智能,221669417,3398020,1604716.0,2026-07-29,SSE,margin_detail,,
688580,伟思医疗,166788635,15351759,17394249.0,2026-07-29,SSE,margin_detail,,
688581,安杰思,141195587,6577059,1661198.0,2026-07-29,SSE,margin_detail,,
688582,芯动联科,828327761,31703562,15100139.0,2026-07-29,SSE,margin_detail,,
688583,思看科技,283470318,5302701,11117425.0,2026-07-29,SSE,margin_detail,,
688584,上海合晶,225868967,30565656,53936435.0,2026-07-29,SSE,margin_detail,,
688585,上纬新材,678800410,96445087,62451254.0,2026-07-29,SSE,margin_detail,,
688586,江航装备,238182581,3039166,3103895.0,2026-07-29,SSE,margin_detail,,
688588,凌志软件,214697878,2339027,1795107.0,2026-07-29,SSE,margin_detail,,
688589,力合微,223995017,3707602,5045344.0,2026-07-29,SSE,margin_detail,,
688590,新致软件,170903645,5107359,6995075.0,2026-07-29,SSE,margin_detail,,
688591,泰凌微,347200482,7920087,12115511.0,2026-07-29,SSE,margin_detail,,
688592,司南导航,142115939,2845615,4695259.0,2026-07-29,SSE,margin_detail,,
688593,新相微,563768271,39675980,35099016.0,2026-07-29,SSE,margin_detail,,
688595,芯海科技,223432862,8819168,13671916.0,2026-07-29,SSE,margin_detail,,
688596,正帆科技,697737492,159560627,284874232.0,2026-07-29,SSE,margin_detail,,
688597,煜邦电力,119778772,2085038,3074979.0,2026-07-29,SSE,margin_detail,,
688598,金博股份,535222414,31321685,26235603.0,2026-07-29,SSE,margin_detail,,
688599,天合光能,1274945711,19046120,23601875.0,2026-07-29,SSE,margin_detail,,
688600,皖仪科技,57381234,4344301,4847021.0,2026-07-29,SSE,margin_detail,,
688601,力芯微,498002583,23411685,33362481.0,2026-07-29,SSE,margin_detail,,
688602,康鹏科技,132959191,3721079,2478537.0,2026-07-29,SSE,margin_detail,,
688603,天承科技,402187812,37532849,42653385.0,2026-07-29,SSE,margin_detail,,
688605,先锋精科,405722122,41132729,35278907.0,2026-07-29,SSE,margin_detail,,
688606,奥泰生物,102345477,1718717,3253132.0,2026-07-29,SSE,margin_detail,,
688607,康众医疗,276212948,4929201,3860771.0,2026-07-29,SSE,margin_detail,,
688608,恒玄科技,1101081479,62447458,70492953.0,2026-07-29,SSE,margin_detail,,
688609,九联科技,242900534,17276955,6227628.0,2026-07-29,SSE,margin_detail,,
688610,埃科光电,109753310,19170084,25758081.0,2026-07-29,SSE,margin_detail,,
688611,杭州柯林,507555013,2718004,12950199.0,2026-07-29,SSE,margin_detail,,
688612,威迈斯,369783688,7396989,8687266.0,2026-07-29,SSE,margin_detail,,
688613,奥精医疗,129596423,4814245,5803057.0,2026-07-29,SSE,margin_detail,,
688615,合合信息,853548898,35457829,41344126.0,2026-07-29,SSE,margin_detail,,
688616,西力科技,62423794,2677866,2026083.0,2026-07-29,SSE,margin_detail,,
688617,惠泰医疗,104950278,12015401,23436273.0,2026-07-29,SSE,margin_detail,,
688618,三旺通信,91821995,6289605,8957604.0,2026-07-29,SSE,margin_detail,,
688619,罗普特,84850601,2420408,5682985.0,2026-07-29,SSE,margin_detail,,
688620,安凯微,209004936,27761704,21293449.0,2026-07-29,SSE,margin_detail,,
688621,阳光诺和,459713796,14959480,10231604.0,2026-07-29,SSE,margin_detail,,
688623,双元科技,205112992,2973383,1298614.0,2026-07-29,SSE,margin_detail,,
688625,呈和科技,814462508,14531998,18369040.0,2026-07-29,SSE,margin_detail,,
688626,翔宇医疗,200146798,34174000,29627534.0,2026-07-29,SSE,margin_detail,,
688627,精智达,1424607769,155850496,250621902.0,2026-07-29,SSE,margin_detail,,
688628,优利德,228807937,20559424,17162774.0,2026-07-29,SSE,margin_detail,,
688629,华丰科技,1932405262,203218983,264114412.0,2026-07-29,SSE,margin_detail,,
688630,芯碁微装,980787975,201891952,151812005.0,2026-07-29,SSE,margin_detail,,
688631,莱斯信息,290673902,3474651,6630893.0,2026-07-29,SSE,margin_detail,,
688633,星球石墨,179108168,22577883,11049268.0,2026-07-29,SSE,margin_detail,,
688635,长进光子,540534776,33641342,34604288.0,2026-07-29,SSE,margin_detail,,
688636,智明达,234992202,19943272,26364386.0,2026-07-29,SSE,margin_detail,,
688638,誉辰智能,25005115,1254342,1155699.0,2026-07-29,SSE,margin_detail,,
688639,华恒生物,218940637,5811451,7365314.0,2026-07-29,SSE,margin_detail,,
688648,中邮科技,287745692,4262479,3669419.0,2026-07-29,SSE,margin_detail,,
688651,盛邦安全,80010196,3637976,4897702.0,2026-07-29,SSE,margin_detail,,
688652,京仪装备,220443817,37972122,51919465.0,2026-07-29,SSE,margin_detail,,
688653,康希通信,258662013,14609033,14560804.0,2026-07-29,SSE,margin_detail,,
688655,迅捷兴,250775716,14507345,22905029.0,2026-07-29,SSE,margin_detail,,
688656,浩欧博,83181772,4118234,2719692.0,2026-07-29,SSE,margin_detail,,
688657,浩辰软件,103571643,3133503,5843404.0,2026-07-29,SSE,margin_detail,,
688658,悦康药业,278704535,6853464,13096845.0,2026-07-29,SSE,margin_detail,,
688659,元琛科技,97286513,1650374,1811404.0,2026-07-29,SSE,margin_detail,,
688660,电气风电,592830733,41709779,22680663.0,2026-07-29,SSE,margin_detail,,
688661,和林微纳,666945621,24356408,43587038.0,2026-07-29,SSE,margin_detail,,
688662,富信科技,509757304,51858302,81240796.0,2026-07-29,SSE,margin_detail,,
688663,新风光,685267686,70178891,27135122.0,2026-07-29,SSE,margin_detail,,
688665,四方光电,129242254,2700767,6266763.0,2026-07-29,SSE,margin_detail,,
688667,菱电电控,313373510,5099580,4696110.0,2026-07-29,SSE,margin_detail,,
688668,鼎通科技,632973793,90036800,103475961.0,2026-07-29,SSE,margin_detail,,
688669,聚石化学,431615809,22986403,24106572.0,2026-07-29,SSE,margin_detail,,
688670,金迪克,35059423,1211272,1176395.0,2026-07-29,SSE,margin_detail,,
688671,碧兴物联,67846796,2896202,2983010.0,2026-07-29,SSE,margin_detail,,
688676,金盘科技,865148293,72039336,73370786.0,2026-07-29,SSE,margin_detail,,
688677,海泰新光,277653132,46812641,51892068.0,2026-07-29,SSE,margin_detail,,
688678,福立旺,671434718,28188609,16063655.0,2026-07-29,SSE,margin_detail,,
688679,通源环境,491960676,24944238,12279731.0,2026-07-29,SSE,margin_detail,,
688680,海优新材,351481743,2211805,2000430.0,2026-07-29,SSE,margin_detail,,
688681,科汇股份,46377689,1108610,1285373.0,2026-07-29,SSE,margin_detail,,
688682,霍莱沃,90352653,1584913,2448784.0,2026-07-29,SSE,margin_detail,,
688683,莱尔科技,271548907,6580131,11432717.0,2026-07-29,SSE,margin_detail,,
688685,迈信林,437271083,33244066,23236622.0,2026-07-29,SSE,margin_detail,,
688686,奥普特,303367246,19222129,14221292.0,2026-07-29,SSE,margin_detail,,
688687,凯因科技,222031387,4207465,2687277.0,2026-07-29,SSE,margin_detail,,
688689,银河微电,244398335,25455388,26932944.0,2026-07-29,SSE,margin_detail,,
688690,纳微科技,461154872,25846842,26144771.0,2026-07-29,SSE,margin_detail,,
688691,灿芯股份,542709195,28811096,29636886.0,2026-07-29,SSE,margin_detail,,
688692,达梦数据,770517558,25960800,31191764.0,2026-07-29,SSE,margin_detail,,
688693,锴威特,450904956,9749882,14103333.0,2026-07-29,SSE,margin_detail,,
688695,中创股份,49558722,1784748,1669110.0,2026-07-29,SSE,margin_detail,,
688696,极米科技,212733048,3942017,3514715.0,2026-07-29,SSE,margin_detail,,
688697,纽威数控,187284240,33286092,26435666.0,2026-07-29,SSE,margin_detail,,
688698,伟创电气,376800591,16561353,14161028.0,2026-07-29,SSE,margin_detail,,
688699,明微电子,174200420,16248586,18436403.0,2026-07-29,SSE,margin_detail,,
688700,东威科技,610906977,57370579,68234476.0,2026-07-29,SSE,margin_detail,,
688701,卓锦股份,10453507,416626,443044.0,2026-07-29,SSE,margin_detail,,
688702,盛科通信,1554457062,304244755,433583696.0,2026-07-29,SSE,margin_detail,,
688707,振华新材,335323506,2975287,6018969.0,2026-07-29,SSE,margin_detail,,
688708,佳驰科技,282605618,4139026,5796583.0,2026-07-29,SSE,margin_detail,,
688709,成都华微,364496154,25251136,28013557.0,2026-07-29,SSE,margin_detail,,
688710,益诺思,53568350,12916316,13963235.0,2026-07-29,SSE,margin_detail,,
688711,宏微科技,402618127,18622650,29658243.0,2026-07-29,SSE,margin_detail,,
688712,北芯生命,97233072,4950257,6939589.0,2026-07-29,SSE,margin_detail,,
688716,中研股份,176219993,5183225,5973960.0,2026-07-29,SSE,margin_detail,,
688717,艾罗能源,216666659,19102290,20513014.0,2026-07-29,SSE,margin_detail,,
688718,唯赛勃,39617400,1127143,1126511.0,2026-07-29,SSE,margin_detail,,
688719,爱科赛博,180648087,11704783,13016607.0,2026-07-29,SSE,margin_detail,,
688720,艾森股份,416048604,35363129,92852376.0,2026-07-29,SSE,margin_detail,,
688721,龙图光罩,176564378,19777143,22245977.0,2026-07-29,SSE,margin_detail,,
688722,同益中,191512677,5025599,6423773.0,2026-07-29,SSE,margin_detail,,
688726,拉普拉斯,876794638,16320605,17511787.0,2026-07-29,SSE,margin_detail,,
688727,恒坤新材,250543185,22888385,15917353.0,2026-07-29,SSE,margin_detail,,
688728,格科微,364032316,62854152,59511506.0,2026-07-29,SSE,margin_detail,,
688729,屹唐股份,860484796,91593028,169540236.0,2026-07-29,SSE,margin_detail,,
688733,壹石通,298946259,17329481,14162747.0,2026-07-29,SSE,margin_detail,,
688737,中自科技,230057956,3137867,1639721.0,2026-07-29,SSE,margin_detail,,
688739,成大生物,282033126,2251032,1654249.0,2026-07-29,SSE,margin_detail,,
688750,金天钛业,247182104,4413944,3149601.0,2026-07-29,SSE,margin_detail,,
688755,汉邦科技,93345460,2766787,1147562.0,2026-07-29,SSE,margin_detail,,
688757,胜科纳米,226781660,25302530,29242196.0,2026-07-29,SSE,margin_detail,,
688758,赛分科技,104742706,22122425,39232069.0,2026-07-29,SSE,margin_detail,,
688759,必贝特,136000076,26699003,11137154.0,2026-07-29,SSE,margin_detail,,
688765,禾元生物,227734473,52727302,19438293.0,2026-07-29,SSE,margin_detail,,
688766,普冉股份,1674258470,413002294,613553171.0,2026-07-29,SSE,margin_detail,,
688767,博拓生物,223579621,12884007,18685412.0,2026-07-29,SSE,margin_detail,,
688768,容知日新,182010908,3105228,4593803.0,2026-07-29,SSE,margin_detail,,
688772,珠海冠宇,884008600,26933776,29607240.0,2026-07-29,SSE,margin_detail,,
688775,影石创新,592580262,42971730,33254453.0,2026-07-29,SSE,margin_detail,,
688776,国光电气,261126040,9436156,6859425.0,2026-07-29,SSE,margin_detail,,
688777,中控技术,2776997057,86737518,146857871.0,2026-07-29,SSE,margin_detail,,
688778,厦钨新能,464384940,15070856,15509975.0,2026-07-29,SSE,margin_detail,,
688779,五矿新能,1043372091,19654941,22779401.0,2026-07-29,SSE,margin_detail,,
688781,视涯科技,91176852,3878141,7986668.0,2026-07-29,SSE,margin_detail,,
688783,西安奕材,490114890,167560750,93421468.0,2026-07-29,SSE,margin_detail,,
688785,恒运昌,175740726,42943541,22556154.0,2026-07-29,SSE,margin_detail,,
688786,悦安新材,243974822,15527206,16998794.0,2026-07-29,SSE,margin_detail,,
688787,海天瑞声,345541969,22795088,23675042.0,2026-07-29,SSE,margin_detail,,
688788,科思科技,447048211,7732150,8597002.0,2026-07-29,SSE,margin_detail,,
688789,宏华数科,162710974,2569202,5808122.0,2026-07-29,SSE,margin_detail,,
688790,昂瑞微,103448852,1982248,2703607.0,2026-07-29,SSE,margin_detail,,
688793,倍轻松,48618315,3456330,3751226.0,2026-07-29,SSE,margin_detail,,
688795,摩尔线程,1176451744,75992369,94662610.0,2026-07-29,SSE,margin_detail,,
688796,百奥赛图,216365827,44219230,38440298.0,2026-07-29,SSE,margin_detail,,
688797,臻宝科技,961106204,165952525,151683130.0,2026-07-29,SSE,margin_detail,,
688798,艾为电子,585419037,21679683,13139862.0,2026-07-29,SSE,margin_detail,,
688799,华纳药厂,264276415,14529926,12797526.0,2026-07-29,SSE,margin_detail,,
688800,瑞可达,784651532,47620963,67253583.0,2026-07-29,SSE,margin_detail,,
688802,沐曦股份,766495359,139319696,144213688.0,2026-07-29,SSE,margin_detail,,
688805,健信超导,110354823,2521781,5373133.0,2026-07-29,SSE,margin_detail,,
688806,泰诺麦博,108070650,44663166,48241381.0,2026-07-29,SSE,margin_detail,,
688807,优迅股份,526865678,17441152,35815795.0,2026-07-29,SSE,margin_detail,,
688808,联讯仪器,1147472395,274170850,387842559.0,2026-07-29,SSE,margin_detail,,
688809,强一股份,1029400064,81967737,102455100.0,2026-07-29,SSE,margin_detail,,
688811,有研复材,198574659,12246040,10496290.0,2026-07-29,SSE,margin_detail,,
688813,泰金新能,331139899,27424380,18259481.0,2026-07-29,SSE,margin_detail,,
688816,易思维,79780233,531510,1530584.0,2026-07-29,SSE,margin_detail,,
688818,电科蓝天,558065481,27391871,27791488.0,2026-07-29,SSE,margin_detail,,
688819,天能股份,230801779,1837834,4429530.0,2026-07-29,SSE,margin_detail,,
688820,盛合晶微,2165914353,129940770,194404513.0,2026-07-29,SSE,margin_detail,,
688825,C长鑫,14712818079,5254876059,5809469556.0,2026-07-29,SSE,margin_detail,,
688981,中芯国际,11183526850,880985034,1058312680.0,2026-07-29,SSE,margin_detail,semiconductor,半导体与芯片
689009,九号公司,1199526427,23363955,47329840.0,2026-07-29,SSE,margin_detail,,
000001,平安银行,4787300570,103930967,,2026-07-30,SZSE,margin_detail,finance,金融
000002,万  科Ａ,2366462530,119634284,,2026-07-30,SZSE,margin_detail,,
000006,深振业Ａ,709077408,20697722,,2026-07-30,SZSE,margin_detail,,
000008,神州高铁,235983183,3139402,,2026-07-30,SZSE,margin_detail,,
000009,中国宝安,1844159036,21223860,,2026-07-30,SZSE,margin_detail,,
000012,南  玻Ａ,480696153,10450298,,2026-07-30,SZSE,margin_detail,,
000021,深科技,2765872712,423457046,,2026-07-30,SZSE,margin_detail,,
000025,特  力Ａ,240463748,4751161,,2026-07-30,SZSE,margin_detail,,
000027,深圳能源,540509651,20870757,,2026-07-30,SZSE,margin_detail,,
000028,国药一致,227326096,4259998,,2026-07-30,SZSE,margin_detail,,
000029,深深房Ａ,551010883,26269650,,2026-07-30,SZSE,margin_detail,,
000030,富奥股份,143334594,4630026,,2026-07-30,SZSE,margin_detail,,
000031,大悦城,272229223,10726337,,2026-07-30,SZSE,margin_detail,,
000032,深桑达Ａ,810239812,39201518,,2026-07-30,SZSE,margin_detail,,
000034,神州数码,1682940602,96316788,,2026-07-30,SZSE,margin_detail,,
000035,中国天楹,592314182,19690503,,2026-07-30,SZSE,margin_detail,,
000036,华联控股,362451316,11796809,,2026-07-30,SZSE,margin_detail,,
000039,中集集团,254145692,20228657,,2026-07-30,SZSE,margin_detail,,
000042,中洲控股,146511489,6910405,,2026-07-30,SZSE,margin_detail,,
000048,京基智农,246809784,20347133,,2026-07-30,SZSE,margin_detail,,
000049,德赛电池,255658566,18266220,,2026-07-30,SZSE,margin_detail,,
000050,深天马Ａ,522377962,21853345,,2026-07-30,SZSE,margin_detail,,
000055,方大集团,101267491,2873555,,2026-07-30,SZSE,margin_detail,,
000058,深 赛 格,155008167,5415708,,2026-07-30,SZSE,margin_detail,,
000059,华锦股份,320064016,10786211,,2026-07-30,SZSE,margin_detail,,
000060,中金岭南,1752647775,59211861,,2026-07-30,SZSE,margin_detail,,
000061,农 产 品,388176955,10020718,,2026-07-30,SZSE,margin_detail,,
000062,深圳华强,686811395,24749810,,2026-07-30,SZSE,margin_detail,,
000063,中兴通讯,10111942554,449224522,,2026-07-30,SZSE,margin_detail,,
000065,北方国际,725003163,19755216,,2026-07-30,SZSE,margin_detail,,
000066,中国长城,1984805502,99311455,,2026-07-30,SZSE,margin_detail,,
000069,华侨城Ａ,545656341,15157948,,2026-07-30,SZSE,margin_detail,,
000070,特发信息,95492133,18818895,,2026-07-30,SZSE,margin_detail,,
000088,盐 田 港,242895451,8434235,,2026-07-30,SZSE,margin_detail,,
000089,深圳机场,652933967,3969196,,2026-07-30,SZSE,margin_detail,,
000090,天健集团,308551700,4508940,,2026-07-30,SZSE,margin_detail,,
000099,中信海直,533832437,9477810,,2026-07-30,SZSE,margin_detail,,
000100,TCL科技,4944944140,323900336,,2026-07-30,SZSE,margin_detail,,
000151,中成股份,227734391,7076593,,2026-07-30,SZSE,margin_detail,,
000155,川能动力,957353416,75174683,,2026-07-30,SZSE,margin_detail,,
000156,华数传媒,416147982,3360800,,2026-07-30,SZSE,margin_detail,,
000157,中联重科,2619638091,29803516,,2026-07-30,SZSE,margin_detail,,
000158,常山北明,798363338,20543040,,2026-07-30,SZSE,margin_detail,,
000159,国际实业,160728218,3528625,,2026-07-30,SZSE,margin_detail,,
000166,申万宏源,3370742868,55266595,,2026-07-30,SZSE,margin_detail,,
000301,东方盛虹,1515633618,19735462,,2026-07-30,SZSE,margin_detail,,
000333,美的集团,3890082552,196849194,,2026-07-30,SZSE,margin_detail,,
000338,潍柴动力,1689433369,102480921,,2026-07-30,SZSE,margin_detail,,
000400,许继电气,940920267,38902673,,2026-07-30,SZSE,margin_detail,,
000401,金隅冀东,297828433,3157815,,2026-07-30,SZSE,margin_detail,,
000402,金 融 街,351282164,12798945,,2026-07-30,SZSE,margin_detail,,
000403,派林生物,501157090,7007136,,2026-07-30,SZSE,margin_detail,,
000404,长虹华意,262543006,8556962,,2026-07-30,SZSE,margin_detail,,
000408,藏格矿业,1680027895,94329623,,2026-07-30,SZSE,margin_detail,,
000410,沈阳机床,379672206,4280521,,2026-07-30,SZSE,margin_detail,,
000415,渤海租赁,972628042,24708756,,2026-07-30,SZSE,margin_detail,,
000417,合百集团,434789788,23360613,,2026-07-30,SZSE,margin_detail,,
000420,吉林化纤,431059408,9580908,,2026-07-30,SZSE,margin_detail,,
000422,湖北宜化,899113653,45084634,,2026-07-30,SZSE,margin_detail,,
000423,东阿阿胶,588946784,15739235,,2026-07-30,SZSE,margin_detail,,
000425,徐工机械,799909790,77162403,,2026-07-30,SZSE,margin_detail,,
000426,兴业银锡,4326822038,146523836,,2026-07-30,SZSE,margin_detail,,
000428,华天酒店,168896668,7180490,,2026-07-30,SZSE,margin_detail,,
000429,粤高速Ａ,23035202,9054037,,2026-07-30,SZSE,margin_detail,,
000498,山东路桥,191854524,5026729,,2026-07-30,SZSE,margin_detail,,
000501,武商集团,417363742,10395227,,2026-07-30,SZSE,margin_detail,,
000503,国新健康,400683322,14138253,,2026-07-30,SZSE,margin_detail,,
000505,京粮控股,102373888,2339878,,2026-07-30,SZSE,margin_detail,,
000510,新金路,97985062,31318359,,2026-07-30,SZSE,margin_detail,,
000513,丽珠集团,588835368,14667958,,2026-07-30,SZSE,margin_detail,,
000516,国际医学,479850958,5032868,,2026-07-30,SZSE,margin_detail,,
000517,荣安地产,78817252,18149146,,2026-07-30,SZSE,margin_detail,,
000519,中兵红箭,878823871,46792154,,2026-07-30,SZSE,margin_detail,,
000521,长虹美菱,230190979,6075205,,2026-07-30,SZSE,margin_detail,,
000524,岭南控股,89795711,9466539,,2026-07-30,SZSE,margin_detail,,
000528,柳    工,842761805,28152024,,2026-07-30,SZSE,margin_detail,,
000530,冰山冷热,165890081,7020694,,2026-07-30,SZSE,margin_detail,,
000531,穗恒运Ａ,197837955,8139404,,2026-07-30,SZSE,margin_detail,,
000533,顺钠股份,182418626,123426324,,2026-07-30,SZSE,margin_detail,,
000534,万泽股份,162588576,28328403,,2026-07-30,SZSE,margin_detail,,
000536,华映科技,242771806,7712987,,2026-07-30,SZSE,margin_detail,,
000537,绿发电力,439380340,11528980,,2026-07-30,SZSE,margin_detail,,
000538,云南白药,970197130,26037780,,2026-07-30,SZSE,margin_detail,,
000539,粤电力Ａ,194550922,35506727,,2026-07-30,SZSE,margin_detail,,
000541,佛山照明,252272719,3013768,,2026-07-30,SZSE,margin_detail,,
000543,皖能电力,527418821,20661752,,2026-07-30,SZSE,margin_detail,,
000544,中原环保,269956905,6096909,,2026-07-30,SZSE,margin_detail,,
000545,金浦钛业,86848262,7849019,,2026-07-30,SZSE,margin_detail,,
000547,航天发展,927906755,42339438,,2026-07-30,SZSE,margin_detail,,
000550,江铃汽车,110534048,3879784,,2026-07-30,SZSE,margin_detail,,
000551,创元科技,435969419,35629361,,2026-07-30,SZSE,margin_detail,,
000552,甘肃能化,359669272,17053066,,2026-07-30,SZSE,margin_detail,,
000553,安道麦A,115871977,3340113,,2026-07-30,SZSE,margin_detail,,
000554,泰山石油,276477518,18186267,,2026-07-30,SZSE,margin_detail,,
000555,神州信息,451794324,31856416,,2026-07-30,SZSE,margin_detail,,
000557,西部创业,207995445,3819335,,2026-07-30,SZSE,margin_detail,,
000558,天府文旅,109985870,7588546,,2026-07-30,SZSE,margin_detail,,
000559,万向钱潮,793371428,31542573,,2026-07-30,SZSE,margin_detail,,
000560,我爱我家,236422193,9890516,,2026-07-30,SZSE,margin_detail,,
000563,陕国投Ａ,644160190,13209081,,2026-07-30,SZSE,margin_detail,,
000564,供销大集,427719043,42966348,,2026-07-30,SZSE,margin_detail,,
000565,渝三峡Ａ,115387158,4564527,,2026-07-30,SZSE,margin_detail,,
000566,海南海药,202088534,47427516,,2026-07-30,SZSE,margin_detail,,
000567,海德股份,104912736,17307833,,2026-07-30,SZSE,margin_detail,,
000568,泸州老窖,2351153640,96437833,,2026-07-30,SZSE,margin_detail,,
000572,海马汽车,217760614,16322390,,2026-07-30,SZSE,margin_detail,,
000581,威孚高科,519587800,14608359,,2026-07-30,SZSE,margin_detail,,
000582,北部湾港,624051942,42095846,,2026-07-30,SZSE,margin_detail,,
000589,贵州轮胎,363527532,10581542,,2026-07-30,SZSE,margin_detail,,
000591,太阳能,844597200,13001695,,2026-07-30,SZSE,margin_detail,,
000592,平潭发展,467810980,42286474,,2026-07-30,SZSE,margin_detail,,
000593,德龙汇能,553475556,19169728,,2026-07-30,SZSE,margin_detail,,
000596,古井贡酒,309886602,63118046,,2026-07-30,SZSE,margin_detail,,
000598,兴蓉环境,411820295,10319633,,2026-07-30,SZSE,margin_detail,,
000600,建投能源,317136676,46099172,,2026-07-30,SZSE,margin_detail,,
000601,韶能股份,306911341,32047004,,2026-07-30,SZSE,margin_detail,,
000603,盛达资源,611643937,79880485,,2026-07-30,SZSE,margin_detail,,
000607,华媒控股,192666138,3709493,,2026-07-30,SZSE,margin_detail,,
000612,焦作万方,890824455,66429529,,2026-07-30,SZSE,margin_detail,,
000617,中油资本,1744816664,57973230,,2026-07-30,SZSE,margin_detail,,
000620,盈新发展,63764302,14024500,,2026-07-30,SZSE,margin_detail,,
000623,吉林敖东,1427726704,31057438,,2026-07-30,SZSE,margin_detail,,
000625,长安汽车,2064063050,92788676,,2026-07-30,SZSE,margin_detail,,
000628,高新发展,729068682,27175667,,2026-07-30,SZSE,margin_detail,,
000629,钒钛股份,749935945,24615225,,2026-07-30,SZSE,margin_detail,,
000630,铜陵有色,2726854233,187061504,,2026-07-30,SZSE,margin_detail,,
000631,顺发恒能,149228715,4259472,,2026-07-30,SZSE,margin_detail,,
000636,风华高科,2975684942,1115277040,,2026-07-30,SZSE,margin_detail,,
000650,仁和药业,300054002,5936903,,2026-07-30,SZSE,margin_detail,,
000651,格力电器,5010427416,137753702,,2026-07-30,SZSE,margin_detail,,
000652,泰达股份,288823014,3224401,,2026-07-30,SZSE,margin_detail,,
000655,金岭矿业,175211588,2052696,,2026-07-30,SZSE,margin_detail,,
000657,中钨高新,2230534981,212303491,,2026-07-30,SZSE,margin_detail,,
000661,长春高新,1719085893,66149532,,2026-07-30,SZSE,margin_detail,,
000665,湖北广电,160903706,3108840,,2026-07-30,SZSE,margin_detail,,
000672,上峰材料,384426157,35227187,,2026-07-30,SZSE,margin_detail,,
000676,智度股份,467251436,96202640,,2026-07-30,SZSE,margin_detail,,
000678,襄阳轴承,78948737,3819116,,2026-07-30,SZSE,margin_detail,,
000680,山推股份,190158218,19314025,,2026-07-30,SZSE,margin_detail,,
000681,视觉中国,790619874,42442973,,2026-07-30,SZSE,margin_detail,,
000682,东方电子,617226749,21205440,,2026-07-30,SZSE,margin_detail,,
000683,博源化工,834759638,52589943,,2026-07-30,SZSE,margin_detail,,
000685,中山公用,548789045,18931318,,2026-07-30,SZSE,margin_detail,,
000686,东北证券,1329638257,19475756,,2026-07-30,SZSE,margin_detail,,
000688,国城矿业,444605767,27422065,,2026-07-30,SZSE,margin_detail,,
000690,宝新能源,791644765,88945405,,2026-07-30,SZSE,margin_detail,,
000700,模塑科技,577083484,31467019,,2026-07-30,SZSE,margin_detail,,
000703,恒逸石化,936378483,84762392,,2026-07-30,SZSE,margin_detail,,
000707,双环科技,136081717,3305017,,2026-07-30,SZSE,margin_detail,,
000708,中信特钢,153115348,4014326,,2026-07-30,SZSE,margin_detail,,
000709,河钢股份,779305376,18913617,,2026-07-30,SZSE,margin_detail,,
000712,锦龙股份,507792615,18378319,,2026-07-30,SZSE,margin_detail,,
000713,国投丰乐,143165664,1369505,,2026-07-30,SZSE,margin_detail,,
000716,黑芝麻,79754419,5702243,,2026-07-30,SZSE,margin_detail,,
000717,中南股份,155345402,5342397,,2026-07-30,SZSE,margin_detail,,
000718,苏宁环球,248042784,5717068,,2026-07-30,SZSE,margin_detail,,
000719,中原传媒,92369439,3812504,,2026-07-30,SZSE,margin_detail,,
000722,湖南发展,218013449,26839198,,2026-07-30,SZSE,margin_detail,,
000723,美锦能源,698695523,7638588,,2026-07-30,SZSE,margin_detail,,
000725,京东方Ａ,11834584491,1243019390,,2026-07-30,SZSE,margin_detail,,
000726,鲁  泰Ａ,191006616,3210658,,2026-07-30,SZSE,margin_detail,,
000728,国元证券,2038444176,20619894,,2026-07-30,SZSE,margin_detail,,
000729,燕京啤酒,184754986,17054520,,2026-07-30,SZSE,margin_detail,,
000731,四川美丰,338609385,1576908,,2026-07-30,SZSE,margin_detail,,
000733,振华科技,1487736660,51338459,,2026-07-30,SZSE,margin_detail,,
000735,罗 牛 山,538597499,12163591,,2026-07-30,SZSE,margin_detail,,
000737,北方铜业,628819061,43928606,,2026-07-30,SZSE,margin_detail,,
000738,航发控制,977290116,20393848,,2026-07-30,SZSE,margin_detail,,
000739,普洛药业,175280768,32899226,,2026-07-30,SZSE,margin_detail,,
000750,国海证券,1567030580,14549946,,2026-07-30,SZSE,margin_detail,,
000755,山西高速,70530883,1830711,,2026-07-30,SZSE,margin_detail,,
000756,新华制药,202597306,12702258,,2026-07-30,SZSE,margin_detail,,
000758,中色股份,592836881,11914973,,2026-07-30,SZSE,margin_detail,,
000761,本钢板材,137414523,3343747,,2026-07-30,SZSE,margin_detail,,
000762,西藏矿业,694515663,32833478,,2026-07-30,SZSE,margin_detail,,
000766,通化金马,1392749007,15014700,,2026-07-30,SZSE,margin_detail,,
000767,晋控电力,264620655,34148706,,2026-07-30,SZSE,margin_detail,,
000768,中航西飞,2189372631,53121334,,2026-07-30,SZSE,margin_detail,,
000776,广发证券,3958213074,203508697,,2026-07-30,SZSE,margin_detail,,
000777,中核科技,355818580,17955001,,2026-07-30,SZSE,margin_detail,,
000778,新兴铸管,787063055,26766547,,2026-07-30,SZSE,margin_detail,,
000783,长江证券,2102662662,81797066,,2026-07-30,SZSE,margin_detail,,
000785,居然智家,188106219,20189660,,2026-07-30,SZSE,margin_detail,,
000786,北新建材,420895440,27935564,,2026-07-30,SZSE,margin_detail,,
000789,万年青,123865687,5644522,,2026-07-30,SZSE,margin_detail,,
000790,华神科技,222255606,7228616,,2026-07-30,SZSE,margin_detail,,
000791,甘肃能源,442697031,23987671,,2026-07-30,SZSE,margin_detail,,
000792,盐湖股份,5521892271,179951990,,2026-07-30,SZSE,margin_detail,,
000795,英洛华,265989297,6657779,,2026-07-30,SZSE,margin_detail,,
000799,酒鬼酒,478794172,19898956,,2026-07-30,SZSE,margin_detail,,
000800,一汽解放,641739924,9457736,,2026-07-30,SZSE,margin_detail,,
000801,四川九洲,535017476,9222694,,2026-07-30,SZSE,margin_detail,,
000807,云铝股份,2343838276,200403517,,2026-07-30,SZSE,margin_detail,,
000810,创维数字,416380442,14329743,,2026-07-30,SZSE,margin_detail,,
000811,冰轮环境,677736342,162260814,,2026-07-30,SZSE,margin_detail,,
000812,陕西金叶,147754908,4973587,,2026-07-30,SZSE,margin_detail,,
000813,德展健康,310310431,5231248,,2026-07-30,SZSE,margin_detail,,
000815,美利云,394753267,85915516,,2026-07-30,SZSE,margin_detail,,
000816,智慧农业,146842766,4824354,,2026-07-30,SZSE,margin_detail,,
000818,航锦科技,411757317,12477887,,2026-07-30,SZSE,margin_detail,,
000819,岳阳兴长,359815704,4867901,,2026-07-30,SZSE,margin_detail,,
000822,山东海化,215643274,6603904,,2026-07-30,SZSE,margin_detail,,
000823,超声电子,756755773,64917139,,2026-07-30,SZSE,margin_detail,,
000825,太钢不锈,447098185,10237635,,2026-07-30,SZSE,margin_detail,,
000828,东莞控股,220099508,7034099,,2026-07-30,SZSE,margin_detail,,
000829,天音控股,452072451,14033702,,2026-07-30,SZSE,margin_detail,,
000830,鲁西化工,467240030,28118747,,2026-07-30,SZSE,margin_detail,,
000831,中国稀土,3009802075,130784552,,2026-07-30,SZSE,margin_detail,,
000833,粤桂股份,501475715,38328819,,2026-07-30,SZSE,margin_detail,,
000837,秦川机床,413361592,18272643,,2026-07-30,SZSE,margin_detail,,
000848,承德露露,173937732,22202978,,2026-07-30,SZSE,margin_detail,,
000850,华茂股份,235867171,2362418,,2026-07-30,SZSE,margin_detail,,
000852,石化机械,185162353,6359615,,2026-07-30,SZSE,margin_detail,,
000858,五 粮 液,5712336937,243564019,,2026-07-30,SZSE,margin_detail,consumption,消费
000859,国风新材,415248300,23190169,,2026-07-30,SZSE,margin_detail,,
000860,顺鑫农业,301937836,7207083,,2026-07-30,SZSE,margin_detail,,
000863,三湘印象,252401556,3569630,,2026-07-30,SZSE,margin_detail,,
000868,安凯客车,188955164,2696674,,2026-07-30,SZSE,margin_detail,,
000869,张  裕Ａ,181533668,1732673,,2026-07-30,SZSE,margin_detail,,
000875,电投绿能,1436500230,32717122,,2026-07-30,SZSE,margin_detail,,
000876,新 希 望,620899058,6171857,,2026-07-30,SZSE,margin_detail,,
000877,天山股份,250873547,6505338,,2026-07-30,SZSE,margin_detail,,
000878,云南铜业,1906710396,33302176,,2026-07-30,SZSE,margin_detail,,
000880,潍柴重机,240304342,5745464,,2026-07-30,SZSE,margin_detail,,
000883,湖北能源,354803066,12768518,,2026-07-30,SZSE,margin_detail,,
000885,城发环境,151665078,6028072,,2026-07-30,SZSE,margin_detail,,
000887,中鼎股份,1426112850,45139665,,2026-07-30,SZSE,margin_detail,,
000888,峨眉山Ａ,168570330,5908071,,2026-07-30,SZSE,margin_detail,,
000893,亚钾国际,655227848,45356904,,2026-07-30,SZSE,margin_detail,,
000895,双汇发展,229579417,15922658,,2026-07-30,SZSE,margin_detail,,
000898,鞍钢股份,275514046,5499791,,2026-07-30,SZSE,margin_detail,,
000899,赣能股份,214203613,19915806,,2026-07-30,SZSE,margin_detail,,
000900,现代投资,260554240,5643827,,2026-07-30,SZSE,margin_detail,,
000901,航天科技,635335324,19488845,,2026-07-30,SZSE,margin_detail,,
000902,新洋丰,221868259,12116666,,2026-07-30,SZSE,margin_detail,,
000905,厦门港务,263328975,8804773,,2026-07-30,SZSE,margin_detail,,
000910,大亚圣象,202388587,3651780,,2026-07-30,SZSE,margin_detail,,
000912,泸天化,148505942,4109314,,2026-07-30,SZSE,margin_detail,,
000913,钱江摩托,166786400,3295547,,2026-07-30,SZSE,margin_detail,,
000915,华特达因,258027605,7136415,,2026-07-30,SZSE,margin_detail,,
000917,电广传媒,1109002311,17099745,,2026-07-30,SZSE,margin_detail,,
000921,海信家电,418454721,19974951,,2026-07-30,SZSE,margin_detail,,
000922,佳电股份,402771852,12256692,,2026-07-30,SZSE,margin_detail,,
000923,河钢资源,573335490,19035178,,2026-07-30,SZSE,margin_detail,,
000926,福星股份,377136030,4436276,,2026-07-30,SZSE,margin_detail,,
000927,中国铁物,335704187,22276567,,2026-07-30,SZSE,margin_detail,,
000928,中钢国际,328802053,7898007,,2026-07-30,SZSE,margin_detail,,
000930,中粮科技,283063707,8633184,,2026-07-30,SZSE,margin_detail,,
000931,中 关 村,151144613,2755729,,2026-07-30,SZSE,margin_detail,,
000932,华菱钢铁,1024490187,43800296,,2026-07-30,SZSE,margin_detail,,
000933,神火股份,2217566194,138695042,,2026-07-30,SZSE,margin_detail,,
000935,四川双马,1235698613,7101403,,2026-07-30,SZSE,margin_detail,,
000936,华西股份,338120160,4703558,,2026-07-30,SZSE,margin_detail,,
000937,冀中能源,152412020,7320296,,2026-07-30,SZSE,margin_detail,,
000938,紫光股份,4737628281,1273463021,,2026-07-30,SZSE,margin_detail,,
000948,南天信息,287668540,48887650,,2026-07-30,SZSE,margin_detail,,
000950,重药控股,410291091,6227644,,2026-07-30,SZSE,margin_detail,,
000951,中国重汽,251342769,23790594,,2026-07-30,SZSE,margin_detail,,
000957,中通客车,208762815,11103052,,2026-07-30,SZSE,margin_detail,,
000958,电投产融,489685501,4852309,,2026-07-30,SZSE,margin_detail,,
000959,首钢股份,430322921,55389811,,2026-07-30,SZSE,margin_detail,,
000960,锡业股份,2410195137,107802931,,2026-07-30,SZSE,margin_detail,,
000962,东方钽业,148881482,69541952,,2026-07-30,SZSE,margin_detail,,
000963,华东医药,1075465791,55019963,,2026-07-30,SZSE,margin_detail,,
000965,天保基建,178770454,3060628,,2026-07-30,SZSE,margin_detail,,
000966,长源电力,335202505,14600903,,2026-07-30,SZSE,margin_detail,,
000967,盈峰环境,1652960269,55599200,,2026-07-30,SZSE,margin_detail,,
000968,蓝焰控股,262474471,28427329,,2026-07-30,SZSE,margin_detail,,
000969,安泰科技,943001454,31832618,,2026-07-30,SZSE,margin_detail,,
000970,中科三环,1222397350,78938385,,2026-07-30,SZSE,margin_detail,,
000973,佛塑科技,558626484,31030946,,2026-07-30,SZSE,margin_detail,,
000975,山金国际,905106300,67302880,,2026-07-30,SZSE,margin_detail,,
000977,浪潮信息,4304432835,649551670,,2026-07-30,SZSE,margin_detail,,
000980,众泰汽车,307393647,7472268,,2026-07-30,SZSE,margin_detail,,
000981,山子高科,615497194,35798503,,2026-07-30,SZSE,margin_detail,,
000983,山西焦煤,683349069,24361817,,2026-07-30,SZSE,margin_detail,,
000987,越秀资本,1025496385,33932355,,2026-07-30,SZSE,margin_detail,,
000988,华工科技,8290827081,580629178,,2026-07-30,SZSE,margin_detail,,
000990,诚志股份,536495982,27879354,,2026-07-30,SZSE,margin_detail,,
000993,闽东电力,279413637,6429731,,2026-07-30,SZSE,margin_detail,,
000997,新 大 陆,1047646434,27835204,,2026-07-30,SZSE,margin_detail,,
000998,隆平高科,362660796,5088567,,2026-07-30,SZSE,margin_detail,,
000999,华润三九,937410358,18386999,,2026-07-30,SZSE,margin_detail,,
001203,大中矿业,455605340,17031918,,2026-07-30,SZSE,margin_detail,,
001220,世盟股份,36262615,1975168,,2026-07-30,SZSE,margin_detail,,
001221,悍高集团,67181367,6559355,,2026-07-30,SZSE,margin_detail,,
001233,海安集团,89860967,2702029,,2026-07-30,SZSE,margin_detail,,
001237,惠康科技,136942207,7896391,,2026-07-30,SZSE,margin_detail,,
001239,永达股份,67563602,4167713,,2026-07-30,SZSE,margin_detail,,
001248,华润新能源,843136096,246450803,,2026-07-30,SZSE,margin_detail,,
001257,盛龙股份,236894941,27594403,,2026-07-30,SZSE,margin_detail,,
001267,汇绿生态,73183602,36037760,,2026-07-30,SZSE,margin_detail,,
001270,铖昌科技,272122340,36632171,,2026-07-30,SZSE,margin_detail,,
001277,速达股份,46149054,978177,,2026-07-30,SZSE,margin_detail,,
001279,强邦新材,76478911,1290043,,2026-07-30,SZSE,margin_detail,,
001280,中国铀业,645761974,28629774,,2026-07-30,SZSE,margin_detail,,
001282,三联锻造,66715657,1884403,,2026-07-30,SZSE,margin_detail,,
001285,瑞立科密,142613585,4541910,,2026-07-30,SZSE,margin_detail,,
001286,陕西能源,440890812,25473060,,2026-07-30,SZSE,margin_detail,,
001287,中电港,771842508,50703798,,2026-07-30,SZSE,margin_detail,,
001289,龙源电力,93189784,4840892,,2026-07-30,SZSE,margin_detail,,
001301,尚太科技,32166201,14902643,,2026-07-30,SZSE,margin_detail,,
001306,夏厦精密,65797661,3081098,,2026-07-30,SZSE,margin_detail,,
001309,德明利,5721026639,924480168,,2026-07-30,SZSE,margin_detail,,
001312,福恩股份,71176649,2656407,,2026-07-30,SZSE,margin_detail,,
001324,长青科技,183761124,5016191,,2026-07-30,SZSE,margin_detail,,
001325,元创股份,53794359,1611996,,2026-07-30,SZSE,margin_detail,,
001326,联域股份,64729863,4741031,,2026-07-30,SZSE,margin_detail,,
001328,登康口腔,37354320,10422482,,2026-07-30,SZSE,margin_detail,,
001335,信凯科技,145895354,2850741,,2026-07-30,SZSE,margin_detail,,
001337,四川黄金,561589585,37586529,,2026-07-30,SZSE,margin_detail,,
001339,智微智能,86264064,33930608,,2026-07-30,SZSE,margin_detail,,
001356,富岭股份,73719966,2610565,,2026-07-30,SZSE,margin_detail,,
001358,兴欣新材,60815569,37895773,,2026-07-30,SZSE,margin_detail,,
001359,平安电工,331863816,36066681,,2026-07-30,SZSE,margin_detail,,
001360,南矿集团,175099889,3772286,,2026-07-30,SZSE,margin_detail,,
001365,天海电子,110150554,20234252,,2026-07-30,SZSE,margin_detail,,
001367,海森药业,75851880,1483980,,2026-07-30,SZSE,margin_detail,,
001369,双欣材料,135956164,9201602,,2026-07-30,SZSE,margin_detail,,
001373,翔腾新材,40711517,4463528,,2026-07-30,SZSE,margin_detail,,
001378,德冠新材,79578347,3226040,,2026-07-30,SZSE,margin_detail,,
001379,腾达科技,59308405,1460355,,2026-07-30,SZSE,margin_detail,,
001380,华纬科技,121639288,2711903,,2026-07-30,SZSE,margin_detail,,
001382,新亚电缆,49995635,10511052,,2026-07-30,SZSE,margin_detail,,
001386,马可波罗,111027137,8447536,,2026-07-30,SZSE,margin_detail,,
001387,雪祺电气,80756977,2458916,,2026-07-30,SZSE,margin_detail,,
001388,信通电子,48375951,10548726,,2026-07-30,SZSE,margin_detail,,
001389,广合科技,1260409226,88739878,,2026-07-30,SZSE,margin_detail,,
001390,古麒绒材,67217044,656538,,2026-07-30,SZSE,margin_detail,,
001391,国货航,259898280,7778160,,2026-07-30,SZSE,margin_detail,,
001393,维通利,138198984,7324103,,2026-07-30,SZSE,margin_detail,,
001395,亚联机械,56994666,7706611,,2026-07-30,SZSE,margin_detail,,
001396,誉帆科技,49322889,1351119,,2026-07-30,SZSE,margin_detail,,
001399,惠科股份,823285688,73797338,,2026-07-30,SZSE,margin_detail,,
001400,江顺科技,114291457,6630987,,2026-07-30,SZSE,margin_detail,,
001696,宗申动力,664257137,21737474,,2026-07-30,SZSE,margin_detail,,
001872,招商港口,92643957,6143996,,2026-07-30,SZSE,margin_detail,,
001896,豫能控股,435731454,55855115,,2026-07-30,SZSE,margin_detail,,
001914,招商积余,153063550,4309844,,2026-07-30,SZSE,margin_detail,,
001965,招商公路,132135927,7617077,,2026-07-30,SZSE,margin_detail,,
001979,招商蛇口,709355047,62266462,,2026-07-30,SZSE,margin_detail,,
002001,新 和 成,857718434,49280881,,2026-07-30,SZSE,margin_detail,,
002003,伟星股份,57116084,8999072,,2026-07-30,SZSE,margin_detail,,
002004,华邦健康,336834500,8057704,,2026-07-30,SZSE,margin_detail,,
002006,精工科技,537162000,9240078,,2026-07-30,SZSE,margin_detail,,
002007,华兰生物,1168678255,9088826,,2026-07-30,SZSE,margin_detail,,
002008,大族激光,3982083288,210080075,,2026-07-30,SZSE,margin_detail,,
002009,天奇股份,363191660,16411188,,2026-07-30,SZSE,margin_detail,,
002010,传化智联,521375642,8718822,,2026-07-30,SZSE,margin_detail,,
002011,盾安环境,560862341,12791083,,2026-07-30,SZSE,margin_detail,,
002015,协鑫能科,874533562,70940590,,2026-07-30,SZSE,margin_detail,,
002016,世荣兆业,136511722,3428369,,2026-07-30,SZSE,margin_detail,,
002017,东信和平,326622657,10455565,,2026-07-30,SZSE,margin_detail,,
002019,亿帆医药,516505615,6110732,,2026-07-30,SZSE,margin_detail,,
002020,京新药业,533998802,20050367,,2026-07-30,SZSE,margin_detail,,
002023,海特高新,583186595,9208717,,2026-07-30,SZSE,margin_detail,,
002025,航天电器,606545947,58866697,,2026-07-30,SZSE,margin_detail,,
002026,山东威达,240148105,3780745,,2026-07-30,SZSE,margin_detail,,
002027,分众传媒,1859637160,56531285,,2026-07-30,SZSE,margin_detail,,
002028,思源电气,1021179525,57031079,,2026-07-30,SZSE,margin_detail,,
002029,七 匹 狼,337834953,17346396,,2026-07-30,SZSE,margin_detail,,
002030,达安基因,278340384,11256734,,2026-07-30,SZSE,margin_detail,,
002031,巨轮智能,391978900,14833056,,2026-07-30,SZSE,margin_detail,,
002032,苏 泊 尔,65027057,7450036,,2026-07-30,SZSE,margin_detail,,
002033,丽江股份,174078970,17898586,,2026-07-30,SZSE,margin_detail,,
002034,旺能环境,408556746,15184759,,2026-07-30,SZSE,margin_detail,,
002035,华帝股份,179980232,2161704,,2026-07-30,SZSE,margin_detail,,
002036,联创电子,685999651,0,,2026-07-30,SZSE,margin_detail,,
002037,保利联合,116092123,3505172,,2026-07-30,SZSE,margin_detail,,
002038,双鹭药业,320412721,12750895,,2026-07-30,SZSE,margin_detail,,
002039,黔源电力,279691319,29159443,,2026-07-30,SZSE,margin_detail,,
002041,登海种业,167869709,5683031,,2026-07-30,SZSE,margin_detail,,
002042,华孚时尚,379915515,10486767,,2026-07-30,SZSE,margin_detail,,
002043,兔 宝 宝,28280104,10285236,,2026-07-30,SZSE,margin_detail,,
002044,美年健康,749569498,19058615,,2026-07-30,SZSE,margin_detail,,
002045,国光电器,247529595,7799388,,2026-07-30,SZSE,margin_detail,,
002046,国机精工,1219630516,36722968,,2026-07-30,SZSE,margin_detail,,
002048,宁波华翔,1113861107,20922955,,2026-07-30,SZSE,margin_detail,,
002049,紫光国微,4399026493,178958201,,2026-07-30,SZSE,margin_detail,,
002050,三花智控,5712673028,152720896,,2026-07-30,SZSE,margin_detail,,
002051,中工国际,388742811,33163788,,2026-07-30,SZSE,margin_detail,,
002053,云南能投,389106412,7135568,,2026-07-30,SZSE,margin_detail,,
002054,德美化工,126524948,9219734,,2026-07-30,SZSE,margin_detail,,
002056,横店东磁,688596580,37886789,,2026-07-30,SZSE,margin_detail,,
002057,中钢天源,433220788,18286615,,2026-07-30,SZSE,margin_detail,,
002060,广东建工,175240927,4517480,,2026-07-30,SZSE,margin_detail,,
002061,浙江交科,212082441,6243343,,2026-07-30,SZSE,margin_detail,,
002062,宏润建设,569856832,5155057,,2026-07-30,SZSE,margin_detail,,
002063,远光软件,629716743,13766872,,2026-07-30,SZSE,margin_detail,,
002064,华峰化学,248683165,20977645,,2026-07-30,SZSE,margin_detail,,
002065,东华软件,1054797159,18664600,,2026-07-30,SZSE,margin_detail,,
002067,景兴纸业,390872850,17379635,,2026-07-30,SZSE,margin_detail,,
002068,黑猫股份,205970424,16694839,,2026-07-30,SZSE,margin_detail,,
002073,软控股份,442534614,10399425,,2026-07-30,SZSE,margin_detail,,
002074,国轩高科,2439445170,97003918,,2026-07-30,SZSE,margin_detail,,
002075,沙钢股份,948343484,11672250,,2026-07-30,SZSE,margin_detail,,
002077,大港股份,236649227,29808880,,2026-07-30,SZSE,margin_detail,,
002078,太阳纸业,189349731,15998905,,2026-07-30,SZSE,margin_detail,,
002079,苏州固锝,539527626,38873746,,2026-07-30,SZSE,margin_detail,,
002080,中材科技,1205256770,231679420,,2026-07-30,SZSE,margin_detail,,
002081,金 螳 螂,363706063,31979065,,2026-07-30,SZSE,margin_detail,,
002085,万丰奥威,1041981057,19802616,,2026-07-30,SZSE,margin_detail,,
002088,鲁阳节能,110310787,2259028,,2026-07-30,SZSE,margin_detail,,
002091,江苏国泰,364822477,10115581,,2026-07-30,SZSE,margin_detail,,
002093,国脉科技,240401119,4386485,,2026-07-30,SZSE,margin_detail,,
002094,青岛金王,104285653,6984134,,2026-07-30,SZSE,margin_detail,,
002095,生 意 宝,193659684,2474388,,2026-07-30,SZSE,margin_detail,,
002097,山河智能,186431961,7955199,,2026-07-30,SZSE,margin_detail,,
002099,海翔药业,871842367,13849747,,2026-07-30,SZSE,margin_detail,,
002100,天康生物,237610170,5345110,,2026-07-30,SZSE,margin_detail,,
002101,广东鸿图,230524610,2029845,,2026-07-30,SZSE,margin_detail,,
002104,恒宝股份,379961041,24973431,,2026-07-30,SZSE,margin_detail,,
002106,莱宝高科,628567810,24068211,,2026-07-30,SZSE,margin_detail,,
002108,沧州明珠,466498693,7921333,,2026-07-30,SZSE,margin_detail,,
002110,三钢闽光,322773460,12424738,,2026-07-30,SZSE,margin_detail,,
002112,三变科技,324904793,27451113,,2026-07-30,SZSE,margin_detail,,
002115,三维通信,465592076,26312171,,2026-07-30,SZSE,margin_detail,,
002117,东港股份,333815494,4875230,,2026-07-30,SZSE,margin_detail,,
002119,康强电子,335340118,69191626,,2026-07-30,SZSE,margin_detail,,
002120,韵达股份,521265208,17741331,,2026-07-30,SZSE,margin_detail,,
002121,科陆电子,455341503,12832420,,2026-07-30,SZSE,margin_detail,,
002123,梦网科技,323419792,10747238,,2026-07-30,SZSE,margin_detail,,
002125,湘潭电化,469479289,22884339,,2026-07-30,SZSE,margin_detail,,
002126,银轮股份,488503126,26704591,,2026-07-30,SZSE,margin_detail,,
002127,南极电商,431855610,8102730,,2026-07-30,SZSE,margin_detail,,
002128,电投能源,1586657890,31714510,,2026-07-30,SZSE,margin_detail,,
002129,TCL中环,2383892731,68272110,,2026-07-30,SZSE,margin_detail,,
002130,沃尔核材,1338068398,55833740,,2026-07-30,SZSE,margin_detail,,
002131,利欧股份,944603808,46356923,,2026-07-30,SZSE,margin_detail,,
002132,恒星科技,359786856,11604569,,2026-07-30,SZSE,margin_detail,,
002135,东南网架,270241956,8787490,,2026-07-30,SZSE,margin_detail,,
002138,顺络电子,1352847474,114524402,,2026-07-30,SZSE,margin_detail,,
002139,拓邦股份,696570533,17867020,,2026-07-30,SZSE,margin_detail,,
002140,东华科技,163511549,3741413,,2026-07-30,SZSE,margin_detail,,
002142,宁波银行,2032242583,66769412,,2026-07-30,SZSE,margin_detail,,
002145,钛能化学,807894249,22255706,,2026-07-30,SZSE,margin_detail,,
002146,荣盛发展,181072794,6140662,,2026-07-30,SZSE,margin_detail,,
002148,北纬科技,152335880,15059683,,2026-07-30,SZSE,margin_detail,,
002149,西部材料,785055665,31867057,,2026-07-30,SZSE,margin_detail,,
002150,正泰电源,286091162,15558063,,2026-07-30,SZSE,margin_detail,,
002151,北斗星通,768478476,26362487,,2026-07-30,SZSE,margin_detail,,
002152,广电运通,1093446138,30007337,,2026-07-30,SZSE,margin_detail,,
002153,石基信息,254812113,14480373,,2026-07-30,SZSE,margin_detail,,
002154,报 喜 鸟,165361862,11063056,,2026-07-30,SZSE,margin_detail,,
002155,湖南黄金,2100024383,73738120,,2026-07-30,SZSE,margin_detail,,
002156,通富微电,4402227422,916998038,,2026-07-30,SZSE,margin_detail,,
002157,正邦科技,611608836,20290209,,2026-07-30,SZSE,margin_detail,,
002158,汉钟精机,521063937,49407569,,2026-07-30,SZSE,margin_detail,,
002160,常铝股份,171983841,6488758,,2026-07-30,SZSE,margin_detail,,
002161,远 望 谷,492633090,15184674,,2026-07-30,SZSE,margin_detail,,
002163,海南发展,202843191,14767352,,2026-07-30,SZSE,margin_detail,,
002164,宁波东力,301397469,12829837,,2026-07-30,SZSE,margin_detail,,
002165,红 宝 丽,199460792,28385350,,2026-07-30,SZSE,margin_detail,,
002166,莱茵生物,508274441,8297154,,2026-07-30,SZSE,margin_detail,,
002167,东方锆业,610043877,91187706,,2026-07-30,SZSE,margin_detail,,
002169,智光电气,720244882,29397199,,2026-07-30,SZSE,margin_detail,,
002171,楚江新材,988661271,37880329,,2026-07-30,SZSE,margin_detail,,
002173,创新医疗,408502371,121059376,,2026-07-30,SZSE,margin_detail,,
002174,游族网络,926052871,33035545,,2026-07-30,SZSE,margin_detail,,
002176,江特电机,1164499103,28246645,,2026-07-30,SZSE,margin_detail,,
002177,御银股份,206351741,10762471,,2026-07-30,SZSE,margin_detail,,
002179,中航光电,2051800326,76885138,,2026-07-30,SZSE,margin_detail,,
002180,奔图科技,653562443,18246390,,2026-07-30,SZSE,margin_detail,,
002181,粤 传 媒,167161058,22371618,,2026-07-30,SZSE,margin_detail,,
002182,宝武镁业,788727315,46299843,,2026-07-30,SZSE,margin_detail,,
002183,怡 亚 通,754385014,20987534,,2026-07-30,SZSE,margin_detail,,
002185,华天科技,2446698894,431124523,,2026-07-30,SZSE,margin_detail,,
002189,中光学,411866719,6058414,,2026-07-30,SZSE,margin_detail,,
002190,成飞集成,192492060,5530997,,2026-07-30,SZSE,margin_detail,,
002191,劲嘉股份,259173296,3871067,,2026-07-30,SZSE,margin_detail,,
002192,融捷股份,1283722919,115963449,,2026-07-30,SZSE,margin_detail,,
002194,武汉凡谷,298758775,12398254,,2026-07-30,SZSE,margin_detail,,
002195,岩山科技,1740067124,158157294,,2026-07-30,SZSE,margin_detail,,
002201,九鼎新材,189978782,7044746,,2026-07-30,SZSE,margin_detail,,
002202,金风科技,3105695103,111378497,,2026-07-30,SZSE,margin_detail,,
002203,海亮股份,1004842431,52439250,,2026-07-30,SZSE,margin_detail,,
002204,大连重工,297526177,8328776,,2026-07-30,SZSE,margin_detail,,
002206,海 利 得,224399303,3708360,,2026-07-30,SZSE,margin_detail,,
002208,合肥城建,101570142,34473056,,2026-07-30,SZSE,margin_detail,,
002210,飞马国际,243297224,9097628,,2026-07-30,SZSE,margin_detail,,
002212,天融信,613131608,106186952,,2026-07-30,SZSE,margin_detail,,
002213,大为股份,46254123,12118315,,2026-07-30,SZSE,margin_detail,,
002215,诺 普 信,511158224,15210482,,2026-07-30,SZSE,margin_detail,,
002216,三全食品,144438369,11123832,,2026-07-30,SZSE,margin_detail,,
002218,拓日新能,125109198,36452339,,2026-07-30,SZSE,margin_detail,,
002219,新里程,351333377,14381614,,2026-07-30,SZSE,margin_detail,,
002221,东华能源,651144333,9467307,,2026-07-30,SZSE,margin_detail,,
002222,福晶科技,1841033161,175275147,,2026-07-30,SZSE,margin_detail,,
002223,鱼跃医疗,601354051,22308654,,2026-07-30,SZSE,margin_detail,,
002229,鸿博股份,387853707,18504137,,2026-07-30,SZSE,margin_detail,,
002230,科大讯飞,5478942635,118705426,,2026-07-30,SZSE,margin_detail,,
002232,启明信息,141190641,3614539,,2026-07-30,SZSE,margin_detail,,
002233,塔牌集团,115744531,6651722,,2026-07-30,SZSE,margin_detail,,
002234,民和股份,118678224,2932818,,2026-07-30,SZSE,margin_detail,,
002235,安妮股份,364820887,14558498,,2026-07-30,SZSE,margin_detail,,
002236,大华股份,1483812812,75591789,,2026-07-30,SZSE,margin_detail,,
002237,恒邦股份,1453914806,43093252,,2026-07-30,SZSE,margin_detail,,
002238,天威视讯,70559222,3025727,,2026-07-30,SZSE,margin_detail,,
002239,奥特佳,425272258,17590603,,2026-07-30,SZSE,margin_detail,,
002240,盛新锂能,1386035572,128524205,,2026-07-30,SZSE,margin_detail,,
002241,歌尔股份,4055441642,294770225,,2026-07-30,SZSE,margin_detail,,
002242,九阳股份,133350728,13450918,,2026-07-30,SZSE,margin_detail,,
002243,力合科创,676669255,9385805,,2026-07-30,SZSE,margin_detail,,
002244,滨江集团,294534660,25076004,,2026-07-30,SZSE,margin_detail,,
002245,蔚蓝锂芯,663820439,71332432,,2026-07-30,SZSE,margin_detail,,
002246,北化股份,508772843,52073567,,2026-07-30,SZSE,margin_detail,,
002249,大洋电机,836605364,26881185,,2026-07-30,SZSE,margin_detail,,
002250,联化科技,778998462,26058188,,2026-07-30,SZSE,margin_detail,,
002251,步步高,315937065,25613603,,2026-07-30,SZSE,margin_detail,,
002252,上海莱士,1144981897,21566137,,2026-07-30,SZSE,margin_detail,,
002254,泰和新材,488751477,25544328,,2026-07-30,SZSE,margin_detail,,
002255,海陆重工,332021744,14693288,,2026-07-30,SZSE,margin_detail,,
002256,兆新股份,363592756,18124902,,2026-07-30,SZSE,margin_detail,,
002258,利尔化学,387896532,33168422,,2026-07-30,SZSE,margin_detail,,
002261,拓维信息,1576703453,62153322,,2026-07-30,SZSE,margin_detail,,
002262,恩华药业,676765248,23515458,,2026-07-30,SZSE,margin_detail,,
002263,大东南,246865879,9199817,,2026-07-30,SZSE,margin_detail,,
002265,建设工业,309729096,20139601,,2026-07-30,SZSE,margin_detail,,
002266,浙富控股,841298067,38631537,,2026-07-30,SZSE,margin_detail,,
002267,陕天然气,211402492,1298397,,2026-07-30,SZSE,margin_detail,,
002268,电科网安,785007508,16778645,,2026-07-30,SZSE,margin_detail,,
002269,美邦服饰,94659240,7057720,,2026-07-30,SZSE,margin_detail,,
002270,华明装备,327794926,39463383,,2026-07-30,SZSE,margin_detail,,
002271,东方雨虹,788901475,39603808,,2026-07-30,SZSE,margin_detail,,
002272,川润股份,546336736,31704822,,2026-07-30,SZSE,margin_detail,,
002273,水晶光电,2868628501,80411490,,2026-07-30,SZSE,margin_detail,,
002274,华昌化工,221250948,7324038,,2026-07-30,SZSE,margin_detail,,
002275,桂林三金,103545198,3182104,,2026-07-30,SZSE,margin_detail,,
002276,万马股份,690810279,21900576,,2026-07-30,SZSE,margin_detail,,
002277,友阿股份,690531636,18182385,,2026-07-30,SZSE,margin_detail,,
002281,光迅科技,3839587501,339683399,,2026-07-30,SZSE,margin_detail,,
002283,天润工业,435730362,12256210,,2026-07-30,SZSE,margin_detail,,
002284,亚太股份,266596164,40651652,,2026-07-30,SZSE,margin_detail,,
002285,世联行,169097119,5370394,,2026-07-30,SZSE,margin_detail,,
002287,奇正藏药,131660285,4928156,,2026-07-30,SZSE,margin_detail,,
002290,禾盛新材,92884998,22115380,,2026-07-30,SZSE,margin_detail,,
002291,遥望科技,299915696,9939866,,2026-07-30,SZSE,margin_detail,,
002292,奥飞娱乐,456438065,53872372,,2026-07-30,SZSE,margin_detail,,
002293,罗莱生活,136505744,10416616,,2026-07-30,SZSE,margin_detail,,
002294,信立泰,1025702875,61110842,,2026-07-30,SZSE,margin_detail,,
002297,博云新材,422224978,52712286,,2026-07-30,SZSE,margin_detail,,
002298,中电鑫龙,252382406,62622242,,2026-07-30,SZSE,margin_detail,,
002299,圣农发展,311334823,11661186,,2026-07-30,SZSE,margin_detail,,
002300,太阳电缆,153071559,39991799,,2026-07-30,SZSE,margin_detail,,
002301,齐心集团,298845771,12135562,,2026-07-30,SZSE,margin_detail,,
002302,西部建设,140803021,2572606,,2026-07-30,SZSE,margin_detail,,
002303,美盈森,248540599,23814400,,2026-07-30,SZSE,margin_detail,,
002304,洋河股份,1282372058,37825430,,2026-07-30,SZSE,margin_detail,,
002307,北新路桥,223937503,7592891,,2026-07-30,SZSE,margin_detail,,
002309,中利集团,77178898,54637318,,2026-07-30,SZSE,margin_detail,,
002311,海大集团,156808772,18550656,,2026-07-30,SZSE,margin_detail,,
002312,川发龙蟒,696032110,12145053,,2026-07-30,SZSE,margin_detail,,
002317,众生药业,513023095,35874812,,2026-07-30,SZSE,margin_detail,,
002318,久立特材,284528825,11185511,,2026-07-30,SZSE,margin_detail,,
002320,海峡股份,206192523,9971365,,2026-07-30,SZSE,margin_detail,,
002324,普利特,462642633,23097381,,2026-07-30,SZSE,margin_detail,,
002326,永太科技,1105310104,59158399,,2026-07-30,SZSE,margin_detail,,
002328,新朋股份,285125671,19994396,,2026-07-30,SZSE,margin_detail,,
002329,皇氏集团,116729651,13978464,,2026-07-30,SZSE,margin_detail,,
002332,仙琚制药,371343002,4611469,,2026-07-30,SZSE,margin_detail,,
002334,英威腾,377430980,5409435,,2026-07-30,SZSE,margin_detail,,
002335,科华数据,1169506310,72980484,,2026-07-30,SZSE,margin_detail,,
002338,奥普光电,502352077,52237153,,2026-07-30,SZSE,margin_detail,,
002339,积成电子,203408531,14042272,,2026-07-30,SZSE,margin_detail,,
002340,格林美,2181274900,58624498,,2026-07-30,SZSE,margin_detail,,
002342,巨力索具,241629098,14898236,,2026-07-30,SZSE,margin_detail,,
002344,海宁皮城,318187608,14125899,,2026-07-30,SZSE,margin_detail,,
002346,柘中股份,269776893,3954586,,2026-07-30,SZSE,margin_detail,,
002349,精华制药,183862592,4024408,,2026-07-30,SZSE,margin_detail,,
002350,北京科锐,509225443,15219658,,2026-07-30,SZSE,margin_detail,,
002351,漫步者,211031616,6943341,,2026-07-30,SZSE,margin_detail,,
002352,顺丰控股,4764401085,38092551,,2026-07-30,SZSE,margin_detail,,
002353,杰瑞股份,953458998,304361923,,2026-07-30,SZSE,margin_detail,,
002354,天娱数科,500221270,46493012,,2026-07-30,SZSE,margin_detail,,
002355,兴民智通,339462090,2397525,,2026-07-30,SZSE,margin_detail,,
002361,神剑股份,341111878,21683748,,2026-07-30,SZSE,margin_detail,,
002362,汉王科技,188227693,5201084,,2026-07-30,SZSE,margin_detail,,
002364,中恒电气,866453043,56761774,,2026-07-30,SZSE,margin_detail,,
002366,融发核电,372501962,45885525,,2026-07-30,SZSE,margin_detail,,
002367,康力电梯,170719866,8744858,,2026-07-30,SZSE,margin_detail,,
002368,太极股份,575902467,6149793,,2026-07-30,SZSE,margin_detail,,
002369,卓翼科技,199594912,24567593,,2026-07-30,SZSE,margin_detail,,
002370,亚太药业,237369995,4469236,,2026-07-30,SZSE,margin_detail,,
002371,北方华创,3359554922,555919584,,2026-07-30,SZSE,margin_detail,semiconductor,半导体与芯片
002372,伟星新材,141471322,10341927,,2026-07-30,SZSE,margin_detail,,
002373,千方科技,658545353,13413490,,2026-07-30,SZSE,margin_detail,,
002374,中锐股份,145131324,4023022,,2026-07-30,SZSE,margin_detail,,
002375,亚厦股份,195601515,5331534,,2026-07-30,SZSE,margin_detail,,
002376,新北洋,389287992,6904040,,2026-07-30,SZSE,margin_detail,,
002378,章源钨业,994373905,38715209,,2026-07-30,SZSE,margin_detail,,
002379,宏桥控股,948444556,101440613,,2026-07-30,SZSE,margin_detail,,
002382,蓝帆医疗,345285766,16516539,,2026-07-30,SZSE,margin_detail,,
002383,合众思壮,157173850,8712597,,2026-07-30,SZSE,margin_detail,,
002384,东山精密,12656701517,2535660976,,2026-07-30,SZSE,margin_detail,,
002385,大北农,534020721,10740544,,2026-07-30,SZSE,margin_detail,,
002386,天原股份,368776635,11405815,,2026-07-30,SZSE,margin_detail,,
002387,维信诺,239017453,23542215,,2026-07-30,SZSE,margin_detail,,
002389,航天彩虹,743771945,28153245,,2026-07-30,SZSE,margin_detail,,
002390,信邦制药,199844588,13862900,,2026-07-30,SZSE,margin_detail,,
002393,力生制药,162360480,1358556,,2026-07-30,SZSE,margin_detail,,
002395,双象股份,96064790,2844836,,2026-07-30,SZSE,margin_detail,,
002396,星网锐捷,552998116,236986424,,2026-07-30,SZSE,margin_detail,,
002399,海普瑞,184334253,3188269,,2026-07-30,SZSE,margin_detail,,
002400,省广集团,728736257,40110940,,2026-07-30,SZSE,margin_detail,,
002401,中远海科,250268685,4901896,,2026-07-30,SZSE,margin_detail,,
002402,和而泰,1609704955,39354518,,2026-07-30,SZSE,margin_detail,,
002405,四维图新,1076563055,18254824,,2026-07-30,SZSE,margin_detail,,
002407,多氟多,2249644570,427500424,,2026-07-30,SZSE,margin_detail,,
002408,齐翔腾达,441160574,9309844,,2026-07-30,SZSE,margin_detail,,
002409,雅克科技,2781527101,661940894,,2026-07-30,SZSE,margin_detail,,
002410,广联达,641357365,14893915,,2026-07-30,SZSE,margin_detail,,
002412,汉森制药,163823152,34156058,,2026-07-30,SZSE,margin_detail,,
002413,雷科防务,452640960,20630671,,2026-07-30,SZSE,margin_detail,,
002414,高德红外,1376646953,198346874,,2026-07-30,SZSE,margin_detail,,
002415,海康威视,5056925297,597673183,,2026-07-30,SZSE,margin_detail,,
002416,爱施德,638282617,24078366,,2026-07-30,SZSE,margin_detail,,
002419,天虹股份,276229118,3458004,,2026-07-30,SZSE,margin_detail,,
002421,达实智能,234527798,21767578,,2026-07-30,SZSE,margin_detail,,
002422,科伦药业,977154842,181515328,,2026-07-30,SZSE,margin_detail,,
002423,中粮资本,518385667,10407907,,2026-07-30,SZSE,margin_detail,,
002426,胜利精密,559608321,18098996,,2026-07-30,SZSE,margin_detail,,
002428,云南锗业,3600983359,264136457,,2026-07-30,SZSE,margin_detail,,
002429,兆驰股份,1652879574,31446213,,2026-07-30,SZSE,margin_detail,,
002430,杭氧股份,589413064,20530232,,2026-07-30,SZSE,margin_detail,,
002432,九安医疗,1336737798,196678072,,2026-07-30,SZSE,margin_detail,,
002434,万里扬,414562411,7622564,,2026-07-30,SZSE,margin_detail,,
002436,兴森科技,2258504228,213213238,,2026-07-30,SZSE,margin_detail,,
002437,誉衡药业,372356658,22124396,,2026-07-30,SZSE,margin_detail,,
002438,江苏神通,671176049,9791233,,2026-07-30,SZSE,margin_detail,,
002439,启明星辰,654128715,55408418,,2026-07-30,SZSE,margin_detail,,
002440,闰土股份,310392325,94692994,,2026-07-30,SZSE,margin_detail,,
002441,众业达,187990695,2820811,,2026-07-30,SZSE,margin_detail,,
002444,巨星科技,283862500,27812835,,2026-07-30,SZSE,margin_detail,,
002445,中南文化,394506227,9611575,,2026-07-30,SZSE,margin_detail,,
002446,盛路通信,651069983,14355239,,2026-07-30,SZSE,margin_detail,,
002449,国星光电,297323750,5913674,,2026-07-30,SZSE,margin_detail,,
002451,摩恩电气,91691301,9634458,,2026-07-30,SZSE,margin_detail,,
002452,长高电气,282851943,15875108,,2026-07-30,SZSE,margin_detail,,
002453,华软科技,257966076,3205306,,2026-07-30,SZSE,margin_detail,,
002454,松芝股份,179068467,6694791,,2026-07-30,SZSE,margin_detail,,
002455,百川股份,278532794,14273364,,2026-07-30,SZSE,margin_detail,,
002456,欧菲光,1662078640,31191993,,2026-07-30,SZSE,margin_detail,,
002458,益生股份,520930372,40543371,,2026-07-30,SZSE,margin_detail,,
002459,晶澳科技,709574704,33548746,,2026-07-30,SZSE,margin_detail,,
002460,赣锋锂业,4353959915,244643942,,2026-07-30,SZSE,margin_detail,,
002461,珠江啤酒,286960322,2862258,,2026-07-30,SZSE,margin_detail,,
002463,沪电股份,5125788531,772005754,,2026-07-30,SZSE,margin_detail,,
002465,海格通信,1304415723,39308206,,2026-07-30,SZSE,margin_detail,,
002466,天齐锂业,3440292324,214205002,,2026-07-30,SZSE,margin_detail,,
002467,二六三,494976593,16186564,,2026-07-30,SZSE,margin_detail,,
002468,申通快递,476384002,24786716,,2026-07-30,SZSE,margin_detail,,
002469,三维化学,139750294,2631094,,2026-07-30,SZSE,margin_detail,,
002471,中超控股,218586556,11056854,,2026-07-30,SZSE,margin_detail,,
002472,双环传动,1086244666,101804661,,2026-07-30,SZSE,margin_detail,,
002474,榕基软件,284474478,13797241,,2026-07-30,SZSE,margin_detail,,
002475,立讯精密,5894534620,484470623,,2026-07-30,SZSE,margin_detail,,
002476,新叶股份,246030934,5298814,,2026-07-30,SZSE,margin_detail,,
002478,常宝股份,218369712,6855613,,2026-07-30,SZSE,margin_detail,,
002481,双塔食品,225637972,4290680,,2026-07-30,SZSE,margin_detail,,
002483,润邦股份,197746006,6739916,,2026-07-30,SZSE,margin_detail,,
002484,江海股份,1151161746,188879690,,2026-07-30,SZSE,margin_detail,,
002487,大金重工,602993768,108049361,,2026-07-30,SZSE,margin_detail,,
002488,金固股份,429755758,15236030,,2026-07-30,SZSE,margin_detail,,
002489,浙江永强,346500882,6647323,,2026-07-30,SZSE,margin_detail,,
002491,通鼎互联,894047013,117020997,,2026-07-30,SZSE,margin_detail,,
002493,荣盛石化,787257248,42622339,,2026-07-30,SZSE,margin_detail,,
002497,雅化集团,933122646,61154508,,2026-07-30,SZSE,margin_detail,,
002498,汉缆股份,242667022,88532289,,2026-07-30,SZSE,margin_detail,,
002500,山西证券,975611613,11364753,,2026-07-30,SZSE,margin_detail,,
002506,协鑫集成,388688469,41750830,,2026-07-30,SZSE,margin_detail,,
002507,涪陵榨菜,623895100,14502425,,2026-07-30,SZSE,margin_detail,,
002508,老板电器,241731093,6055204,,2026-07-30,SZSE,margin_detail,,
002511,中顺洁柔,215031272,5927156,,2026-07-30,SZSE,margin_detail,,
002517,恺英网络,1423736494,124297284,,2026-07-30,SZSE,margin_detail,,
002518,科士达,309259703,18927052,,2026-07-30,SZSE,margin_detail,,
002519,银河电子,126070826,11620896,,2026-07-30,SZSE,margin_detail,,
002520,日发精机,140129689,8432277,,2026-07-30,SZSE,margin_detail,,
002521,齐峰新材,278801686,1150519,,2026-07-30,SZSE,margin_detail,,
002522,浙江众成,369659703,20019478,,2026-07-30,SZSE,margin_detail,,
002523,天桥起重,234850656,8175636,,2026-07-30,SZSE,margin_detail,,
002526,山东矿机,212178531,3784440,,2026-07-30,SZSE,margin_detail,,
002527,新时达,415818048,7768953,,2026-07-30,SZSE,margin_detail,,
002530,金财互联,308647488,7093408,,2026-07-30,SZSE,margin_detail,,
002531,天顺风能,492127882,27761834,,2026-07-30,SZSE,margin_detail,,
002532,天山铝业,717397593,110056062,,2026-07-30,SZSE,margin_detail,,
002533,金杯电工,369509060,19081587,,2026-07-30,SZSE,margin_detail,,
002534,西子洁能,218862867,8819203,,2026-07-30,SZSE,margin_detail,,
002536,飞龙股份,1270023371,160769702,,2026-07-30,SZSE,margin_detail,,
002537,海联金汇,481490279,10656554,,2026-07-30,SZSE,margin_detail,,
002539,云图控股,539379332,39643839,,2026-07-30,SZSE,margin_detail,,
002541,鸿路钢构,74002727,8289240,,2026-07-30,SZSE,margin_detail,,
002543,万和电气,70534315,2203862,,2026-07-30,SZSE,margin_detail,,
002544,普天科技,769987723,10236337,,2026-07-30,SZSE,margin_detail,,
002545,东方铁塔,317747885,30019436,,2026-07-30,SZSE,margin_detail,,
002548,金新农,212751527,6562870,,2026-07-30,SZSE,margin_detail,,
002549,凯美特气,317612739,32086105,,2026-07-30,SZSE,margin_detail,,
002553,南方精工,166611454,6543729,,2026-07-30,SZSE,margin_detail,,
002554,惠博普,164737493,2465324,,2026-07-30,SZSE,margin_detail,,
002555,三七互娱,1758857843,136387753,,2026-07-30,SZSE,margin_detail,,
002556,辉隆股份,269418535,6175021,,2026-07-30,SZSE,margin_detail,,
002557,洽洽食品,325670210,20681749,,2026-07-30,SZSE,margin_detail,,
002558,巨人网络,1571916771,206389918,,2026-07-30,SZSE,margin_detail,,
002560,通达股份,236266978,23268854,,2026-07-30,SZSE,margin_detail,,
002561,徐家汇,98428603,2300599,,2026-07-30,SZSE,margin_detail,,
002563,森马服饰,140888764,15072706,,2026-07-30,SZSE,margin_detail,,
002565,顺灏股份,418757159,19935528,,2026-07-30,SZSE,margin_detail,,
002567,唐人神,315159304,3382014,,2026-07-30,SZSE,margin_detail,,
002568,百润股份,252504654,21244800,,2026-07-30,SZSE,margin_detail,,
002570,贝因美,269638616,12098274,,2026-07-30,SZSE,margin_detail,,
002572,索菲亚,260692799,20890368,,2026-07-30,SZSE,margin_detail,,
002573,清新环境,168657321,2615202,,2026-07-30,SZSE,margin_detail,,
002574,明牌珠宝,104964774,3230062,,2026-07-30,SZSE,margin_detail,,
002575,群兴玩具,115612624,11747644,,2026-07-30,SZSE,margin_detail,,
002577,雷柏科技,172127104,11766471,,2026-07-30,SZSE,margin_detail,,
002579,中京电子,343928718,30163493,,2026-07-30,SZSE,margin_detail,,
002580,圣阳股份,360057123,217251332,,2026-07-30,SZSE,margin_detail,,
002583,海能达,475205581,9047987,,2026-07-30,SZSE,margin_detail,,
002585,双星新材,377561278,36109525,,2026-07-30,SZSE,margin_detail,,
002588,史丹利,242025970,8755369,,2026-07-30,SZSE,margin_detail,,
002589,瑞康医药,206206644,4949877,,2026-07-30,SZSE,margin_detail,,
002590,万安科技,225177904,3826174,,2026-07-30,SZSE,margin_detail,,
002594,比亚迪,12707172445,388970881,,2026-07-30,SZSE,margin_detail,,
002595,豪迈科技,621873470,25450643,,2026-07-30,SZSE,margin_detail,,
002596,海南瑞泽,179729632,4112025,,2026-07-30,SZSE,margin_detail,,
002597,金禾实业,455687107,22512312,,2026-07-30,SZSE,margin_detail,,
002600,领益智造,2379116672,64217382,,2026-07-30,SZSE,margin_detail,,
002601,龙佰集团,559035254,21160502,,2026-07-30,SZSE,margin_detail,,
002602,世纪华通,2585148632,208840898,,2026-07-30,SZSE,margin_detail,,
002603,以岭药业,606998486,20876522,,2026-07-30,SZSE,margin_detail,,
002606,大连电瓷,296448745,60383524,,2026-07-30,SZSE,margin_detail,,
002607,中公教育,919645542,64134687,,2026-07-30,SZSE,margin_detail,,
002608,江苏国信,317720402,13295232,,2026-07-30,SZSE,margin_detail,,
002611,东方精工,1594427910,67169011,,2026-07-30,SZSE,margin_detail,,
002612,朗姿股份,131101177,27458016,,2026-07-30,SZSE,margin_detail,,
002617,露笑科技,951444995,28963425,,2026-07-30,SZSE,margin_detail,,
002623,亚玛顿,64428604,2696195,,2026-07-30,SZSE,margin_detail,,
002624,完美世界,788222328,41382725,,2026-07-30,SZSE,margin_detail,,
002625,光启技术,5408033150,64469595,,2026-07-30,SZSE,margin_detail,,
002626,金达威,336415101,5526509,,2026-07-30,SZSE,margin_detail,,
002628,成都路桥,204698193,4620028,,2026-07-30,SZSE,margin_detail,,
002631,德尔未来,261605450,18469391,,2026-07-30,SZSE,margin_detail,,
002635,安洁科技,324179923,32353303,,2026-07-30,SZSE,margin_detail,,
002636,金安国纪,907757180,175024505,,2026-07-30,SZSE,margin_detail,,
002639,雪人集团,453057788,21370636,,2026-07-30,SZSE,margin_detail,,
002641,公元股份,107977326,2303757,,2026-07-30,SZSE,margin_detail,,
002643,万润股份,549919080,23339347,,2026-07-30,SZSE,margin_detail,,
002645,华宏科技,515418631,33638542,,2026-07-30,SZSE,margin_detail,,
002646,天佑德酒,198380583,4326414,,2026-07-30,SZSE,margin_detail,,
002648,卫星化学,1510399992,78290932,,2026-07-30,SZSE,margin_detail,,
002649,博彦科技,383594138,10451326,,2026-07-30,SZSE,margin_detail,,
002653,海思科,185166262,40833601,,2026-07-30,SZSE,margin_detail,,
002654,万润科技,867314860,48832444,,2026-07-30,SZSE,margin_detail,,
002657,中科金财,461541280,13876258,,2026-07-30,SZSE,margin_detail,,
002662,峰璟股份,353154045,5108400,,2026-07-30,SZSE,margin_detail,,
002664,信质集团,279781930,11106852,,2026-07-30,SZSE,margin_detail,,
002668,TCL智家,502306001,13219174,,2026-07-30,SZSE,margin_detail,,
002670,国盛证券,543311100,26371668,,2026-07-30,SZSE,margin_detail,,
002672,东江环保,85789833,2221167,,2026-07-30,SZSE,margin_detail,,
002673,西部证券,1512291382,16275027,,2026-07-30,SZSE,margin_detail,,
002675,东诚药业,1197920153,6195214,,2026-07-30,SZSE,margin_detail,,
002681,奋达科技,395973842,16855875,,2026-07-30,SZSE,margin_detail,,
002683,广东宏大,1274010389,13479184,,2026-07-30,SZSE,margin_detail,,
002685,华东重机,462805779,8279951,,2026-07-30,SZSE,margin_detail,,
002690,美亚光电,151265050,10679547,,2026-07-30,SZSE,margin_detail,,
002695,煌上煌,160516841,9579466,,2026-07-30,SZSE,margin_detail,,
002697,红旗连锁,253335941,17528388,,2026-07-30,SZSE,margin_detail,,
002698,博实股份,651789309,16341860,,2026-07-30,SZSE,margin_detail,,
002701,奥瑞金,536633008,14140251,,2026-07-30,SZSE,margin_detail,,
002703,浙江世宝,329338132,22117741,,2026-07-30,SZSE,margin_detail,,
002705,新宝股份,210058218,7069481,,2026-07-30,SZSE,margin_detail,,
002706,良信股份,355509680,13500988,,2026-07-30,SZSE,margin_detail,,
002707,众信旅游,327443841,5508269,,2026-07-30,SZSE,margin_detail,,
002709,天赐材料,3341456367,254386010,,2026-07-30,SZSE,margin_detail,,
002714,牧原股份,5363581613,184901673,,2026-07-30,SZSE,margin_detail,,
002716,湖南白银,639955920,69347143,,2026-07-30,SZSE,margin_detail,,
002727,一心堂,197366240,5536472,,2026-07-30,SZSE,margin_detail,,
002729,好利科技,139692817,5470186,,2026-07-30,SZSE,margin_detail,,
002733,雄韬股份,442491218,11505662,,2026-07-30,SZSE,margin_detail,,
002734,利民股份,602600193,8351421,,2026-07-30,SZSE,margin_detail,,
002736,国信证券,1789861483,24791264,,2026-07-30,SZSE,margin_detail,,
002737,葵花药业,210462607,5722821,,2026-07-30,SZSE,margin_detail,,
002738,中矿资源,1657819385,71639539,,2026-07-30,SZSE,margin_detail,,
002739,儒意电影,1255936261,57902852,,2026-07-30,SZSE,margin_detail,,
002741,光华科技,592311152,37053341,,2026-07-30,SZSE,margin_detail,,
002745,木林森,1086623581,66355825,,2026-07-30,SZSE,margin_detail,,
002746,仙坛股份,116473239,4414934,,2026-07-30,SZSE,margin_detail,,
002747,埃斯顿,815806685,164918579,,2026-07-30,SZSE,margin_detail,,
002755,奥赛康,150361364,7790567,,2026-07-30,SZSE,margin_detail,,
002756,永兴材料,688206763,36593459,,2026-07-30,SZSE,margin_detail,,
002761,浙江建投,298105264,7324552,,2026-07-30,SZSE,margin_detail,,
002765,蓝黛科技,248021083,4705382,,2026-07-30,SZSE,margin_detail,,
002768,国恩股份,508228554,49521703,,2026-07-30,SZSE,margin_detail,,
002773,康弘药业,570656599,13461438,,2026-07-30,SZSE,margin_detail,,
002779,中坚科技,614895290,3702841,,2026-07-30,SZSE,margin_detail,,
002782,可立克,176919438,10956474,,2026-07-30,SZSE,margin_detail,,
002783,凯龙股份,374701016,2863671,,2026-07-30,SZSE,margin_detail,,
002791,坚朗五金,128880163,9109810,,2026-07-30,SZSE,margin_detail,,
002792,通宇通讯,491900338,20890717,,2026-07-30,SZSE,margin_detail,,
002796,世嘉科技,491788419,10584876,,2026-07-30,SZSE,margin_detail,,
002797,第一创业,2100031654,24890436,,2026-07-30,SZSE,margin_detail,,
002803,吉宏股份,661413990,17568631,,2026-07-30,SZSE,margin_detail,,
002805,丰元股份,210302123,25600791,,2026-07-30,SZSE,margin_detail,,
002807,江阴银行,348936962,18069801,,2026-07-30,SZSE,margin_detail,,
002810,山东赫达,188502104,9296785,,2026-07-30,SZSE,margin_detail,,
002812,恩捷股份,1319896478,73474205,,2026-07-30,SZSE,margin_detail,,
002815,崇达技术,144820925,26519230,,2026-07-30,SZSE,margin_detail,,
002821,凯莱英,836681225,79779118,,2026-07-30,SZSE,margin_detail,,
002824,和胜股份,331623945,32180115,,2026-07-30,SZSE,margin_detail,,
002831,裕同科技,519848671,13104145,,2026-07-30,SZSE,margin_detail,,
002832,比音勒芬,348001800,105644213,,2026-07-30,SZSE,margin_detail,,
002837,英维克,3694046666,130261276,,2026-07-30,SZSE,margin_detail,,
002838,道恩股份,417648239,18623675,,2026-07-30,SZSE,margin_detail,,
002839,张家港行,438102364,11442440,,2026-07-30,SZSE,margin_detail,,
002840,华统股份,417787338,5271231,,2026-07-30,SZSE,margin_detail,,
002841,视源股份,242921965,40820807,,2026-07-30,SZSE,margin_detail,,
002842,翔鹭钨业,129278166,31226294,,2026-07-30,SZSE,margin_detail,,
002843,泰嘉股份,190144943,7971161,,2026-07-30,SZSE,margin_detail,,
002847,盐津铺子,225375048,43078201,,2026-07-30,SZSE,margin_detail,,
002850,科达利,457731879,31231392,,2026-07-30,SZSE,margin_detail,,
002851,麦格米特,3198766543,288190859,,2026-07-30,SZSE,margin_detail,,
002859,洁美科技,746312567,72191560,,2026-07-30,SZSE,margin_detail,,
002860,星帅尔,570153386,93927634,,2026-07-30,SZSE,margin_detail,,
002863,今飞凯达,242218726,6181427,,2026-07-30,SZSE,margin_detail,,
002865,钧达股份,459554014,19568767,,2026-07-30,SZSE,margin_detail,,
002867,周大生,84825172,5606313,,2026-07-30,SZSE,margin_detail,,
002869,金溢科技,121622696,6018163,,2026-07-30,SZSE,margin_detail,,
002876,三利谱,295453109,17994121,,2026-07-30,SZSE,margin_detail,,
002881,美格智能,336190155,23872983,,2026-07-30,SZSE,margin_detail,,
002885,京泉华,215388943,34013162,,2026-07-30,SZSE,margin_detail,,
002891,中宠股份,314460841,41091058,,2026-07-30,SZSE,margin_detail,,
002892,科力尔,211744674,4953568,,2026-07-30,SZSE,margin_detail,,
002895,川恒股份,255391943,34974474,,2026-07-30,SZSE,margin_detail,,
002896,中大力德,534245935,25794984,,2026-07-30,SZSE,margin_detail,,
002897,意华股份,768037047,54160298,,2026-07-30,SZSE,margin_detail,,
002901,大博医疗,133390230,3721389,,2026-07-30,SZSE,margin_detail,,
002902,铭普光磁,260871175,12144463,,2026-07-30,SZSE,margin_detail,,
002903,宇环数控,249048332,5532974,,2026-07-30,SZSE,margin_detail,,
002906,华阳集团,547883944,15554398,,2026-07-30,SZSE,margin_detail,,
002909,集泰股份,97515614,5710878,,2026-07-30,SZSE,margin_detail,,
002911,佛燃能源,51954197,4922945,,2026-07-30,SZSE,margin_detail,,
002912,中新赛克,285228188,4314438,,2026-07-30,SZSE,margin_detail,,
002913,奥士康,634827784,16297703,,2026-07-30,SZSE,margin_detail,,
002915,中欣氟材,190326322,5870403,,2026-07-30,SZSE,margin_detail,,
002916,深南电路,1989042722,252031243,,2026-07-30,SZSE,margin_detail,,
002920,德赛西威,1402568445,52366334,,2026-07-30,SZSE,margin_detail,,
002922,伊戈尔,411195160,26985899,,2026-07-30,SZSE,margin_detail,,
002925,盈趣科技,489291148,45033252,,2026-07-30,SZSE,margin_detail,,
002926,华西证券,1171657570,14214170,,2026-07-30,SZSE,margin_detail,,
002928,华夏航空,274204795,10959723,,2026-07-30,SZSE,margin_detail,,
002929,润建股份,510229900,30493186,,2026-07-30,SZSE,margin_detail,,
002930,宏川智慧,200678880,5116349,,2026-07-30,SZSE,margin_detail,,
002931,锋龙股份,95501120,25383847,,2026-07-30,SZSE,margin_detail,,
002935,天奥电子,544956669,6499589,,2026-07-30,SZSE,margin_detail,,
002936,郑州银行,443674860,20009581,,2026-07-30,SZSE,margin_detail,,
002937,兴瑞科技,962179455,44314136,,2026-07-30,SZSE,margin_detail,,
002938,鹏鼎控股,1332777303,97113051,,2026-07-30,SZSE,margin_detail,,
002939,长城证券,1180220481,12761210,,2026-07-30,SZSE,margin_detail,,
002941,新疆交建,303076358,17204376,,2026-07-30,SZSE,margin_detail,,
002943,宇晶股份,346573198,15755746,,2026-07-30,SZSE,margin_detail,,
002945,华林证券,263769455,33804555,,2026-07-30,SZSE,margin_detail,,
002946,新乳业,31916963,12568857,,2026-07-30,SZSE,margin_detail,,
002947,恒铭达,874348543,17435432,,2026-07-30,SZSE,margin_detail,,
002948,青岛银行,912012143,21972607,,2026-07-30,SZSE,margin_detail,,
002957,科瑞技术,347717837,28356410,,2026-07-30,SZSE,margin_detail,,
002958,青农商行,796304581,19776408,,2026-07-30,SZSE,margin_detail,,
002959,小熊电器,79905305,2878467,,2026-07-30,SZSE,margin_detail,,
002960,青鸟智控,299917138,6196584,,2026-07-30,SZSE,margin_detail,,
002965,祥鑫科技,642158326,63242867,,2026-07-30,SZSE,margin_detail,,
002966,苏州银行,691154025,27294094,,2026-07-30,SZSE,margin_detail,,
002969,嘉美包装,90790764,90883958,,2026-07-30,SZSE,margin_detail,,
002978,安宁股份,263117552,12512217,,2026-07-30,SZSE,margin_detail,,
002984,森麒麟,444731561,15141016,,2026-07-30,SZSE,margin_detail,,
002985,北摩高科,275879948,9700853,,2026-07-30,SZSE,margin_detail,,
002987,京北方,298397962,15484385,,2026-07-30,SZSE,margin_detail,,
002997,瑞鹄模具,318926059,10393772,,2026-07-30,SZSE,margin_detail,,
003021,兆威机电,493130097,9283842,,2026-07-30,SZSE,margin_detail,,
003022,联泓新科,380335113,12456289,,2026-07-30,SZSE,margin_detail,,
003031,中瓷电子,803425633,76889454,,2026-07-30,SZSE,margin_detail,,
003035,南网能源,164980597,9643187,,2026-07-30,SZSE,margin_detail,,
003039,顺控发展,138251479,2741616,,2026-07-30,SZSE,margin_detail,,
003040,楚天龙,149401383,10649514,,2026-07-30,SZSE,margin_detail,,
003816,中国广核,364139058,33627814,,2026-07-30,SZSE,margin_detail,,
159100,巴西ETF华夏,2815301,609909,,2026-07-30,SZSE,margin_detail,,
159101,港股通科技ETF华夏,36773632,13487145,,2026-07-30,SZSE,margin_detail,,
159102,港股通生物科技ETF华安,7346420,326177,,2026-07-30,SZSE,margin_detail,,
159107,创业板软件ETF富国,10985869,2479595,,2026-07-30,SZSE,margin_detail,,
159109,恒生50ETF景顺,397994,444784,,2026-07-30,SZSE,margin_detail,,
159125,港股通科技ETF招商,4174465,486469,,2026-07-30,SZSE,margin_detail,,
159128,港股科技ETF天弘,2562030,1040593,,2026-07-30,SZSE,margin_detail,,
159129,化工ETF嘉实,15811254,2519409,,2026-07-30,SZSE,margin_detail,,
159131,港股通信息技术ETF华宝,182847332,281507872,,2026-07-30,SZSE,margin_detail,,
159133,化工ETF天弘,10213749,5664387,,2026-07-30,SZSE,margin_detail,,
159135,港股通科技ETF前海开源,607430,229474,,2026-07-30,SZSE,margin_detail,,
159140,科创创业人工智能ETF易方达,17337444,2234006,,2026-07-30,SZSE,margin_detail,,
159141,科创创业人工智能ETF永赢,37331213,4586445,,2026-07-30,SZSE,margin_detail,,
159142,科创创业人工智能ETF景顺,21045620,4081138,,2026-07-30,SZSE,margin_detail,,
159146,电力ETF华宝,2066435,1336818,,2026-07-30,SZSE,margin_detail,,
159147,电池ETF南方,2864873,1618885,,2026-07-30,SZSE,margin_detail,,
159152,港股通科技ETF平安,1000236,84095,,2026-07-30,SZSE,margin_detail,,
159155,电池ETF大成,4655878,1858417,,2026-07-30,SZSE,margin_detail,,
159157,有色金属ETF天弘,12634016,5049443,,2026-07-30,SZSE,margin_detail,,
159158,电力ETF景顺,11289729,3345196,,2026-07-30,SZSE,margin_detail,,
159201,自由现金流ETF华夏,251568381,22110815,,2026-07-30,SZSE,margin_detail,,
159202,恒生互联网ETF万家,36498597,8945984,,2026-07-30,SZSE,margin_detail,,
159205,创业板ETF东财,44905237,20121391,,2026-07-30,SZSE,margin_detail,,
159206,卫星ETF永赢,560612638,68062072,,2026-07-30,SZSE,margin_detail,,
159207,高股息ETF广发,27591395,4279293,,2026-07-30,SZSE,margin_detail,,
159209,红利质量ETF招商,41314690,2278102,,2026-07-30,SZSE,margin_detail,,
159213,机器人ETF汇添富,9255359,2585973,,2026-07-30,SZSE,margin_detail,,
159215,A500ETF平安,1074386,504764,,2026-07-30,SZSE,margin_detail,,
159217,港股通创新药ETF工银,31605713,17080966,,2026-07-30,SZSE,margin_detail,,
159218,卫星ETF招商,224234093,9558192,,2026-07-30,SZSE,margin_detail,,
159221,现金流ETF嘉实,32355938,293716,,2026-07-30,SZSE,margin_detail,,
159222,自由现金流ETF易方达,71159191,2273707,,2026-07-30,SZSE,margin_detail,,
159227,航空航天ETF华夏,276285741,11919135,,2026-07-30,SZSE,margin_detail,,
159232,自由现金流ETF南方,62978377,2324816,,2026-07-30,SZSE,margin_detail,,
159235,中证现金流ETF大成,12638609,2655663,,2026-07-30,SZSE,margin_detail,,
159241,航空航天ETF天弘,31322373,2405516,,2026-07-30,SZSE,margin_detail,,
159242,创业板人工智能ETF大成,6012412,3188516,,2026-07-30,SZSE,margin_detail,,
159246,创业板人工智能ETF富国,16677423,6704590,,2026-07-30,SZSE,margin_detail,,
159258,机器人ETF南方,8782134,1791331,,2026-07-30,SZSE,margin_detail,,
159259,成长ETF易方达,118195437,24195845,,2026-07-30,SZSE,margin_detail,,
159260,证券ETF博时,9381949,878290,,2026-07-30,SZSE,margin_detail,,
159262,港股通科技ETF广发,83413141,7883456,,2026-07-30,SZSE,margin_detail,,
159263,价值ETF易方达,97334903,11621529,,2026-07-30,SZSE,margin_detail,,
159267,航天ETF华安,71190507,4979501,,2026-07-30,SZSE,margin_detail,,
159269,港股通科技ETF南方,3710541,1113627,,2026-07-30,SZSE,margin_detail,,
159272,机器人ETF富国,105425938,12752942,,2026-07-30,SZSE,margin_detail,,
159273,云计算ETF汇添富,6651498,210711,,2026-07-30,SZSE,margin_detail,,
159278,机器人ETF鹏华,123198934,19035826,,2026-07-30,SZSE,margin_detail,,
159286,港股通创新药ETF鹏华,15812391,8117939,,2026-07-30,SZSE,margin_detail,,
159297,港股通创新药ETF南方,21936849,5114825,,2026-07-30,SZSE,margin_detail,,
159300,沪深300ETF富国,14755002,5379338,,2026-07-30,SZSE,margin_detail,,
159305,储能电池ETF广发,9610973,3697802,,2026-07-30,SZSE,margin_detail,,
159307,红利低波100ETF博时,76289841,4995459,,2026-07-30,SZSE,margin_detail,,
159309,油气ETF汇添富,4088396,22220225,,2026-07-30,SZSE,margin_detail,,
159310,芯片ETF天弘,9504954,1380678,,2026-07-30,SZSE,margin_detail,,
159316,港股通创新药ETF易方达,149124480,28358472,,2026-07-30,SZSE,margin_detail,,
159320,电网设备ETF广发,14624264,3210804,,2026-07-30,SZSE,margin_detail,,
159325,半导体ETF南方,20332046,11594027,,2026-07-30,SZSE,margin_detail,,
159326,电网设备ETF华夏,406486832,50335258,,2026-07-30,SZSE,margin_detail,,
159327,半导体设备ETF万家,55933316,13046765,,2026-07-30,SZSE,margin_detail,,
159329,沙特ETF南方,17470310,1041641,,2026-07-30,SZSE,margin_detail,,
159338,中证A500ETF国泰,156864520,48656962,,2026-07-30,SZSE,margin_detail,,
159339,A500ETF银华,8188807,2719697,,2026-07-30,SZSE,margin_detail,,
159351,A500ETF嘉实,18352505,12351694,,2026-07-30,SZSE,margin_detail,,
159352,A500ETF南方,67124404,20107319,,2026-07-30,SZSE,margin_detail,,
159353,中证A500ETF景顺,13145190,6016722,,2026-07-30,SZSE,margin_detail,,
159356,A500ETF万家,465506,188181,,2026-07-30,SZSE,margin_detail,,
159357,A500ETF博时,1336977,2044405,,2026-07-30,SZSE,margin_detail,,
159359,A500ETF华安,1272598,942257,,2026-07-30,SZSE,margin_detail,,
159360,A500ETF天弘,2662364,242881,,2026-07-30,SZSE,margin_detail,,
159361,A500ETF易方达,82134706,11370435,,2026-07-30,SZSE,margin_detail,,
159363,创业板人工智能ETF华宝,132572230,26628565,,2026-07-30,SZSE,margin_detail,,
159368,创业板新能源ETF华夏,4394679,1443409,,2026-07-30,SZSE,margin_detail,,
159369,创业板50ETF易方达,9041539,5364973,,2026-07-30,SZSE,margin_detail,,
159378,通用航空ETF永赢,11259035,1791486,,2026-07-30,SZSE,margin_detail,,
159381,创业板人工智能ETF华夏,38809244,5290181,,2026-07-30,SZSE,margin_detail,,
159382,创业板人工智能ETF南方,13738527,2830512,,2026-07-30,SZSE,margin_detail,,
159387,创业板新能源ETF国泰,6615257,3074463,,2026-07-30,SZSE,margin_detail,,
159388,创业板人工智能ETF国泰,14639419,3459172,,2026-07-30,SZSE,margin_detail,,
159399,现金流ETF国泰,100739572,4692535,,2026-07-30,SZSE,margin_detail,,
159501,纳指ETF嘉实,303428655,4538148,,2026-07-30,SZSE,margin_detail,,
159502,标普生物科技ETF嘉实,46486936,11638399,,2026-07-30,SZSE,margin_detail,,
159506,港股通创新药医疗ETF富国,41274352,10787499,,2026-07-30,SZSE,margin_detail,,
159507,通信ETF广发,5956328,3727200,,2026-07-30,SZSE,margin_detail,,
159509,纳指科技ETF景顺,1352369121,126087538,,2026-07-30,SZSE,margin_detail,,
159513,纳斯达克100ETF大成,65875995,17588168,,2026-07-30,SZSE,margin_detail,,
159516,半导体设备ETF国泰,2202509832,702204482,,2026-07-30,SZSE,margin_detail,,
159518,标普油气ETF嘉实,66469426,60597154,,2026-07-30,SZSE,margin_detail,,
159525,红利低波ETF富国,586484,378762,,2026-07-30,SZSE,margin_detail,,
159526,机器人ETF嘉实,7575030,1644902,,2026-07-30,SZSE,margin_detail,,
159529,标普消费ETF景顺,14261186,3163343,,2026-07-30,SZSE,margin_detail,,
159530,机器人ETF易方达,705734158,57981923,,2026-07-30,SZSE,margin_detail,,
159531,中证2000ETF南方,59916036,13147515,,2026-07-30,SZSE,margin_detail,,
159545,恒生红利低波ETF易方达,43523180,5593439,,2026-07-30,SZSE,margin_detail,,
159546,集成电路ETF国泰,4557345,3002868,,2026-07-30,SZSE,margin_detail,,
159547,红利低波ETF华夏,11264531,5091230,,2026-07-30,SZSE,margin_detail,,
159549,红利低波ETF天弘,969916,796150,,2026-07-30,SZSE,margin_detail,,
159552,中证2000增强ETF招商,36177749,12752246,,2026-07-30,SZSE,margin_detail,,
159558,半导体设备ETF易方达,661559071,163447373,,2026-07-30,SZSE,margin_detail,,
159559,机器人ETF景顺,98774978,8966090,,2026-07-30,SZSE,margin_detail,,
159561,德国ETF嘉实,24682653,9847196,,2026-07-30,SZSE,margin_detail,,
159562,黄金股ETF华夏,59893327,3696062,,2026-07-30,SZSE,margin_detail,,
159566,储能电池ETF易方达,105237645,30357588,,2026-07-30,SZSE,margin_detail,,
159567,港股创新药ETF银华,250939181,56465323,,2026-07-30,SZSE,margin_detail,,
159570,港股通创新药ETF汇添富,402825105,88576733,,2026-07-30,SZSE,margin_detail,,
159577,美国50ETF汇添富,74708002,6409240,,2026-07-30,SZSE,margin_detail,,
159581,红利ETF万家,8770836,1551221,,2026-07-30,SZSE,margin_detail,,
159582,半导体ETF博时,14525711,7952012,,2026-07-30,SZSE,margin_detail,,
159583,通信ETF富国,147533409,21102523,,2026-07-30,SZSE,margin_detail,,
159588,石油ETF景顺,1413128,1092484,,2026-07-30,SZSE,margin_detail,,
159590,软件ETF汇添富,14767709,2608576,,2026-07-30,SZSE,margin_detail,,
159592,A50ETF银华,1831285,471137,,2026-07-30,SZSE,margin_detail,,
159593,中证A50ETF平安,4246473,2035335,,2026-07-30,SZSE,margin_detail,,
159595,中证A50ETF大成,2812550,3842882,,2026-07-30,SZSE,margin_detail,,
159597,创业板成长ETF易方达,1977265,1121249,,2026-07-30,SZSE,margin_detail,,
159599,芯片ETF东财,73304379,12741673,,2026-07-30,SZSE,margin_detail,,
159600,科创债ETF嘉实,1386120,1471272,,2026-07-30,SZSE,margin_detail,,
159601,A50ETF华夏,6367400,1018030,,2026-07-30,SZSE,margin_detail,,
159603,科创创业ETF天弘,10638375,5061713,,2026-07-30,SZSE,margin_detail,,
159605,中概互联ETF广发,325226312,22199938,,2026-07-30,SZSE,margin_detail,,
159607,中概互联网ETF嘉实,79582349,10535112,,2026-07-30,SZSE,margin_detail,,
159608,稀有金属ETF广发,29123782,2716365,,2026-07-30,SZSE,margin_detail,,
159611,电力ETF广发,148247857,32614999,,2026-07-30,SZSE,margin_detail,,
159612,标普500ETF国泰,3035440,249755,,2026-07-30,SZSE,margin_detail,,
159615,恒生生物科技ETF南方,8180595,3627492,,2026-07-30,SZSE,margin_detail,,
159622,创新药ETF东财,58344366,4596865,,2026-07-30,SZSE,margin_detail,,
159625,绿色电力ETF嘉实,13794366,5005998,,2026-07-30,SZSE,margin_detail,,
159628,国证2000ETF万家,8794818,1888516,,2026-07-30,SZSE,margin_detail,,
159629,中证1000ETF富国,71085221,8844945,,2026-07-30,SZSE,margin_detail,,
159632,纳斯达克ETF华安,287599722,69614113,,2026-07-30,SZSE,margin_detail,,
159633,中证1000ETF易方达,43653525,13805443,,2026-07-30,SZSE,margin_detail,,
159636,港股通科技30ETF工银,78357637,31584257,,2026-07-30,SZSE,margin_detail,,
159637,新能源车ETF东财,3149734,899667,,2026-07-30,SZSE,margin_detail,,
159638,高端装备ETF嘉实,27799658,1756435,,2026-07-30,SZSE,margin_detail,,
159647,中药ETF鹏华,19965032,2313066,,2026-07-30,SZSE,margin_detail,,
159649,国开债ETF华安,299491244,914079,,2026-07-30,SZSE,margin_detail,,
159650,国开债ETF博时,54769670,1304840,,2026-07-30,SZSE,margin_detail,,
159652,有色ETF汇添富,46501755,3343253,,2026-07-30,SZSE,margin_detail,,
159655,标普500ETF华夏,26303088,4489367,,2026-07-30,SZSE,margin_detail,,
159659,纳斯达克100ETF招商,437852968,38972266,,2026-07-30,SZSE,margin_detail,,
159660,纳指ETF汇添富,110700121,8365971,,2026-07-30,SZSE,margin_detail,,
159663,机床ETF华夏,1561616,629895,,2026-07-30,SZSE,margin_detail,,
159665,半导体龙头ETF工银,8770383,6194195,,2026-07-30,SZSE,margin_detail,,
159667,工业母机ETF国泰,48549759,5559998,,2026-07-30,SZSE,margin_detail,,
159671,稀有金属ETF工银,5573650,1062448,,2026-07-30,SZSE,margin_detail,,
159673,沪深300ETF鹏华,6102781,5651042,,2026-07-30,SZSE,margin_detail,,
159680,中证1000增强ETF招商,92002137,8008190,,2026-07-30,SZSE,margin_detail,,
159681,创业板50ETF鹏华,25924459,4553906,,2026-07-30,SZSE,margin_detail,,
159682,创业板50ETF景顺,71652469,19803162,,2026-07-30,SZSE,margin_detail,,
159687,亚太精选ETF南方,66749487,13707973,,2026-07-30,SZSE,margin_detail,,
159688,恒生互联网ETF华安,64821117,14778360,,2026-07-30,SZSE,margin_detail,,
159690,有色矿业ETF招商,2656971,1186783,,2026-07-30,SZSE,margin_detail,,
159691,港股红利ETF工银,15808953,7943093,,2026-07-30,SZSE,margin_detail,,
159692,证券ETF东财,76744586,12079685,,2026-07-30,SZSE,margin_detail,,
159695,通信ETF嘉实,3463697,911315,,2026-07-30,SZSE,margin_detail,,
159696,纳指ETF易方达,86388920,10252065,,2026-07-30,SZSE,margin_detail,,
159697,石油ETF鹏华,5159002,33049862,,2026-07-30,SZSE,margin_detail,,
159698,粮食ETF鹏华,17119881,2590454,,2026-07-30,SZSE,margin_detail,,
159713,稀土ETF富国,9910030,570804,,2026-07-30,SZSE,margin_detail,,
159715,稀土ETF易方达,7103231,1141936,,2026-07-30,SZSE,margin_detail,,
159731,石化ETF华夏,5718795,565472,,2026-07-30,SZSE,margin_detail,,
159732,消费电子ETF华夏,57395914,11692513,,2026-07-30,SZSE,margin_detail,,
159736,食品饮料ETF天弘,11289631,2396525,,2026-07-30,SZSE,margin_detail,,
159740,恒生科技ETF大成,549624001,87429920,,2026-07-30,SZSE,margin_detail,,
159741,恒生科技ETF嘉实,27134328,7697023,,2026-07-30,SZSE,margin_detail,,
159742,恒生科技ETF博时,199679945,15225319,,2026-07-30,SZSE,margin_detail,,
159745,建材ETF国泰,14885502,12027832,,2026-07-30,SZSE,margin_detail,,
159748,创新药ETF富国,52206693,2778588,,2026-07-30,SZSE,margin_detail,,
159750,港股科技50ETF招商,15416985,2743592,,2026-07-30,SZSE,margin_detail,,
159751,港股通科技ETF鹏华,22289252,1480371,,2026-07-30,SZSE,margin_detail,,
159755,电池ETF广发,148612317,13224469,,2026-07-30,SZSE,margin_detail,,
159758,红利质量ETF华夏,11462053,1116053,,2026-07-30,SZSE,margin_detail,,
159766,旅游ETF富国,113392936,11274405,,2026-07-30,SZSE,margin_detail,,
159770,机器人ETF天弘,124812947,7747391,,2026-07-30,SZSE,margin_detail,,
159775,电池ETF建信,360601,18404,,2026-07-30,SZSE,margin_detail,,
159780,科创创业50ETF南方,31398231,5576866,,2026-07-30,SZSE,margin_detail,,
159781,科创创业ETF易方达,209839961,36435309,,2026-07-30,SZSE,margin_detail,,
159782,双创50ETF银华,18313171,4135154,,2026-07-30,SZSE,margin_detail,,
159783,科创创业50ETF华夏,43842917,12757659,,2026-07-30,SZSE,margin_detail,,
159790,碳中和ETF华夏,5638614,38396991,,2026-07-30,SZSE,margin_detail,,
159792,港股通互联网ETF富国,734288448,272489519,,2026-07-30,SZSE,margin_detail,,
159796,电池ETF汇添富,47197368,26302915,,2026-07-30,SZSE,margin_detail,,
159801,芯片ETF广发,125344073,16627486,,2026-07-30,SZSE,margin_detail,,
159806,新能源车ETF国泰,2973934,201790,,2026-07-30,SZSE,margin_detail,,
159807,科技ETF易方达,11735220,5107594,,2026-07-30,SZSE,margin_detail,,
159812,黄金ETF前海开源,882538,273007,,2026-07-30,SZSE,margin_detail,,
159813,半导体ETF鹏华,142649499,27083923,,2026-07-30,SZSE,margin_detail,,
159819,人工智能ETF易方达,303228748,33887697,,2026-07-30,SZSE,margin_detail,,
159820,中证500ETF天弘,1910059,128473,,2026-07-30,SZSE,margin_detail,,
159825,农业ETF富国,35643889,3997577,,2026-07-30,SZSE,margin_detail,,
159828,医疗ETF国泰,60623924,4794968,,2026-07-30,SZSE,margin_detail,,
159830,金ETF天弘,2366265,1745163,,2026-07-30,SZSE,margin_detail,,
159831,金ETF嘉实,980668,579629,,2026-07-30,SZSE,margin_detail,,
159834,金ETF南方,1757487,2505210,,2026-07-30,SZSE,margin_detail,,
159837,生物科技ETF易方达,34152515,1813671,,2026-07-30,SZSE,margin_detail,,
159839,生物医药ETF汇添富,55070031,4660965,,2026-07-30,SZSE,margin_detail,,
159840,锂电池ETF工银,25503191,2288249,,2026-07-30,SZSE,margin_detail,,
159841,证券ETF天弘,391835646,11696397,,2026-07-30,SZSE,margin_detail,,
159842,券商ETF银华,366267155,10094899,,2026-07-30,SZSE,margin_detail,,
159845,中证1000ETF华夏,128122264,220821590,,2026-07-30,SZSE,margin_detail,,
159847,医疗ETF易方达,16808756,1944396,,2026-07-30,SZSE,margin_detail,,
159851,金融科技ETF华宝,313436395,17330646,,2026-07-30,SZSE,margin_detail,,
159852,软件ETF嘉实,431989591,29734018,,2026-07-30,SZSE,margin_detail,,
159857,光伏ETF天弘,39420850,9316419,,2026-07-30,SZSE,margin_detail,,
159858,创新药ETF南方,5350693,307082,,2026-07-30,SZSE,margin_detail,,
159859,生物医药ETF天弘,189852044,12220407,,2026-07-30,SZSE,margin_detail,,
159865,养殖ETF国泰,169905977,10592080,,2026-07-30,SZSE,margin_detail,,
159866,日经ETF工银,70133520,32048608,,2026-07-30,SZSE,margin_detail,,
159867,养殖ETF鹏华,19809983,2248767,,2026-07-30,SZSE,margin_detail,,
159869,游戏ETF华夏,279489801,41147514,,2026-07-30,SZSE,margin_detail,,
159870,化工ETF鹏华,205079195,23118327,,2026-07-30,SZSE,margin_detail,,
159871,有色ETF银华,4473624,415685,,2026-07-30,SZSE,margin_detail,,
159875,新能源ETF嘉实,23714049,2480296,,2026-07-30,SZSE,margin_detail,,
159876,有色ETF华宝,32995876,9699442,,2026-07-30,SZSE,margin_detail,,
159880,有色ETF鹏华,14211296,2673774,,2026-07-30,SZSE,margin_detail,,
159883,医疗器械ETF永赢,214574467,11362011,,2026-07-30,SZSE,margin_detail,,
159887,银行ETF富国,9775531,7520128,,2026-07-30,SZSE,margin_detail,,
159892,恒生医药ETF华夏,103715412,36023521,,2026-07-30,SZSE,margin_detail,,
159899,软件ETF招商,8089149,1154021,,2026-07-30,SZSE,margin_detail,,
159901,深证100ETF易方达,167652323,4194736,,2026-07-30,SZSE,margin_detail,,
159903,深成ETF南方,27257761,6959504,,2026-07-30,SZSE,margin_detail,,
159905,红利ETF工银,8455045,1280189,,2026-07-30,SZSE,margin_detail,,
159908,创业板ETF博时,5508331,2506955,,2026-07-30,SZSE,margin_detail,,
159909,TMT50ETF招商,2374475,911205,,2026-07-30,SZSE,margin_detail,,
159915,创业板ETF易方达,2008302599,1008448599,,2026-07-30,SZSE,margin_detail,,
159919,沪深300ETF嘉实,725741402,24453510,,2026-07-30,SZSE,margin_detail,,
159920,恒生ETF华夏,2540539943,17989695,,2026-07-30,SZSE,margin_detail,,
159922,中证500ETF嘉实,155535311,55485909,,2026-07-30,SZSE,margin_detail,,
159925,沪深300ETF南方,6723834,1875471,,2026-07-30,SZSE,margin_detail,,
159928,消费ETF汇添富,398989157,25904196,,2026-07-30,SZSE,margin_detail,,
159929,医药ETF汇添富,53698170,2393679,,2026-07-30,SZSE,margin_detail,,
159930,能源ETF汇添富,3505719,1735283,,2026-07-30,SZSE,margin_detail,,
159934,黄金ETF易方达,3308401091,67323956,,2026-07-30,SZSE,margin_detail,,
159937,黄金ETF博时,2479348151,26852717,,2026-07-30,SZSE,margin_detail,,
159938,医药ETF广发,32478981,874176,,2026-07-30,SZSE,margin_detail,,
159939,信息技术ETF广发,4907854,1977233,,2026-07-30,SZSE,margin_detail,,
159940,金融地产ETF广发,1020879,423924,,2026-07-30,SZSE,margin_detail,,
159941,纳指ETF广发,1277150250,403475514,,2026-07-30,SZSE,margin_detail,,
159948,创业板ETF南方,16316794,5132244,,2026-07-30,SZSE,margin_detail,,
159949,创业板50ETF华安,793790915,161337159,,2026-07-30,SZSE,margin_detail,,
159952,创业板ETF广发,130241585,48269375,,2026-07-30,SZSE,margin_detail,,
159957,创业板ETF华夏,52761766,15496084,,2026-07-30,SZSE,margin_detail,,
159958,创业板ETF工银,1226231,395544,,2026-07-30,SZSE,margin_detail,,
159967,创业板成长ETF华夏,212903072,43312423,,2026-07-30,SZSE,margin_detail,,
159971,创业板ETF富国,23611863,10014762,,2026-07-30,SZSE,margin_detail,,
159977,创业板ETF天弘,20641392,4821318,,2026-07-30,SZSE,margin_detail,,
159992,创新药ETF银华,676442978,78377999,,2026-07-30,SZSE,margin_detail,,
159993,证券ETF鹏华,156053237,7672484,,2026-07-30,SZSE,margin_detail,,
159994,通信ETF银华,54653341,13266218,,2026-07-30,SZSE,margin_detail,,
159995,芯片ETF华夏,779325503,76849664,,2026-07-30,SZSE,margin_detail,,
159996,家电ETF国泰,5395759,7813807,,2026-07-30,SZSE,margin_detail,,
159997,电子ETF天弘,18321721,5122078,,2026-07-30,SZSE,margin_detail,,
159998,计算机ETF天弘,17091949,3454821,,2026-07-30,SZSE,margin_detail,,
300001,特锐德,1133666031,46475890,,2026-07-30,SZSE,margin_detail,,
300002,神州泰岳,1399532293,53133866,,2026-07-30,SZSE,margin_detail,,
300003,乐普医疗,1209563162,39443008,,2026-07-30,SZSE,margin_detail,,
300005,探路者,703890935,47966274,,2026-07-30,SZSE,margin_detail,,
300006,莱美药业,291969784,9865043,,2026-07-30,SZSE,margin_detail,,
300007,汉威科技,733629826,27860543,,2026-07-30,SZSE,margin_detail,,
300008,天海防务,593389113,16968837,,2026-07-30,SZSE,margin_detail,,
300009,安科生物,543772103,8291610,,2026-07-30,SZSE,margin_detail,,
300012,华测检测,518559885,34919229,,2026-07-30,SZSE,margin_detail,,
300014,亿纬锂能,5124626343,255352419,,2026-07-30,SZSE,margin_detail,,
300015,爱尔眼科,1900521453,52065892,,2026-07-30,SZSE,margin_detail,,
300017,网宿科技,2342093854,116807652,,2026-07-30,SZSE,margin_detail,,
300018,中元股份,410715709,20035695,,2026-07-30,SZSE,margin_detail,,
300019,硅宝科技,289484808,9935074,,2026-07-30,SZSE,margin_detail,,
300024,机器人,1054595553,28561280,,2026-07-30,SZSE,margin_detail,,
300025,华星创业,257888605,4952219,,2026-07-30,SZSE,margin_detail,,
300026,红日药业,496685434,10457747,,2026-07-30,SZSE,margin_detail,,
300031,宝通科技,765943105,30867746,,2026-07-30,SZSE,margin_detail,,
300033,同花顺,5622172317,537422198,,2026-07-30,SZSE,margin_detail,,
300034,钢研高纳,630280299,15988218,,2026-07-30,SZSE,margin_detail,,
300035,中科电气,727342218,21233224,,2026-07-30,SZSE,margin_detail,,
300036,超图软件,485481388,11393770,,2026-07-30,SZSE,margin_detail,,
300037,新宙邦,875087968,76525011,,2026-07-30,SZSE,margin_detail,,
300039,上海凯宝,276109686,31358746,,2026-07-30,SZSE,margin_detail,,
300041,回天新材,476557266,28226124,,2026-07-30,SZSE,margin_detail,,
300042,朗科科技,568840567,43402317,,2026-07-30,SZSE,margin_detail,,
300045,华力创通,590288849,13864859,,2026-07-30,SZSE,margin_detail,,
300046,台基股份,381996466,8169911,,2026-07-30,SZSE,margin_detail,,
300047,天源迪科,310002776,11253234,,2026-07-30,SZSE,margin_detail,,
300048,合康新能,252167071,7679946,,2026-07-30,SZSE,margin_detail,,
300049,福瑞医科,821837599,25976409,,2026-07-30,SZSE,margin_detail,,
300053,航宇微,556917537,15394040,,2026-07-30,SZSE,margin_detail,,
300054,鼎龙股份,2030720684,227779550,,2026-07-30,SZSE,margin_detail,,
300055,万邦达,220467215,17302020,,2026-07-30,SZSE,margin_detail,,
300057,万顺新材,430209527,18070302,,2026-07-30,SZSE,margin_detail,,
300058,蓝色光标,3455462034,175191693,,2026-07-30,SZSE,margin_detail,,
300059,东方财富,23485756121,686121712,,2026-07-30,SZSE,margin_detail,,
300061,旗天科技,189787212,4078727,,2026-07-30,SZSE,margin_detail,,
300065,海兰信,842190748,25894903,,2026-07-30,SZSE,margin_detail,,
300066,三川智慧,223277506,6153913,,2026-07-30,SZSE,margin_detail,,
300067,安诺其,417014177,82234747,,2026-07-30,SZSE,margin_detail,,
300070,碧水源,759753934,16751542,,2026-07-30,SZSE,margin_detail,,
300072,海新能科,424672776,7554564,,2026-07-30,SZSE,margin_detail,,
300073,当升科技,1256290802,52603112,,2026-07-30,SZSE,margin_detail,,
300075,数字政通,431535223,12002180,,2026-07-30,SZSE,margin_detail,,
300077,国民技术,1087803685,31555170,,2026-07-30,SZSE,margin_detail,,
300078,思创智联,119763076,3610795,,2026-07-30,SZSE,margin_detail,,
300079,数码视讯,585052883,15695963,,2026-07-30,SZSE,margin_detail,,
300080,易成新能,259661292,4738443,,2026-07-30,SZSE,margin_detail,,
300082,奥克股份,158241725,3605930,,2026-07-30,SZSE,margin_detail,,
300083,创世纪,1509338603,81487327,,2026-07-30,SZSE,margin_detail,,
300085,银之杰,1218660144,110354052,,2026-07-30,SZSE,margin_detail,,
300088,长信科技,1462905938,89815994,,2026-07-30,SZSE,margin_detail,,
300094,国联水产,147375052,6341316,,2026-07-30,SZSE,margin_detail,,
300098,高新兴,427464257,16471336,,2026-07-30,SZSE,margin_detail,,
300099,尤洛卡,300449584,5436260,,2026-07-30,SZSE,margin_detail,,
300100,双林股份,700776997,11040676,,2026-07-30,SZSE,margin_detail,,
300101,振芯科技,590076015,11211726,,2026-07-30,SZSE,margin_detail,,
300102,乾照光电,92461423,17944977,,2026-07-30,SZSE,margin_detail,,
300109,新开源,686833514,12206644,,2026-07-30,SZSE,margin_detail,,
300110,华仁药业,253212875,8846480,,2026-07-30,SZSE,margin_detail,,
300113,顺网科技,772954770,53403057,,2026-07-30,SZSE,margin_detail,,
300115,长盈精密,2203095863,99576551,,2026-07-30,SZSE,margin_detail,,
300118,东方日升,588566049,26332746,,2026-07-30,SZSE,margin_detail,,
300122,智飞生物,979637907,14161141,,2026-07-30,SZSE,margin_detail,,
300124,汇川技术,2821334960,99362665,,2026-07-30,SZSE,margin_detail,,
300128,锦富技术,405810346,11220749,,2026-07-30,SZSE,margin_detail,,
300129,泰胜风能,638581656,11876689,,2026-07-30,SZSE,margin_detail,,
300130,新国都,799497423,17220306,,2026-07-30,SZSE,margin_detail,,
300131,英唐智控,1659342447,33843314,,2026-07-30,SZSE,margin_detail,,
300133,华策影视,995673017,32996168,,2026-07-30,SZSE,margin_detail,,
300134,大富科技,210371897,5844956,,2026-07-30,SZSE,margin_detail,,
300136,信维通信,4973677975,213598228,,2026-07-30,SZSE,margin_detail,,
300139,晓程科技,767834757,115365235,,2026-07-30,SZSE,margin_detail,,
300142,沃森生物,1457879919,39744861,,2026-07-30,SZSE,margin_detail,,
300143,盈康生命,249333118,8702987,,2026-07-30,SZSE,margin_detail,,
300144,宋城演艺,820577812,16187071,,2026-07-30,SZSE,margin_detail,,
300145,南方泵业,557235578,29019196,,2026-07-30,SZSE,margin_detail,,
300146,汤臣倍健,800093377,25345802,,2026-07-30,SZSE,margin_detail,,
300149,睿智医药,174713082,19347206,,2026-07-30,SZSE,margin_detail,,
300151,昌红科技,571240403,27708801,,2026-07-30,SZSE,margin_detail,,
300153,科泰电源,260571964,7496938,,2026-07-30,SZSE,margin_detail,,
300157,新锦动力,145364414,8244755,,2026-07-30,SZSE,margin_detail,,
300158,振东制药,347616494,6174828,,2026-07-30,SZSE,margin_detail,,
300166,东方国信,936337602,37160279,,2026-07-30,SZSE,margin_detail,,
300168,万达信息,613424548,6711037,,2026-07-30,SZSE,margin_detail,,
300170,汉得信息,1315321138,42295561,,2026-07-30,SZSE,margin_detail,,
300171,东富龙,246299614,9836054,,2026-07-30,SZSE,margin_detail,,
300174,元力股份,583170047,28212383,,2026-07-30,SZSE,margin_detail,,
300177,中海达,339684872,4898116,,2026-07-30,SZSE,margin_detail,,
300179,四方达,946569479,108596728,,2026-07-30,SZSE,margin_detail,,
300180,华峰超纤,479501393,8125883,,2026-07-30,SZSE,margin_detail,,
300181,佐力药业,585264690,21973734,,2026-07-30,SZSE,margin_detail,,
300182,捷成股份,1200772178,39879794,,2026-07-30,SZSE,margin_detail,,
300183,东软载波,200206915,3993010,,2026-07-30,SZSE,margin_detail,,
300184,力源信息,1200197264,57456373,,2026-07-30,SZSE,margin_detail,,
300185,通裕重工,411124120,17970109,,2026-07-30,SZSE,margin_detail,,
300188,国投智能,379549303,15488449,,2026-07-30,SZSE,margin_detail,,
300189,神农种业,175875545,21488692,,2026-07-30,SZSE,margin_detail,,
300191,潜能恒信,416002223,91055255,,2026-07-30,SZSE,margin_detail,,
300194,福安药业,325469399,5187234,,2026-07-30,SZSE,margin_detail,,
300197,节能铁汉,164730607,13676728,,2026-07-30,SZSE,margin_detail,,
300199,翰宇药业,1525901015,62142448,,2026-07-30,SZSE,margin_detail,,
300201,海伦哲,196997611,29982002,,2026-07-30,SZSE,margin_detail,,
300203,聚光科技,353431383,5205247,,2026-07-30,SZSE,margin_detail,,
300204,舒泰神,304844554,32443330,,2026-07-30,SZSE,margin_detail,,
300207,欣旺达,1793135524,173604858,,2026-07-30,SZSE,margin_detail,,
300217,东方电热,433540608,33694288,,2026-07-30,SZSE,margin_detail,,
300219,鸿利智汇,255721960,14335471,,2026-07-30,SZSE,margin_detail,,
300222,科大智能,444771159,15290439,,2026-07-30,SZSE,margin_detail,,
300223,北京君正,3050103496,589984056,,2026-07-30,SZSE,margin_detail,,
300224,正海磁材,498337333,15667983,,2026-07-30,SZSE,margin_detail,,
300226,上海钢联,498759937,10726537,,2026-07-30,SZSE,margin_detail,,
300229,拓尔思,1034363414,11340246,,2026-07-30,SZSE,margin_detail,,
300232,洲明科技,489702835,12467816,,2026-07-30,SZSE,margin_detail,,
300233,金城医药,304226437,6297484,,2026-07-30,SZSE,margin_detail,,
300236,上海新阳,1371589418,230995987,,2026-07-30,SZSE,margin_detail,,
300244,迪安诊断,708622649,41153561,,2026-07-30,SZSE,margin_detail,,
300249,依米康,348850114,10248027,,2026-07-30,SZSE,margin_detail,,
300251,光线传媒,1261355938,29059279,,2026-07-30,SZSE,margin_detail,,
300253,卫宁健康,1038035617,30567701,,2026-07-30,SZSE,margin_detail,,
300255,常山药业,1300821933,46992704,,2026-07-30,SZSE,margin_detail,,
300257,开山股份,758721369,23624642,,2026-07-30,SZSE,margin_detail,,
300258,精锻科技,352469921,5783612,,2026-07-30,SZSE,margin_detail,,
300260,新莱应材,749339177,221987466,,2026-07-30,SZSE,margin_detail,,
300261,雅本化学,181605007,14254234,,2026-07-30,SZSE,margin_detail,,
300263,隆华科技,752985231,38550863,,2026-07-30,SZSE,margin_detail,,
300265,通光线缆,250097949,17467480,,2026-07-30,SZSE,margin_detail,,
300266,兴源环境,176038264,3327385,,2026-07-30,SZSE,margin_detail,,
300267,尔康制药,341521290,6601386,,2026-07-30,SZSE,margin_detail,,
300271,华宇软件,337027159,8332031,,2026-07-30,SZSE,margin_detail,,
300274,阳光电源,8555193207,717127826,,2026-07-30,SZSE,margin_detail,,
300276,三丰智能,267639397,11819125,,2026-07-30,SZSE,margin_detail,,
300278,华昌达,258801461,7231331,,2026-07-30,SZSE,margin_detail,,
300284,苏交科,278286070,8364348,,2026-07-30,SZSE,margin_detail,,
300285,国瓷材料,3339476918,786443737,,2026-07-30,SZSE,margin_detail,,
300287,飞利信,254588256,6928399,,2026-07-30,SZSE,margin_detail,,
300294,博雅生物,462426410,7238957,,2026-07-30,SZSE,margin_detail,,
300296,利亚德,1053563816,21390444,,2026-07-30,SZSE,margin_detail,,
300298,三诺生物,241707391,9355654,,2026-07-30,SZSE,margin_detail,,
300299,富春股份,237720582,9017512,,2026-07-30,SZSE,margin_detail,,
300300,海峡创新,116034859,11831063,,2026-07-30,SZSE,margin_detail,,
300302,同有科技,846172960,36860907,,2026-07-30,SZSE,margin_detail,,
300303,聚飞光电,1122795547,33466940,,2026-07-30,SZSE,margin_detail,,
300308,中际旭创,36215969187,6113186656,,2026-07-30,SZSE,margin_detail,,
300310,宜通世纪,242143019,11045774,,2026-07-30,SZSE,margin_detail,,
300315,掌趣科技,975875661,31588835,,2026-07-30,SZSE,margin_detail,,
300316,晶盛机电,1315972782,54392456,,2026-07-30,SZSE,margin_detail,,
300319,麦捷科技,951653462,125209067,,2026-07-30,SZSE,margin_detail,,
300320,海达股份,308458767,4194522,,2026-07-30,SZSE,margin_detail,,
300322,硕贝德,618356184,16647207,,2026-07-30,SZSE,margin_detail,,
300323,华灿光电,1366682722,45589452,,2026-07-30,SZSE,margin_detail,,
300324,旋极信息,446690064,8200566,,2026-07-30,SZSE,margin_detail,,
300327,中颖电子,434984941,17943076,,2026-07-30,SZSE,margin_detail,,
300328,宜安科技,667773168,94998837,,2026-07-30,SZSE,margin_detail,,
300331,苏大维格,738105249,67388034,,2026-07-30,SZSE,margin_detail,,
300332,天壕能源,194575011,7934489,,2026-07-30,SZSE,margin_detail,,
300333,兆日科技,147375601,10962867,,2026-07-30,SZSE,margin_detail,,
300337,银邦股份,453305058,11386558,,2026-07-30,SZSE,margin_detail,,
300339,润和软件,2064177447,39410017,,2026-07-30,SZSE,margin_detail,,
300342,天银机电,1073659567,18519441,,2026-07-30,SZSE,margin_detail,,
300346,南大光电,2513873001,285395109,,2026-07-30,SZSE,margin_detail,,
300347,泰格医药,765361435,80651508,,2026-07-30,SZSE,margin_detail,,
300348,长亮科技,481872908,10992875,,2026-07-30,SZSE,margin_detail,,
300349,金卡智能,367134079,9575234,,2026-07-30,SZSE,margin_detail,,
300351,永贵电器,334571350,14095330,,2026-07-30,SZSE,margin_detail,,
300353,东土科技,1041240795,9602186,,2026-07-30,SZSE,margin_detail,,
300355,蒙草生态,375961236,12543916,,2026-07-30,SZSE,margin_detail,,
300357,我武生物,499462192,15590623,,2026-07-30,SZSE,margin_detail,,
300358,楚天科技,303344803,31499573,,2026-07-30,SZSE,margin_detail,,
300360,炬华科技,310857472,9215993,,2026-07-30,SZSE,margin_detail,,
300363,博腾股份,373118052,38902202,,2026-07-30,SZSE,margin_detail,,
300364,中文在线,914069636,65577655,,2026-07-30,SZSE,margin_detail,,
300369,绿盟科技,273235046,47951518,,2026-07-30,SZSE,margin_detail,,
300373,扬杰科技,1575521633,172984037,,2026-07-30,SZSE,margin_detail,,
300377,赢时胜,751560629,48625458,,2026-07-30,SZSE,margin_detail,,
300378,鼎捷数智,611167592,17137107,,2026-07-30,SZSE,margin_detail,,
300382,斯莱克,564187011,27623442,,2026-07-30,SZSE,margin_detail,,
300383,光环新网,1390251515,61550412,,2026-07-30,SZSE,margin_detail,,
300390,天华新能,2225545380,179560269,,2026-07-30,SZSE,margin_detail,,
300393,中来股份,540977196,9854506,,2026-07-30,SZSE,margin_detail,,
300394,天孚通信,7196202027,447463354,,2026-07-30,SZSE,margin_detail,,
300395,菲利华,2904844916,78243208,,2026-07-30,SZSE,margin_detail,,
300397,天和防务,285278124,9835315,,2026-07-30,SZSE,margin_detail,,
300398,飞凯材料,1596784955,137702043,,2026-07-30,SZSE,margin_detail,,
300401,花园生物,386672195,34200340,,2026-07-30,SZSE,margin_detail,,
300403,汉宇集团,373711702,12792986,,2026-07-30,SZSE,margin_detail,,
300406,九强生物,186207760,3777141,,2026-07-30,SZSE,margin_detail,,
300408,三环集团,3712534849,786905693,,2026-07-30,SZSE,margin_detail,,
300409,道氏技术,984245808,44538517,,2026-07-30,SZSE,margin_detail,,
300413,芒果超媒,785628334,28584967,,2026-07-30,SZSE,margin_detail,,
300414,中光防雷,135202302,25732242,,2026-07-30,SZSE,margin_detail,,
300415,伊之密,356982423,7890325,,2026-07-30,SZSE,margin_detail,,
300416,苏试试验,520197710,23411419,,2026-07-30,SZSE,margin_detail,,
300418,昆仑万维,3443804546,190433010,,2026-07-30,SZSE,margin_detail,,
300428,立中集团,325914870,25169321,,2026-07-30,SZSE,margin_detail,,
300429,强力新材,362165538,33622453,,2026-07-30,SZSE,margin_detail,,
300432,富临精工,502087254,34392666,,2026-07-30,SZSE,margin_detail,,
300433,蓝思科技,6734176455,341743716,,2026-07-30,SZSE,margin_detail,,
300436,广生堂,454708660,20446095,,2026-07-30,SZSE,margin_detail,,
300437,清水源,65522492,7276978,,2026-07-30,SZSE,margin_detail,,
300438,鹏辉能源,810783270,133396095,,2026-07-30,SZSE,margin_detail,,
300442,润泽科技,3443432589,122112195,,2026-07-30,SZSE,margin_detail,,
300443,金雷股份,330101860,8778214,,2026-07-30,SZSE,margin_detail,,
300450,先导智能,2998725656,117901406,,2026-07-30,SZSE,margin_detail,,
300451,创业慧康,479054676,5356561,,2026-07-30,SZSE,margin_detail,,
300454,深信服,1485236576,170019349,,2026-07-30,SZSE,margin_detail,,
300455,航天智装,477150061,8853355,,2026-07-30,SZSE,margin_detail,,
300456,赛微电子,1736152935,51307102,,2026-07-30,SZSE,margin_detail,,
300457,赢合科技,919913763,24058323,,2026-07-30,SZSE,margin_detail,,
300458,全志科技,1636638535,424742999,,2026-07-30,SZSE,margin_detail,,
300459,汤姆猫,596940961,25520126,,2026-07-30,SZSE,margin_detail,,
300463,迈克生物,242725343,4843814,,2026-07-30,SZSE,margin_detail,,
300468,四方精创,883501584,54168739,,2026-07-30,SZSE,margin_detail,,
300469,信息发展,1241880387,45204428,,2026-07-30,SZSE,margin_detail,,
300471,厚普股份,176309659,4102221,,2026-07-30,SZSE,margin_detail,,
300474,景嘉微,1289296751,36168447,,2026-07-30,SZSE,margin_detail,,
300475,香农芯创,4646717459,327584437,,2026-07-30,SZSE,margin_detail,,
300476,胜宏科技,17067727643,995576678,,2026-07-30,SZSE,margin_detail,,
300479,神思电子,195779562,4419606,,2026-07-30,SZSE,margin_detail,,
300481,濮阳惠成,316881075,14631583,,2026-07-30,SZSE,margin_detail,,
300482,万孚生物,345801443,12268297,,2026-07-30,SZSE,margin_detail,,
300484,蓝海华腾,190070013,4033091,,2026-07-30,SZSE,margin_detail,,
300487,蓝晓科技,353057377,27203124,,2026-07-30,SZSE,margin_detail,,
300492,华图山鼎,178569736,18989378,,2026-07-30,SZSE,margin_detail,,
300493,润欣科技,443206292,10588320,,2026-07-30,SZSE,margin_detail,,
300496,中科创达,1786785055,56064253,,2026-07-30,SZSE,margin_detail,,
300497,富祥股份,525684886,55188438,,2026-07-30,SZSE,margin_detail,,
300498,温氏股份,816555936,34055230,,2026-07-30,SZSE,margin_detail,,
300499,高澜股份,807024206,24299986,,2026-07-30,SZSE,margin_detail,,
300502,新易盛,23029561885,2478357587,,2026-07-30,SZSE,margin_detail,,
300503,昊志机电,807057000,82241287,,2026-07-30,SZSE,margin_detail,,
300505,川金诺,376286210,66965930,,2026-07-30,SZSE,margin_detail,,
300507,苏奥传感,442855674,4019875,,2026-07-30,SZSE,margin_detail,,
300518,新迅达,332604879,15253314,,2026-07-30,SZSE,margin_detail,,
300520,科大国创,584478370,24010443,,2026-07-30,SZSE,margin_detail,,
300525,博思软件,483612987,10202742,,2026-07-30,SZSE,margin_detail,,
300529,健帆生物,525603006,9136472,,2026-07-30,SZSE,margin_detail,,
300548,长芯博创,2207321097,142657793,,2026-07-30,SZSE,margin_detail,,
300558,贝达药业,696853019,48280725,,2026-07-30,SZSE,margin_detail,,
300563,神宇股份,227788841,6437753,,2026-07-30,SZSE,margin_detail,,
300566,激智科技,422702220,85352261,,2026-07-30,SZSE,margin_detail,,
300567,精测电子,986685018,255062084,,2026-07-30,SZSE,margin_detail,,
300568,星源材质,903947698,72104601,,2026-07-30,SZSE,margin_detail,,
300569,天能重工,337901507,6137391,,2026-07-30,SZSE,margin_detail,,
300570,太辰光,1259035456,115753507,,2026-07-30,SZSE,margin_detail,,
300573,兴齐眼药,927565974,46557921,,2026-07-30,SZSE,margin_detail,,
300576,容大感光,509270677,58686804,,2026-07-30,SZSE,margin_detail,,
300579,数字认证,161840882,5869035,,2026-07-30,SZSE,margin_detail,,
300581,晨曦航空,122658575,6911007,,2026-07-30,SZSE,margin_detail,,
300586,美联新材,385176029,14863081,,2026-07-30,SZSE,margin_detail,,
300587,天铁科技,338287327,14303613,,2026-07-30,SZSE,margin_detail,,
300589,江龙船艇,181663658,20168918,,2026-07-30,SZSE,margin_detail,,
300593,新雷能,491065364,37369675,,2026-07-30,SZSE,margin_detail,,
300595,欧普康视,480259432,12183999,,2026-07-30,SZSE,margin_detail,,
300596,利安隆,233666417,11238211,,2026-07-30,SZSE,margin_detail,,
300598,诚迈科技,389818003,8410509,,2026-07-30,SZSE,margin_detail,,
300601,康泰生物,627148166,14441662,,2026-07-30,SZSE,margin_detail,,
300602,飞荣达,653960745,61970565,,2026-07-30,SZSE,margin_detail,,
300604,长川科技,3129054865,581423195,,2026-07-30,SZSE,margin_detail,,
300607,拓斯达,507952144,56396108,,2026-07-30,SZSE,margin_detail,,
300612,宣亚国际,137787534,5161963,,2026-07-30,SZSE,margin_detail,,
300613,富瀚微,572382322,68423123,,2026-07-30,SZSE,margin_detail,,
300614,百川畅银,43687490,2116310,,2026-07-30,SZSE,margin_detail,,
300618,寒锐钴业,694203386,20551759,,2026-07-30,SZSE,margin_detail,,
300620,光库科技,1396226519,95942318,,2026-07-30,SZSE,margin_detail,,
300623,捷捷微电,905408229,41039029,,2026-07-30,SZSE,margin_detail,,
300624,万兴科技,533276724,22372142,,2026-07-30,SZSE,margin_detail,,
300627,华测导航,647143382,26319662,,2026-07-30,SZSE,margin_detail,,
300628,亿联网络,358124304,42328246,,2026-07-30,SZSE,margin_detail,,
300629,新劲刚,506479425,6480837,,2026-07-30,SZSE,margin_detail,,
300633,开立医疗,168378765,7120070,,2026-07-30,SZSE,margin_detail,,
300634,彩讯股份,581568329,10985760,,2026-07-30,SZSE,margin_detail,,
300638,广和通,827330319,42150410,,2026-07-30,SZSE,margin_detail,,
300639,凯普生物,84767937,7879672,,2026-07-30,SZSE,margin_detail,,
300641,正丹股份,307336019,8145876,,2026-07-30,SZSE,margin_detail,,
300648,星云股份,661423534,5394844,,2026-07-30,SZSE,margin_detail,,
300653,正海生物,132797592,3352949,,2026-07-30,SZSE,margin_detail,,
300655,晶瑞电材,869221351,79761171,,2026-07-30,SZSE,margin_detail,,
300657,弘信电子,1593835004,79227374,,2026-07-30,SZSE,margin_detail,,
300660,江苏雷利,508699285,11140496,,2026-07-30,SZSE,margin_detail,,
300661,圣邦股份,546266021,138979966,,2026-07-30,SZSE,margin_detail,,
300663,科蓝软件,334472298,64341175,,2026-07-30,SZSE,margin_detail,,
300666,江丰电子,1706288755,255941796,,2026-07-30,SZSE,margin_detail,,
300671,富满微,469699736,52867881,,2026-07-30,SZSE,margin_detail,,
300672,国科微,2622843046,137148807,,2026-07-30,SZSE,margin_detail,,
300674,宇信科技,805478267,22636408,,2026-07-30,SZSE,margin_detail,,
300676,华大基因,811015994,15145153,,2026-07-30,SZSE,margin_detail,,
300677,英科医疗,334606569,45232824,,2026-07-30,SZSE,margin_detail,,
300678,中科信息,299620304,27551540,,2026-07-30,SZSE,margin_detail,,
300679,电连技术,1614266080,58079996,,2026-07-30,SZSE,margin_detail,,
300681,英搏尔,433798934,17704413,,2026-07-30,SZSE,margin_detail,,
300682,朗新科技,633016092,17959409,,2026-07-30,SZSE,margin_detail,,
300684,中石科技,225909991,51799905,,2026-07-30,SZSE,margin_detail,,
300685,艾德生物,272475639,8320034,,2026-07-30,SZSE,margin_detail,,
300687,赛意信息,439994820,21558487,,2026-07-30,SZSE,margin_detail,,
300690,双一科技,176306855,5223544,,2026-07-30,SZSE,margin_detail,,
300691,联合光电,168122105,4269994,,2026-07-30,SZSE,margin_detail,,
300693,盛弘股份,419226310,33480945,,2026-07-30,SZSE,margin_detail,,
300696,爱乐达,300908260,4615472,,2026-07-30,SZSE,margin_detail,,
300699,光威复材,983836555,26008862,,2026-07-30,SZSE,margin_detail,,
300700,岱勒新材,420289543,22899243,,2026-07-30,SZSE,margin_detail,,
300709,精研科技,567219884,43485718,,2026-07-30,SZSE,margin_detail,,
300712,永福股份,203234976,1076269,,2026-07-30,SZSE,margin_detail,,
300718,长盛轴承,598026238,30828358,,2026-07-30,SZSE,margin_detail,,
300720,海川智能,150768274,53730862,,2026-07-30,SZSE,margin_detail,,
300722,新余国科,143001785,2142615,,2026-07-30,SZSE,margin_detail,,
300723,一品红,453406160,30457200,,2026-07-30,SZSE,margin_detail,,
300724,捷佳伟创,2050512162,44144594,,2026-07-30,SZSE,margin_detail,,
300725,药石科技,618753839,45653981,,2026-07-30,SZSE,margin_detail,,
300726,宏达电子,570343586,53040206,,2026-07-30,SZSE,margin_detail,,
300735,光弘科技,944832992,20946317,,2026-07-30,SZSE,margin_detail,,
300737,科顺股份,259449534,9455930,,2026-07-30,SZSE,margin_detail,,
300738,奥飞数据,1341044433,140305686,,2026-07-30,SZSE,margin_detail,,
300739,明阳电路,425802638,11307115,,2026-07-30,SZSE,margin_detail,,
300740,水羊股份,500656401,76699562,,2026-07-30,SZSE,margin_detail,,
300741,华宝股份,98174342,2974151,,2026-07-30,SZSE,margin_detail,,
300745,欣锐科技,317208178,16872300,,2026-07-30,SZSE,margin_detail,,
300747,锐科激光,797319716,41347067,,2026-07-30,SZSE,margin_detail,,
300748,金力永磁,1218751636,35573467,,2026-07-30,SZSE,margin_detail,,
300750,宁德时代,22595539103,964454160,,2026-07-30,SZSE,margin_detail,new_energy,新能源
300751,迈为股份,1054216278,64581872,,2026-07-30,SZSE,margin_detail,,
300755,华致酒行,99343441,4362023,,2026-07-30,SZSE,margin_detail,,
300757,罗博特科,4558632913,273068982,,2026-07-30,SZSE,margin_detail,,
300759,康龙化成,859329779,132493012,,2026-07-30,SZSE,margin_detail,,
300760,迈瑞医疗,5480512881,122787137,,2026-07-30,SZSE,margin_detail,healthcare,医药医疗
300761,立华股份,182598874,6291341,,2026-07-30,SZSE,margin_detail,,
300762,上海瀚讯,1639440066,43650137,,2026-07-30,SZSE,margin_detail,,
300763,锦浪科技,788956552,43955654,,2026-07-30,SZSE,margin_detail,,
300765,石药创新,503025595,61508780,,2026-07-30,SZSE,margin_detail,,
300766,每日互动,655689644,29020195,,2026-07-30,SZSE,margin_detail,,
300767,震安科技,214542567,6550007,,2026-07-30,SZSE,margin_detail,,
300768,迪普科技,314174034,21988185,,2026-07-30,SZSE,margin_detail,,
300769,德方纳米,931580169,61577262,,2026-07-30,SZSE,margin_detail,,
300770,新媒股份,317401794,6481121,,2026-07-30,SZSE,margin_detail,,
300772,运达股份,387453333,14551503,,2026-07-30,SZSE,margin_detail,,
300773,拉卡拉,1020439921,55038695,,2026-07-30,SZSE,margin_detail,,
300774,倍杰特,84194340,7743230,,2026-07-30,SZSE,margin_detail,,
300775,三角防务,850158153,22428778,,2026-07-30,SZSE,margin_detail,,
300776,帝尔激光,776004515,94533550,,2026-07-30,SZSE,margin_detail,,
300777,中简科技,1031982474,16232610,,2026-07-30,SZSE,margin_detail,,
300779,惠城环保,1392296450,167919720,,2026-07-30,SZSE,margin_detail,,
300781,因赛集团,152492171,5896810,,2026-07-30,SZSE,margin_detail,,
300782,卓胜微,1878669483,62641624,,2026-07-30,SZSE,margin_detail,,
300784,利安科技,62190268,3911260,,2026-07-30,SZSE,margin_detail,,
300790,宇瞳光学,76131348,14531298,,2026-07-30,SZSE,margin_detail,,
300803,指南针,3425580771,222663292,,2026-07-30,SZSE,margin_detail,,
300804,广康生化,61903469,4455598,,2026-07-30,SZSE,margin_detail,,
300806,斯迪克,355057352,115476578,,2026-07-30,SZSE,margin_detail,,
300811,铂科新材,1089802412,53843498,,2026-07-30,SZSE,margin_detail,,
300814,中富电路,428079887,46532593,,2026-07-30,SZSE,margin_detail,,
300820,英杰电气,154216399,18862501,,2026-07-30,SZSE,margin_detail,,
300821,东岳硅材,485558451,58277746,,2026-07-30,SZSE,margin_detail,,
300825,阿尔特,491231719,35331043,,2026-07-30,SZSE,margin_detail,,
300827,上能电气,556221558,17198442,,2026-07-30,SZSE,margin_detail,,
300832,新产业,879855128,15547227,,2026-07-30,SZSE,margin_detail,,
300834,星辉环材,245388803,5039959,,2026-07-30,SZSE,margin_detail,,
300835,龙磁科技,217362230,23753909,,2026-07-30,SZSE,margin_detail,,
300841,康华生物,648532435,7573757,,2026-07-30,SZSE,margin_detail,,
300842,帝科股份,667712103,19007015,,2026-07-30,SZSE,margin_detail,,
300843,胜蓝股份,154752788,74033220,,2026-07-30,SZSE,margin_detail,,
300844,山水比德,69684228,1597114,,2026-07-30,SZSE,margin_detail,,
300846,首都在线,763444831,30464780,,2026-07-30,SZSE,margin_detail,,
300850,新强联,490246731,38503219,,2026-07-30,SZSE,margin_detail,,
300854,中兰环保,87454755,4994326,,2026-07-30,SZSE,margin_detail,,
300855,图南股份,247745068,7481040,,2026-07-30,SZSE,margin_detail,,
300856,科思股份,130470968,3141558,,2026-07-30,SZSE,margin_detail,,
300857,协创数据,7198598981,445457220,,2026-07-30,SZSE,margin_detail,,
300860,锋尚文化,232982545,3121629,,2026-07-30,SZSE,margin_detail,,
300861,美畅股份,340702916,24079871,,2026-07-30,SZSE,margin_detail,,
300862,蓝盾光电,270582480,0,,2026-07-30,SZSE,margin_detail,,
300863,卡倍亿,410018946,18804151,,2026-07-30,SZSE,margin_detail,,
300864,南大环境,85452277,1750638,,2026-07-30,SZSE,margin_detail,,
300865,大宏立,45927116,1881422,,2026-07-30,SZSE,margin_detail,,
300866,安克创新,267160141,27255141,,2026-07-30,SZSE,margin_detail,,
300867,圣元环保,300950008,5727044,,2026-07-30,SZSE,margin_detail,,
300868,杰美特,351050630,32513543,,2026-07-30,SZSE,margin_detail,,
300869,康泰医学,124813715,5179497,,2026-07-30,SZSE,margin_detail,,
300870,欧陆通,910098148,185435257,,2026-07-30,SZSE,margin_detail,,
300871,回盛生物,197078843,9724624,,2026-07-30,SZSE,margin_detail,,
300872,天阳科技,740034523,7409118,,2026-07-30,SZSE,margin_detail,,
300873,海晨股份,138096132,21140338,,2026-07-30,SZSE,margin_detail,,
300875,捷强装备,113992749,58599225,,2026-07-30,SZSE,margin_detail,,
300876,蒙泰高新,79951687,2703637,,2026-07-30,SZSE,margin_detail,,
300877,金春股份,101186468,7734677,,2026-07-30,SZSE,margin_detail,,
300878,维康药业,65068279,4736433,,2026-07-30,SZSE,margin_detail,,
300879,大叶股份,176130099,2106535,,2026-07-30,SZSE,margin_detail,,
300880,迦南智能,150602786,3693582,,2026-07-30,SZSE,margin_detail,,
300881,盛德鑫泰,99828960,2766445,,2026-07-30,SZSE,margin_detail,,
300882,万胜智能,100809953,3489283,,2026-07-30,SZSE,margin_detail,,
300883,龙利得,156826748,5400362,,2026-07-30,SZSE,margin_detail,,
300884,狄耐克,126905498,7153127,,2026-07-30,SZSE,margin_detail,,
300885,海昌新材,174067795,4201394,,2026-07-30,SZSE,margin_detail,,
300886,华业香料,85077238,3239021,,2026-07-30,SZSE,margin_detail,,
300887,谱尼测试,93167970,6739385,,2026-07-30,SZSE,margin_detail,,
300888,稳健医疗,337593214,10101308,,2026-07-30,SZSE,margin_detail,,
300889,爱克股份,201405248,4917273,,2026-07-30,SZSE,margin_detail,,
300890,翔丰华,347794500,10861908,,2026-07-30,SZSE,margin_detail,,
300891,惠云钛业,116317039,9154137,,2026-07-30,SZSE,margin_detail,,
300892,品渥食品,43047414,19484790,,2026-07-30,SZSE,margin_detail,,
300893,松原安全,82664066,3899675,,2026-07-30,SZSE,margin_detail,,
300894,火星人,132590956,3963263,,2026-07-30,SZSE,margin_detail,,
300895,铜牛信息,305353670,16472661,,2026-07-30,SZSE,margin_detail,,
300896,爱美客,1019267766,68987508,,2026-07-30,SZSE,margin_detail,,
300897,山科智能,72470242,9121319,,2026-07-30,SZSE,margin_detail,,
300898,熊猫乳品,104940736,28591912,,2026-07-30,SZSE,margin_detail,,
300899,上海凯鑫,22448203,1007734,,2026-07-30,SZSE,margin_detail,,
300900,广联航空,455101643,12402802,,2026-07-30,SZSE,margin_detail,,
300901,中胤时尚,122595026,10446504,,2026-07-30,SZSE,margin_detail,,
300902,国安达,95398758,4746728,,2026-07-30,SZSE,margin_detail,,
300903,科翔股份,2904125183,105041856,,2026-07-30,SZSE,margin_detail,,
300904,威力传动,53485785,6875562,,2026-07-30,SZSE,margin_detail,,
300905,宝丽迪,290532462,12524345,,2026-07-30,SZSE,margin_detail,,
300906,日月明,83342950,9464297,,2026-07-30,SZSE,margin_detail,,
300907,康平科技,100665163,4509171,,2026-07-30,SZSE,margin_detail,,
300908,仲景食品,86464413,7356185,,2026-07-30,SZSE,margin_detail,,
300909,汇创达,482072941,15834901,,2026-07-30,SZSE,margin_detail,,
300910,瑞丰新材,237973295,19763377,,2026-07-30,SZSE,margin_detail,,
300911,亿田智能,196634925,21032403,,2026-07-30,SZSE,margin_detail,,
300912,凯龙高科,121778000,8434826,,2026-07-30,SZSE,margin_detail,,
300913,兆龙互连,313901631,14641189,,2026-07-30,SZSE,margin_detail,,
300915,海融科技,105239922,3415802,,2026-07-30,SZSE,margin_detail,,
300916,朗特智能,127590413,6411393,,2026-07-30,SZSE,margin_detail,,
300917,特发服务,218324854,26904923,,2026-07-30,SZSE,margin_detail,,
300918,南山智尚,228011352,4109277,,2026-07-30,SZSE,margin_detail,,
300919,中伟新材,959684021,33521754,,2026-07-30,SZSE,margin_detail,,
300920,润阳科技,149918662,1736141,,2026-07-30,SZSE,margin_detail,,
300921,南凌科技,106468880,5549728,,2026-07-30,SZSE,margin_detail,,
300922,天秦装备,149249071,6424230,,2026-07-30,SZSE,margin_detail,,
300923,研奥股份,41621284,2915515,,2026-07-30,SZSE,margin_detail,,
300925,法本信息,473209129,9819016,,2026-07-30,SZSE,margin_detail,,
300926,博俊科技,187516590,6877689,,2026-07-30,SZSE,margin_detail,,
300927,江天化学,97786819,5513741,,2026-07-30,SZSE,margin_detail,,
300928,华安鑫创,177867726,2053511,,2026-07-30,SZSE,margin_detail,,
300929,华骐环保,46416043,4861557,,2026-07-30,SZSE,margin_detail,,
300930,屹通新材,41183703,3356658,,2026-07-30,SZSE,margin_detail,,
300931,通用电梯,276195753,2286360,,2026-07-30,SZSE,margin_detail,,
300932,三友联众,171267625,8154260,,2026-07-30,SZSE,margin_detail,,
300933,中辰股份,210484194,36186678,,2026-07-30,SZSE,margin_detail,,
300935,盈建科,107823224,9574501,,2026-07-30,SZSE,margin_detail,,
300936,中英科技,241572990,16940985,,2026-07-30,SZSE,margin_detail,,
300937,药易购,128734612,15391292,,2026-07-30,SZSE,margin_detail,,
300938,信测标准,769769304,31356710,,2026-07-30,SZSE,margin_detail,,
300939,秋田微,317316992,13112948,,2026-07-30,SZSE,margin_detail,,
300940,南极光,198327170,12089342,,2026-07-30,SZSE,margin_detail,,
300941,创识科技,140661917,3065427,,2026-07-30,SZSE,margin_detail,,
300942,易瑞生物,74162187,5800578,,2026-07-30,SZSE,margin_detail,,
300943,春晖智控,332913313,19088920,,2026-07-30,SZSE,margin_detail,,
300945,曼卡龙,113209132,7419384,,2026-07-30,SZSE,margin_detail,,
300946,恒而达,155167460,3456759,,2026-07-30,SZSE,margin_detail,,
300947,德必集团,59773651,3401072,,2026-07-30,SZSE,margin_detail,,
300948,冠中生态,174543152,5540846,,2026-07-30,SZSE,margin_detail,,
300949,奥雅股份,34009699,2064190,,2026-07-30,SZSE,margin_detail,,
300950,德固特,84029642,3625347,,2026-07-30,SZSE,margin_detail,,
300951,博硕科技,155566401,32894442,,2026-07-30,SZSE,margin_detail,,
300952,恒辉安防,142528608,4570583,,2026-07-30,SZSE,margin_detail,,
300953,震裕科技,1123836749,33717291,,2026-07-30,SZSE,margin_detail,,
300955,嘉亨家化,100291337,0,,2026-07-30,SZSE,margin_detail,,
300956,英力股份,131922803,6897133,,2026-07-30,SZSE,margin_detail,,
300957,贝泰妮,478838837,23857969,,2026-07-30,SZSE,margin_detail,,
300958,建工修复,65929338,8564664,,2026-07-30,SZSE,margin_detail,,
300959,线上线下,407472008,12618437,,2026-07-30,SZSE,margin_detail,,
300960,通业科技,36508759,2073851,,2026-07-30,SZSE,margin_detail,,
300961,深水海纳,60547488,4723576,,2026-07-30,SZSE,margin_detail,,
300962,中金辐照,206760252,1290958,,2026-07-30,SZSE,margin_detail,,
300963,中洲特材,188638928,14918190,,2026-07-30,SZSE,margin_detail,,
300964,本川智能,230199557,21293165,,2026-07-30,SZSE,margin_detail,,
300965,恒宇信通,40773962,5892057,,2026-07-30,SZSE,margin_detail,,
300966,共同药业,92958990,3200241,,2026-07-30,SZSE,margin_detail,,
300967,晓鸣股份,90480147,4897432,,2026-07-30,SZSE,margin_detail,,
300968,格林精密,145956916,20266175,,2026-07-30,SZSE,margin_detail,,
300969,恒帅股份,154041740,10158581,,2026-07-30,SZSE,margin_detail,,
300970,华绿生物,91030235,8235546,,2026-07-30,SZSE,margin_detail,,
300971,博亚精工,74655037,5129008,,2026-07-30,SZSE,margin_detail,,
300972,万辰集团,319879206,40350832,,2026-07-30,SZSE,margin_detail,,
300973,立高食品,145902802,10512689,,2026-07-30,SZSE,margin_detail,,
300975,商络电子,813365138,79892660,,2026-07-30,SZSE,margin_detail,,
300976,达瑞电子,260344883,18863645,,2026-07-30,SZSE,margin_detail,,
300977,深圳瑞捷,65692042,2605741,,2026-07-30,SZSE,margin_detail,,
300978,东箭科技,150021402,1987515,,2026-07-30,SZSE,margin_detail,,
300979,华利集团,120156506,4082073,,2026-07-30,SZSE,margin_detail,,
300980,祥源新材,206608238,7475581,,2026-07-30,SZSE,margin_detail,,
300981,中红医疗,105171157,3080145,,2026-07-30,SZSE,margin_detail,,
300982,苏文电能,93359264,4404506,,2026-07-30,SZSE,margin_detail,,
300983,尤安设计,124453686,3740167,,2026-07-30,SZSE,margin_detail,,
300984,金沃股份,267703938,28246172,,2026-07-30,SZSE,margin_detail,,
300985,致远新能,108636600,12886733,,2026-07-30,SZSE,margin_detail,,
300986,志特新材,364091650,11780279,,2026-07-30,SZSE,margin_detail,,
300987,川网传媒,108718033,4316094,,2026-07-30,SZSE,margin_detail,,
300988,津荣天宇,155829315,10371823,,2026-07-30,SZSE,margin_detail,,
300989,蕾奥规划,285816084,3652539,,2026-07-30,SZSE,margin_detail,,
300990,同飞股份,177228633,36055763,,2026-07-30,SZSE,margin_detail,,
300991,创益通,323206680,3773023,,2026-07-30,SZSE,margin_detail,,
300992,泰福泵业,91364041,1873147,,2026-07-30,SZSE,margin_detail,,
300993,玉马科技,178776835,2159864,,2026-07-30,SZSE,margin_detail,,
300994,久祺股份,87159548,1025095,,2026-07-30,SZSE,margin_detail,,
300995,奇德新材,80127378,1644442,,2026-07-30,SZSE,margin_detail,,
300996,普联软件,273252430,0,,2026-07-30,SZSE,margin_detail,,
300997,欢乐家,74904043,13374031,,2026-07-30,SZSE,margin_detail,,
300998,宁波方正,194662613,9923233,,2026-07-30,SZSE,margin_detail,,
300999,金龙鱼,974380324,15601583,,2026-07-30,SZSE,margin_detail,,
301000,肇民科技,207173393,5056856,,2026-07-30,SZSE,margin_detail,,
301001,凯淳股份,29158944,2768734,,2026-07-30,SZSE,margin_detail,,
301002,崧盛股份,193698345,5542894,,2026-07-30,SZSE,margin_detail,,
301003,江苏博云,298648626,10907196,,2026-07-30,SZSE,margin_detail,,
301004,嘉益股份,51727193,2620295,,2026-07-30,SZSE,margin_detail,,
301005,超捷股份,527613797,18382331,,2026-07-30,SZSE,margin_detail,,
301006,迈拓股份,36687657,3227477,,2026-07-30,SZSE,margin_detail,,
301007,德迈仕,357602241,9335718,,2026-07-30,SZSE,margin_detail,,
301008,宏昌科技,142350643,11585876,,2026-07-30,SZSE,margin_detail,,
301009,可靠股份,62175934,3541685,,2026-07-30,SZSE,margin_detail,,
301010,晶雪节能,36590570,3470488,,2026-07-30,SZSE,margin_detail,,
301011,华立科技,72838346,3105427,,2026-07-30,SZSE,margin_detail,,
301012,扬电科技,282242044,38522991,,2026-07-30,SZSE,margin_detail,,
301013,利和兴,525659777,118679140,,2026-07-30,SZSE,margin_detail,,
301015,百洋医药,423218441,8705879,,2026-07-30,SZSE,margin_detail,,
301016,雷尔伟,160882872,1300888,,2026-07-30,SZSE,margin_detail,,
301017,漱玉平民,127465856,2298138,,2026-07-30,SZSE,margin_detail,,
301018,申菱环境,984845021,214191582,,2026-07-30,SZSE,margin_detail,,
301019,宁波色母,122795722,5007759,,2026-07-30,SZSE,margin_detail,,
301020,密封科技,75297853,3349976,,2026-07-30,SZSE,margin_detail,,
301021,英诺激光,541515584,65455095,,2026-07-30,SZSE,margin_detail,,
301022,海泰科,100334127,3592201,,2026-07-30,SZSE,margin_detail,,
301023,奕帆传动,132784428,1954516,,2026-07-30,SZSE,margin_detail,,
301024,霍普股份,29706523,2293091,,2026-07-30,SZSE,margin_detail,,
301025,读客文化,75457296,15728440,,2026-07-30,SZSE,margin_detail,,
301026,浩通科技,167604515,6469901,,2026-07-30,SZSE,margin_detail,,
301027,华蓝集团,204119300,7840402,,2026-07-30,SZSE,margin_detail,,
301028,鼎熔岩,96714693,9449987,,2026-07-30,SZSE,margin_detail,,
301029,怡合达,402925512,24904278,,2026-07-30,SZSE,margin_detail,,
301031,中熔电气,329560942,7816476,,2026-07-30,SZSE,margin_detail,,
301032,新柴股份,71024376,1353228,,2026-07-30,SZSE,margin_detail,,
301033,迈普医学,81608453,13711856,,2026-07-30,SZSE,margin_detail,,
301035,润丰股份,179621284,6371930,,2026-07-30,SZSE,margin_detail,,
301036,双乐股份,86248782,2754838,,2026-07-30,SZSE,margin_detail,,
301037,保立佳,14818736,1660043,,2026-07-30,SZSE,margin_detail,,
301038,深水规院,73522148,4674338,,2026-07-30,SZSE,margin_detail,,
301039,中集车辆,221164388,24948522,,2026-07-30,SZSE,margin_detail,,
301040,中环海陆,121786361,3300815,,2026-07-30,SZSE,margin_detail,,
301041,金百泽,171199496,7679361,,2026-07-30,SZSE,margin_detail,,
301042,安联锐视,358344576,19272747,,2026-07-30,SZSE,margin_detail,,
301043,绿岛风,66851087,1272144,,2026-07-30,SZSE,margin_detail,,
301045,天禄科技,148217170,17239640,,2026-07-30,SZSE,margin_detail,,
301046,能辉科技,168915952,5449876,,2026-07-30,SZSE,margin_detail,,
301047,义翘神州,222846269,9124930,,2026-07-30,SZSE,margin_detail,,
301048,金鹰重工,106855323,3424203,,2026-07-30,SZSE,margin_detail,,
301049,超越科技,27024949,1686839,,2026-07-30,SZSE,margin_detail,,
301050,雷电微力,617372311,11161312,,2026-07-30,SZSE,margin_detail,,
301051,信濠光电,176453587,5914115,,2026-07-30,SZSE,margin_detail,,
301052,果麦文化,175818474,10480602,,2026-07-30,SZSE,margin_detail,,
301053,远信工业,219642157,11015738,,2026-07-30,SZSE,margin_detail,,
301055,张小泉,161799826,8160269,,2026-07-30,SZSE,margin_detail,,
301056,森赫股份,64071791,2687875,,2026-07-30,SZSE,margin_detail,,
301057,汇隆新材,144749173,5055521,,2026-07-30,SZSE,margin_detail,,
301058,中粮科工,199135621,1488845,,2026-07-30,SZSE,margin_detail,,
301059,金三江,48244922,1860333,,2026-07-30,SZSE,margin_detail,,
301060,兰卫医学,84362355,3187290,,2026-07-30,SZSE,margin_detail,,
301061,匠心家居,49743753,13233433,,2026-07-30,SZSE,margin_detail,,
301062,上海艾录,164176800,3093770,,2026-07-30,SZSE,margin_detail,,
301063,海锅股份,81148160,2122990,,2026-07-30,SZSE,margin_detail,,
301065,本立科技,139498091,1904931,,2026-07-30,SZSE,margin_detail,,
301066,万事利,103209825,6032278,,2026-07-30,SZSE,margin_detail,,
301067,显盈科技,198865882,5304690,,2026-07-30,SZSE,margin_detail,,
301068,大地海洋,56010869,470543,,2026-07-30,SZSE,margin_detail,,
301069,凯盛新材,521919695,7693421,,2026-07-30,SZSE,margin_detail,,
301070,开勒股份,403144559,14108228,,2026-07-30,SZSE,margin_detail,,
301071,力量钻石,660545429,58060916,,2026-07-30,SZSE,margin_detail,,
301072,中捷精工,43370833,7155061,,2026-07-30,SZSE,margin_detail,,
301073,君亭酒店,102253169,19259709,,2026-07-30,SZSE,margin_detail,,
301075,多瑞医药,123617667,4261774,,2026-07-30,SZSE,margin_detail,,
301076,新瀚新材,193250420,4365730,,2026-07-30,SZSE,margin_detail,,
301077,星华新材,154079972,2538949,,2026-07-30,SZSE,margin_detail,,
301078,孩子王,461230916,18562758,,2026-07-30,SZSE,margin_detail,,
301079,邵阳液压,121503717,4221843,,2026-07-30,SZSE,margin_detail,,
301080,百普赛斯,129694066,13892314,,2026-07-30,SZSE,margin_detail,,
301081,严牌股份,96351892,2711132,,2026-07-30,SZSE,margin_detail,,
301082,久盛电气,89056850,5650659,,2026-07-30,SZSE,margin_detail,,
301083,百胜智能,48127279,1577814,,2026-07-30,SZSE,margin_detail,,
301085,亚康股份,217447678,12968676,,2026-07-30,SZSE,margin_detail,,
301086,鸿富瀚,262633260,39928679,,2026-07-30,SZSE,margin_detail,,
301087,可孚医疗,126368714,11002934,,2026-07-30,SZSE,margin_detail,,
301088,戎美股份,43280363,4319868,,2026-07-30,SZSE,margin_detail,,
301089,拓新药业,117989170,5347729,,2026-07-30,SZSE,margin_detail,,
301090,华润材料,100458490,5479076,,2026-07-30,SZSE,margin_detail,,
301091,深城交,297500067,4343228,,2026-07-30,SZSE,margin_detail,,
301092,争光股份,85506001,17483640,,2026-07-30,SZSE,margin_detail,,
301093,华兰股份,822616509,17284839,,2026-07-30,SZSE,margin_detail,,
301095,广立微,483401345,33690610,,2026-07-30,SZSE,margin_detail,,
301096,百诚医药,169914093,3858724,,2026-07-30,SZSE,margin_detail,,
301097,天益医疗,55964170,1612147,,2026-07-30,SZSE,margin_detail,,
301098,金埔园林,115049229,4896251,,2026-07-30,SZSE,margin_detail,,
301099,雅创电子,381571869,26605684,,2026-07-30,SZSE,margin_detail,,
301100,风光股份,54556212,4590593,,2026-07-30,SZSE,margin_detail,,
301101,明月镜片,155630044,7551436,,2026-07-30,SZSE,margin_detail,,
301102,兆讯传媒,65248144,631558,,2026-07-30,SZSE,margin_detail,,
301103,何氏眼科,66232841,1782078,,2026-07-30,SZSE,margin_detail,,
301105,鸿铭股份,112641993,1327449,,2026-07-30,SZSE,margin_detail,,
301106,骏成科技,84320702,4000563,,2026-07-30,SZSE,margin_detail,,
301107,瑜欣电子,55141997,1416016,,2026-07-30,SZSE,margin_detail,,
301108,洁雅股份,93294864,11512228,,2026-07-30,SZSE,margin_detail,,
301109,军信股份,100096210,4926532,,2026-07-30,SZSE,margin_detail,,
301110,青木科技,161592185,11037546,,2026-07-30,SZSE,margin_detail,,
301111,粤万年青,177039130,4208895,,2026-07-30,SZSE,margin_detail,,
301112,信邦智能,121655941,27337787,,2026-07-30,SZSE,margin_detail,,
301113,雅艺科技,28289068,1437162,,2026-07-30,SZSE,margin_detail,,
301115,联检科技,245076972,9303238,,2026-07-30,SZSE,margin_detail,,
301116,益客食品,65214974,3266651,,2026-07-30,SZSE,margin_detail,,
301117,佳缘科技,108785784,2943956,,2026-07-30,SZSE,margin_detail,,
301118,恒光股份,82299007,6206867,,2026-07-30,SZSE,margin_detail,,
301119,正强股份,92484820,2987014,,2026-07-30,SZSE,margin_detail,,
301120,新特电气,207731665,11091480,,2026-07-30,SZSE,margin_detail,,
301121,紫建电子,90328763,8193065,,2026-07-30,SZSE,margin_detail,,
301122,采纳股份,93609739,30148837,,2026-07-30,SZSE,margin_detail,,
301123,奕东电子,341720959,25062981,,2026-07-30,SZSE,margin_detail,,
301125,腾亚精工,66229597,2729863,,2026-07-30,SZSE,margin_detail,,
301126,达嘉维康,59413391,3118805,,2026-07-30,SZSE,margin_detail,,
301127,武汉天源,589330055,41615268,,2026-07-30,SZSE,margin_detail,,
301128,强瑞技术,567211538,33380815,,2026-07-30,SZSE,margin_detail,,
301129,瑞纳智能,52955041,3262203,,2026-07-30,SZSE,margin_detail,,
301130,西点药业,86518880,3594163,,2026-07-30,SZSE,margin_detail,,
301131,聚赛龙,124990656,4044158,,2026-07-30,SZSE,margin_detail,,
301132,满坤科技,164405928,13244055,,2026-07-30,SZSE,margin_detail,,
301133,金钟股份,151086031,6942543,,2026-07-30,SZSE,margin_detail,,
301135,瑞德智能,110400222,2419369,,2026-07-30,SZSE,margin_detail,,
301136,招标股份,78468048,4367454,,2026-07-30,SZSE,margin_detail,,
301137,哈焊华通,158592701,16498014,,2026-07-30,SZSE,margin_detail,,
301138,华研精机,70659031,1944629,,2026-07-30,SZSE,margin_detail,,
301141,中科磁业,181915072,5056659,,2026-07-30,SZSE,margin_detail,,
301148,嘉戎技术,142540328,5501961,,2026-07-30,SZSE,margin_detail,,
301149,隆华新材,220788700,4565583,,2026-07-30,SZSE,margin_detail,,
301150,中一科技,216998152,33147155,,2026-07-30,SZSE,margin_detail,,
301151,冠龙节能,51784907,5017966,,2026-07-30,SZSE,margin_detail,,
301152,天力锂能,96850719,6891833,,2026-07-30,SZSE,margin_detail,,
301153,中科江南,185473332,3953335,,2026-07-30,SZSE,margin_detail,,
301155,海力风电,274377434,51557027,,2026-07-30,SZSE,margin_detail,,
301156,美农生物,27967643,2233538,,2026-07-30,SZSE,margin_detail,,
301157,华塑科技,141796711,2644952,,2026-07-30,SZSE,margin_detail,,
301158,德石股份,136355494,13455822,,2026-07-30,SZSE,margin_detail,,
301159,三维天地,71957643,3478069,,2026-07-30,SZSE,margin_detail,,
301160,翔楼新材,436461010,7674042,,2026-07-30,SZSE,margin_detail,,
301161,唯万密封,107103843,12089416,,2026-07-30,SZSE,margin_detail,,
301162,国能日新,169652919,3823691,,2026-07-30,SZSE,margin_detail,,
301163,宏德股份,55619150,3993235,,2026-07-30,SZSE,margin_detail,,
301165,锐捷网络,727592711,241295363,,2026-07-30,SZSE,margin_detail,,
301166,优宁维,52418237,2213258,,2026-07-30,SZSE,margin_detail,,
301167,建研设计,45060631,3650084,,2026-07-30,SZSE,margin_detail,,
301168,通灵股份,360531405,3938393,,2026-07-30,SZSE,margin_detail,,
301169,零点有数,123577306,3522447,,2026-07-30,SZSE,margin_detail,,
301170,锡南科技,48722014,2598812,,2026-07-30,SZSE,margin_detail,,
301171,易点天下,1183090131,42401822,,2026-07-30,SZSE,margin_detail,,
301172,君逸数码,190806641,9735927,,2026-07-30,SZSE,margin_detail,,
301173,毓恬冠佳,43864757,1746925,,2026-07-30,SZSE,margin_detail,,
301175,中科环保,265534570,12488009,,2026-07-30,SZSE,margin_detail,,
301176,逸豪新材,131654820,49073856,,2026-07-30,SZSE,margin_detail,,
301177,迪阿股份,69461524,1442551,,2026-07-30,SZSE,margin_detail,,
301178,天亿马,198436505,10423241,,2026-07-30,SZSE,margin_detail,,
301179,泽宇智能,136852840,5052543,,2026-07-30,SZSE,margin_detail,,
301180,万祥科技,65412072,3367946,,2026-07-30,SZSE,margin_detail,,
301181,标榜股份,109628367,3087023,,2026-07-30,SZSE,margin_detail,,
301182,凯旺科技,299122701,13683068,,2026-07-30,SZSE,margin_detail,,
301183,东田微,693104679,45384209,,2026-07-30,SZSE,margin_detail,,
301185,鸥玛软件,125398768,2752373,,2026-07-30,SZSE,margin_detail,,
301186,超达装备,224601353,3531412,,2026-07-30,SZSE,margin_detail,,
301187,欧圣电气,87208362,1566658,,2026-07-30,SZSE,margin_detail,,
301188,力诺药包,347154768,37122947,,2026-07-30,SZSE,margin_detail,,
301189,奥尼电子,234070086,7933166,,2026-07-30,SZSE,margin_detail,,
301190,善水科技,91953459,19899707,,2026-07-30,SZSE,margin_detail,,
301191,菲菱科思,264767376,38195758,,2026-07-30,SZSE,margin_detail,,
301192,泰祥股份,34158048,1192317,,2026-07-30,SZSE,margin_detail,,
301193,家联科技,68520047,4057249,,2026-07-30,SZSE,margin_detail,,
301195,北路智控,77394107,3321845,,2026-07-30,SZSE,margin_detail,,
301196,唯科科技,664588688,18537325,,2026-07-30,SZSE,margin_detail,,
301197,工大科雅,116363761,7840064,,2026-07-30,SZSE,margin_detail,,
301198,喜悦智行,124665642,5257580,,2026-07-30,SZSE,margin_detail,,
301199,迈赫股份,80761433,2074409,,2026-07-30,SZSE,margin_detail,,
301200,大族数控,348327495,37138497,,2026-07-30,SZSE,margin_detail,,
301201,诚达药业,225584170,11407600,,2026-07-30,SZSE,margin_detail,,
301202,朗威股份,91749100,5560162,,2026-07-30,SZSE,margin_detail,,
301203,国泰环保,41835437,862581,,2026-07-30,SZSE,margin_detail,,
301205,联特科技,1415445163,197789016,,2026-07-30,SZSE,margin_detail,,
301206,三元生物,228405721,7217950,,2026-07-30,SZSE,margin_detail,,
301207,华兰疫苗,121292708,7603082,,2026-07-30,SZSE,margin_detail,,
301208,中亦科技,159313965,2130069,,2026-07-30,SZSE,margin_detail,,
301209,联合化学,381996412,11363654,,2026-07-30,SZSE,margin_detail,,
301210,金杨精密,78579580,6238457,,2026-07-30,SZSE,margin_detail,,
301211,亨迪药业,86138067,7525323,,2026-07-30,SZSE,margin_detail,,
301212,联盛化学,50955493,2304291,,2026-07-30,SZSE,margin_detail,,
301213,观想科技,79232773,8592477,,2026-07-30,SZSE,margin_detail,,
301215,中汽股份,205099353,7903212,,2026-07-30,SZSE,margin_detail,,
301216,万凯新材,412163403,23025935,,2026-07-30,SZSE,margin_detail,,
301217,铜冠铜箔,1396211244,190413032,,2026-07-30,SZSE,margin_detail,,
301218,华是科技,127762640,15888899,,2026-07-30,SZSE,margin_detail,,
301219,腾远钴业,546916719,32446951,,2026-07-30,SZSE,margin_detail,,
301220,亚香股份,219056178,2250511,,2026-07-30,SZSE,margin_detail,,
301221,光庭信息,186818120,3418455,,2026-07-30,SZSE,margin_detail,,
301222,浙江恒威,101221271,1724327,,2026-07-30,SZSE,margin_detail,,
301223,中荣股份,79180508,2547743,,2026-07-30,SZSE,margin_detail,,
301225,恒勃股份,91780714,4618724,,2026-07-30,SZSE,margin_detail,,
301226,祥明智能,133910540,5880345,,2026-07-30,SZSE,margin_detail,,
301227,森鹰窗业,88534238,2164967,,2026-07-30,SZSE,margin_detail,,
301228,实朴检测,541662846,5102031,,2026-07-30,SZSE,margin_detail,,
301229,纽泰格,95032263,2437915,,2026-07-30,SZSE,margin_detail,,
301230,泓博医药,209637033,19812982,,2026-07-30,SZSE,margin_detail,,
301231,荣信文化,90342926,5140296,,2026-07-30,SZSE,margin_detail,,
301232,飞沃科技,515410150,14573954,,2026-07-30,SZSE,margin_detail,,
301233,盛帮股份,107183413,2673621,,2026-07-30,SZSE,margin_detail,,
301234,五洲医疗,60982142,36074643,,2026-07-30,SZSE,margin_detail,,
301235,华康洁净,233965731,25239393,,2026-07-30,SZSE,margin_detail,,
301236,软通动力,2057518673,48148079,,2026-07-30,SZSE,margin_detail,,
301237,和顺科技,142905159,6533995,,2026-07-30,SZSE,margin_detail,,
301238,瑞泰新材,315741279,21846501,,2026-07-30,SZSE,margin_detail,,
301239,普瑞眼科,99469518,4607252,,2026-07-30,SZSE,margin_detail,,
301246,宏源药业,199218513,20259501,,2026-07-30,SZSE,margin_detail,,
301248,杰创智能,388636468,20480754,,2026-07-30,SZSE,margin_detail,,
301251,威尔高,143709028,12715152,,2026-07-30,SZSE,margin_detail,,
301252,同星科技,125325486,8974493,,2026-07-30,SZSE,margin_detail,,
301255,通力科技,63520189,2698788,,2026-07-30,SZSE,margin_detail,,
301256,华融化学,113277217,4374370,,2026-07-30,SZSE,margin_detail,,
301257,普蕊斯,134914299,23950352,,2026-07-30,SZSE,margin_detail,,
301258,富士莱,57197100,7662911,,2026-07-30,SZSE,margin_detail,,
301259,艾布鲁,299145286,9601464,,2026-07-30,SZSE,margin_detail,,
301260,格力博,106905047,2611871,,2026-07-30,SZSE,margin_detail,,
301261,恒工精密,208788542,11339554,,2026-07-30,SZSE,margin_detail,,
301262,海看股份,156224285,22886887,,2026-07-30,SZSE,margin_detail,,
301263,泰恩康,844401322,4046207,,2026-07-30,SZSE,margin_detail,,
301265,华新科技,126849296,6153169,,2026-07-30,SZSE,margin_detail,,
301266,宇邦新材,112911174,5566336,,2026-07-30,SZSE,margin_detail,,
301267,华厦眼科,140592164,9591449,,2026-07-30,SZSE,margin_detail,,
301268,铭利达,122859327,2691382,,2026-07-30,SZSE,margin_detail,,
301269,华大九天,1006700307,70529416,,2026-07-30,SZSE,margin_detail,,
301270,汉仪股份,194148693,14232012,,2026-07-30,SZSE,margin_detail,,
301272,英华特,46576697,2425426,,2026-07-30,SZSE,margin_detail,,
301273,瑞晨环保,104669762,9072377,,2026-07-30,SZSE,margin_detail,,
301275,汉朔科技,378462547,13969428,,2026-07-30,SZSE,margin_detail,,
301276,嘉曼服饰,90738445,1992272,,2026-07-30,SZSE,margin_detail,,
301277,新天地,75265723,3263581,,2026-07-30,SZSE,margin_detail,,
301278,快可电子,139969283,2937237,,2026-07-30,SZSE,margin_detail,,
301279,金道科技,148313837,3004114,,2026-07-30,SZSE,margin_detail,,
301280,珠城科技,301391832,9982221,,2026-07-30,SZSE,margin_detail,,
301281,科源制药,148506617,14199429,,2026-07-30,SZSE,margin_detail,,
301282,金禄电子,240377599,13711581,,2026-07-30,SZSE,margin_detail,,
301283,聚胶股份,74421849,3273476,,2026-07-30,SZSE,margin_detail,,
301285,鸿日达,697013468,12039651,,2026-07-30,SZSE,margin_detail,,
301286,侨源股份,201239635,2660771,,2026-07-30,SZSE,margin_detail,,
301287,康力源,68503087,1589596,,2026-07-30,SZSE,margin_detail,,
301288,清研环境,120514366,1127951,,2026-07-30,SZSE,margin_detail,,
301289,国缆检测,59145621,2626956,,2026-07-30,SZSE,margin_detail,,
301290,东星医疗,93368452,10705926,,2026-07-30,SZSE,margin_detail,,
301291,明阳电气,308373896,22550791,,2026-07-30,SZSE,margin_detail,,
301292,海科新源,438090249,92027155,,2026-07-30,SZSE,margin_detail,,
301293,三博脑科,580418133,133110841,,2026-07-30,SZSE,margin_detail,,
301295,美硕科技,128242095,11535020,,2026-07-30,SZSE,margin_detail,,
301296,新巨丰,90621093,2505126,,2026-07-30,SZSE,margin_detail,,
301297,富乐德,480416281,49324103,,2026-07-30,SZSE,margin_detail,,
301298,东利机械,51820735,2341177,,2026-07-30,SZSE,margin_detail,,
301299,卓创资讯,108716454,2140175,,2026-07-30,SZSE,margin_detail,,
301300,远翔新材,42000370,869131,,2026-07-30,SZSE,margin_detail,,
301301,川宁生物,452592498,6579744,,2026-07-30,SZSE,margin_detail,,
301302,华如科技,111613919,6972349,,2026-07-30,SZSE,margin_detail,,
301303,真兰仪表,134049524,6675553,,2026-07-30,SZSE,margin_detail,,
301305,朗坤科技,242164004,6082454,,2026-07-30,SZSE,margin_detail,,
301306,西测测试,249358194,12956162,,2026-07-30,SZSE,margin_detail,,
301307,美利信,491532773,38902653,,2026-07-30,SZSE,margin_detail,,
301308,江波龙,5911413449,665039733,,2026-07-30,SZSE,margin_detail,,
301309,万得凯,45346092,4812870,,2026-07-30,SZSE,margin_detail,,
301310,鑫宏业,407928036,42528509,,2026-07-30,SZSE,margin_detail,,
301311,昆船智能,104766614,5708919,,2026-07-30,SZSE,margin_detail,,
301312,智立方,189056433,26558010,,2026-07-30,SZSE,margin_detail,,
301313,凡拓数创,143848630,13702790,,2026-07-30,SZSE,margin_detail,,
301314,科瑞思,58018011,2144535,,2026-07-30,SZSE,margin_detail,,
301315,威士顿,114993610,3258853,,2026-07-30,SZSE,margin_detail,,
301316,慧博云通,1157342253,35797105,,2026-07-30,SZSE,margin_detail,,
301317,鑫磊股份,148831206,14278644,,2026-07-30,SZSE,margin_detail,,
301318,维海德,62094286,1760004,,2026-07-30,SZSE,margin_detail,,
301319,唯特偶,514592700,65777787,,2026-07-30,SZSE,margin_detail,,
301320,豪江智能,64040416,2117116,,2026-07-30,SZSE,margin_detail,,
301321,翰博高新,296737214,22349014,,2026-07-30,SZSE,margin_detail,,
301322,绿通科技,252325667,18824648,,2026-07-30,SZSE,margin_detail,,
301323,新莱福,176280889,9524127,,2026-07-30,SZSE,margin_detail,,
301325,曼恩斯特,173456692,3163206,,2026-07-30,SZSE,margin_detail,,
301326,捷邦科技,214228929,7160377,,2026-07-30,SZSE,margin_detail,,
301327,华宝新能,149348333,3369790,,2026-07-30,SZSE,margin_detail,,
301328,维峰电子,248080243,23230503,,2026-07-30,SZSE,margin_detail,,
301329,信音电子,76207037,7010665,,2026-07-30,SZSE,margin_detail,,
301330,熵基科技,185022018,12628745,,2026-07-30,SZSE,margin_detail,,
301331,恩威医药,55355333,3159846,,2026-07-30,SZSE,margin_detail,,
301332,德尔玛,117655218,2034726,,2026-07-30,SZSE,margin_detail,,
301333,诺思格,83290590,7979699,,2026-07-30,SZSE,margin_detail,,
301335,天元宠物,77766685,2033442,,2026-07-30,SZSE,margin_detail,,
301336,趣睡科技,111709653,5227225,,2026-07-30,SZSE,margin_detail,,
301337,亚华电子,68960079,2606230,,2026-07-30,SZSE,margin_detail,,
301338,凯格精机,368721681,28508336,,2026-07-30,SZSE,margin_detail,,
301339,通行宝,105950288,5279520,,2026-07-30,SZSE,margin_detail,,
301345,涛涛车业,383823764,19737138,,2026-07-30,SZSE,margin_detail,,
301348,蓝箭电子,217848612,13236059,,2026-07-30,SZSE,margin_detail,,
301349,信德新材,141390565,12810775,,2026-07-30,SZSE,margin_detail,,
301353,普莱得,28098393,1615921,,2026-07-30,SZSE,margin_detail,,
301355,南王科技,86235181,1906084,,2026-07-30,SZSE,margin_detail,,
301356,天振股份,110151050,3769412,,2026-07-30,SZSE,margin_detail,,
301357,北方长龙,96367710,37964979,,2026-07-30,SZSE,margin_detail,,
301358,湖南裕能,2038901088,94847854,,2026-07-30,SZSE,margin_detail,,
301359,东南电子,26828957,1939958,,2026-07-30,SZSE,margin_detail,,
301360,荣旗科技,119900455,11459888,,2026-07-30,SZSE,margin_detail,,
301361,众智科技,92156901,3164929,,2026-07-30,SZSE,margin_detail,,
301362,民爆光电,209979254,25600123,,2026-07-30,SZSE,margin_detail,,
301363,美好医疗,264724515,33638280,,2026-07-30,SZSE,margin_detail,,
301365,矩阵股份,154071304,6954018,,2026-07-30,SZSE,margin_detail,,
301366,一博科技,208669992,18879400,,2026-07-30,SZSE,margin_detail,,
301367,瑞迈特,162297163,22052912,,2026-07-30,SZSE,margin_detail,,
301368,丰立智能,201438684,6824161,,2026-07-30,SZSE,margin_detail,,
301369,联动科技,196317600,26047955,,2026-07-30,SZSE,margin_detail,,
301370,国科恒泰,137683326,1524738,,2026-07-30,SZSE,margin_detail,,
301371,敷尔佳,55971432,2755648,,2026-07-30,SZSE,margin_detail,,
301372,科净源,58556890,2578497,,2026-07-30,SZSE,margin_detail,,
301373,凌玮科技,313569001,29975354,,2026-07-30,SZSE,margin_detail,,
301376,致欧科技,39509622,4039995,,2026-07-30,SZSE,margin_detail,,
301377,鼎泰高科,509375497,88867059,,2026-07-30,SZSE,margin_detail,,
301378,通达海,57085049,4735953,,2026-07-30,SZSE,margin_detail,,
301379,天山电子,322711304,32429523,,2026-07-30,SZSE,margin_detail,,
301380,挖金客,162218793,12114228,,2026-07-30,SZSE,margin_detail,,
301381,赛维时代,190129412,16767770,,2026-07-30,SZSE,margin_detail,,
301382,蜂助手,635741983,44712796,,2026-07-30,SZSE,margin_detail,,
301383,天键股份,79458692,3283111,,2026-07-30,SZSE,margin_detail,,
301386,未来电器,78884397,2655523,,2026-07-30,SZSE,margin_detail,,
301387,光大同创,94085565,11722328,,2026-07-30,SZSE,margin_detail,,
301388,欣灵电气,52815780,1824757,,2026-07-30,SZSE,margin_detail,,
301389,隆扬电子,381700992,18623259,,2026-07-30,SZSE,margin_detail,,
301390,经纬股份,61859627,2164363,,2026-07-30,SZSE,margin_detail,,
301391,卡莱特,102062665,4822685,,2026-07-30,SZSE,margin_detail,,
301392,汇成真空,679635853,104088718,,2026-07-30,SZSE,margin_detail,,
301393,昊帆生物,86283655,11942617,,2026-07-30,SZSE,margin_detail,,
301395,仁信新材,60894045,2559297,,2026-07-30,SZSE,margin_detail,,
301396,宏景科技,1353942058,123065937,,2026-07-30,SZSE,margin_detail,,
301397,溯联股份,207522361,6739293,,2026-07-30,SZSE,margin_detail,,
301398,星源卓镁,59805308,3144892,,2026-07-30,SZSE,margin_detail,,
301399,英特科技,56744854,3187027,,2026-07-30,SZSE,margin_detail,,
301408,华人健康,140042985,10568659,,2026-07-30,SZSE,margin_detail,,
301413,安培龙,294247277,9416828,,2026-07-30,SZSE,margin_detail,,
301418,协昌科技,94401579,6579134,,2026-07-30,SZSE,margin_detail,,
301419,阿莱德,109533500,8590789,,2026-07-30,SZSE,margin_detail,,
301421,波长光电,278301680,80314051,,2026-07-30,SZSE,margin_detail,,
301428,世纪恒通,176762741,8827869,,2026-07-30,SZSE,margin_detail,,
301429,森泰股份,18658279,2126729,,2026-07-30,SZSE,margin_detail,,
301439,泓淋电力,121359746,18666763,,2026-07-30,SZSE,margin_detail,,
301446,福事特,24416368,2721105,,2026-07-30,SZSE,margin_detail,,
301448,开创电气,103970620,2615226,,2026-07-30,SZSE,margin_detail,,
301449,天溯计量,43771145,1593292,,2026-07-30,SZSE,margin_detail,,
301456,盘古智能,59476191,2876515,,2026-07-30,SZSE,margin_detail,,
301458,钧崴电子,368603318,16699253,,2026-07-30,SZSE,margin_detail,,
301459,丰茂股份,82102188,2996278,,2026-07-30,SZSE,margin_detail,,
301468,博盈特焊,287506993,9049594,,2026-07-30,SZSE,margin_detail,,
301469,恒达新材,43789962,1808223,,2026-07-30,SZSE,margin_detail,,
301479,弘景光电,139815668,7800149,,2026-07-30,SZSE,margin_detail,,
301486,致尚科技,680985936,35709455,,2026-07-30,SZSE,margin_detail,,
301487,盟固利,247128073,15416581,,2026-07-30,SZSE,margin_detail,,
301488,豪恩汽电,257146212,11936195,,2026-07-30,SZSE,margin_detail,,
301489,思泉新材,673760325,38161804,,2026-07-30,SZSE,margin_detail,,
301491,汉桑科技,74195151,1918141,,2026-07-30,SZSE,margin_detail,,
301498,乖宝宠物,254796840,27695890,,2026-07-30,SZSE,margin_detail,,
301499,维科精密,52928017,3617311,,2026-07-30,SZSE,margin_detail,,
301500,飞南资源,339383748,15910266,,2026-07-30,SZSE,margin_detail,,
301501,恒鑫生活,87178327,2483638,,2026-07-30,SZSE,margin_detail,,
301502,华阳智能,117844052,3972096,,2026-07-30,SZSE,margin_detail,,
301503,智迪科技,41975792,3885775,,2026-07-30,SZSE,margin_detail,,
301505,苏州规划,58747788,4703016,,2026-07-30,SZSE,margin_detail,,
301507,民生健康,89024322,2026805,,2026-07-30,SZSE,margin_detail,,
301508,中机认检,130179804,3492835,,2026-07-30,SZSE,margin_detail,,
301509,金凯生科,142788932,4113178,,2026-07-30,SZSE,margin_detail,,
301510,固高科技,515005733,13557781,,2026-07-30,SZSE,margin_detail,,
301511,德福科技,870371030,154474376,,2026-07-30,SZSE,margin_detail,,
301512,智信精密,52046895,5498787,,2026-07-30,SZSE,margin_detail,,
301513,尚水智能,64735068,2375728,,2026-07-30,SZSE,margin_detail,,
301515,港通医疗,37780635,4475368,,2026-07-30,SZSE,margin_detail,,
301516,中远通,79307434,6994763,,2026-07-30,SZSE,margin_detail,,
301517,陕西华达,234546527,6760860,,2026-07-30,SZSE,margin_detail,,
301518,长华化学,104264648,3479945,,2026-07-30,SZSE,margin_detail,,
301519,舜禹股份,29464696,2579048,,2026-07-30,SZSE,margin_detail,,
301520,万邦医药,78325385,43377924,,2026-07-30,SZSE,margin_detail,,
301522,上大股份,324762644,12376729,,2026-07-30,SZSE,margin_detail,,
301525,儒竞科技,139459706,3689987,,2026-07-30,SZSE,margin_detail,,
301526,国际复材,1390989428,677262889,,2026-07-30,SZSE,margin_detail,,
301528,多浦乐,189675351,12485750,,2026-07-30,SZSE,margin_detail,,
301529,福赛科技,589010249,14022095,,2026-07-30,SZSE,margin_detail,,
301531,春光集团,238510678,8280716,,2026-07-30,SZSE,margin_detail,,
301533,威马农机,52475572,1653027,,2026-07-30,SZSE,margin_detail,,
301535,浙江华远,75725741,11660372,,2026-07-30,SZSE,margin_detail,,
301536,星宸科技,1131795080,421793004,,2026-07-30,SZSE,margin_detail,,
301538,骏鼎达,87885368,5707962,,2026-07-30,SZSE,margin_detail,,
301539,宏鑫科技,56638760,1333282,,2026-07-30,SZSE,margin_detail,,
301548,崇德科技,101699028,5355979,,2026-07-30,SZSE,margin_detail,,
301550,斯菱智驱,754450574,11553969,,2026-07-30,SZSE,margin_detail,,
301551,无线传媒,263617714,11774725,,2026-07-30,SZSE,margin_detail,,
301552,科力装备,41747344,4743845,,2026-07-30,SZSE,margin_detail,,
301555,惠柏新材,117119687,8831813,,2026-07-30,SZSE,margin_detail,,
301556,托普云农,156212422,5235325,,2026-07-30,SZSE,margin_detail,,
301557,常友科技,250547924,3343454,,2026-07-30,SZSE,margin_detail,,
301558,三态股份,102294088,3496971,,2026-07-30,SZSE,margin_detail,,
301559,中集环科,93713530,1798868,,2026-07-30,SZSE,margin_detail,,
301560,众捷汽车,72066800,3442275,,2026-07-30,SZSE,margin_detail,,
301563,云汉芯城,177617315,15804962,,2026-07-30,SZSE,margin_detail,,
301565,中仑新材,204290083,8042393,,2026-07-30,SZSE,margin_detail,,
301566,达利凯普,477054969,45587705,,2026-07-30,SZSE,margin_detail,,
301567,贝隆精密,52413641,1240529,,2026-07-30,SZSE,margin_detail,,
301568,思泰克,331760551,38904746,,2026-07-30,SZSE,margin_detail,,
301571,国科天成,431517398,74570670,,2026-07-30,SZSE,margin_detail,,
301575,艾芬达,45516021,1750145,,2026-07-30,SZSE,margin_detail,,
301577,美信科技,61206933,5127185,,2026-07-30,SZSE,margin_detail,,
301578,辰奕智能,52033011,3687732,,2026-07-30,SZSE,margin_detail,,
301580,爱迪特,350948615,51067950,,2026-07-30,SZSE,margin_detail,,
301581,黄山谷捷,57046565,5026242,,2026-07-30,SZSE,margin_detail,,
301583,托伦斯,348963110,224666705,,2026-07-30,SZSE,margin_detail,,
301584,建发致新,64428899,2988285,,2026-07-30,SZSE,margin_detail,,
301585,蓝宇股份,53384983,1450569,,2026-07-30,SZSE,margin_detail,,
301586,佳力奇,103663694,1439075,,2026-07-30,SZSE,margin_detail,,
301587,中瑞股份,85550026,11076689,,2026-07-30,SZSE,margin_detail,,
301588,美新科技,192346014,28376808,,2026-07-30,SZSE,margin_detail,,
301589,诺瓦星云,225792865,6347243,,2026-07-30,SZSE,margin_detail,,
301590,优优绿能,90186651,3027899,,2026-07-30,SZSE,margin_detail,,
301591,肯特股份,116782130,5836022,,2026-07-30,SZSE,margin_detail,,
301592,六九一二,163451966,7852161,,2026-07-30,SZSE,margin_detail,,
301595,太力科技,69813867,4507170,,2026-07-30,SZSE,margin_detail,,
301596,瑞迪智驱,108583996,6205084,,2026-07-30,SZSE,margin_detail,,
301598,博科测试,52688217,2219638,,2026-07-30,SZSE,margin_detail,,
301599,理奇智能,109213622,6172019,,2026-07-30,SZSE,margin_detail,,
301600,慧翰股份,257981402,10596265,,2026-07-30,SZSE,margin_detail,,
301601,惠通科技,43240334,1984307,,2026-07-30,SZSE,margin_detail,,
301602,超研股份,59973279,1334855,,2026-07-30,SZSE,margin_detail,,
301603,乔锋智能,161754584,11201939,,2026-07-30,SZSE,margin_detail,,
301606,绿联科技,205216628,22412593,,2026-07-30,SZSE,margin_detail,,
301607,富特科技,320158367,36507698,,2026-07-30,SZSE,margin_detail,,
301608,博实结,89152195,5021476,,2026-07-30,SZSE,margin_detail,,
301609,山大电力,100739228,21434353,,2026-07-30,SZSE,margin_detail,,
301611,珂玛科技,510978859,85235975,,2026-07-30,SZSE,margin_detail,,
301613,新铝时代,185436381,2053785,,2026-07-30,SZSE,margin_detail,,
301616,浙江华业,36685340,1163536,,2026-07-30,SZSE,margin_detail,,
301617,博苑新材,267329110,7477264,,2026-07-30,SZSE,margin_detail,,
301618,长联科技,121006928,3900491,,2026-07-30,SZSE,margin_detail,,
301622,英思特,168241577,4012272,,2026-07-30,SZSE,margin_detail,,
301626,苏州天脉,1732546163,33705623,,2026-07-30,SZSE,margin_detail,,
301628,强达电路,202280323,11022063,,2026-07-30,SZSE,margin_detail,,
301629,矽电股份,196150577,15624185,,2026-07-30,SZSE,margin_detail,,
301630,同宇新材,234481271,20562756,,2026-07-30,SZSE,margin_detail,,
301631,壹连科技,168572726,29499721,,2026-07-30,SZSE,margin_detail,,
301632,广东建科,69938229,1705179,,2026-07-30,SZSE,margin_detail,,
301633,港迪技术,60194016,10692328,,2026-07-30,SZSE,margin_detail,,
301636,泽润新能,49448966,1282542,,2026-07-30,SZSE,margin_detail,,
301638,南网数字,457957936,29853086,,2026-07-30,SZSE,margin_detail,,
301656,联合动力,153660099,4399823,,2026-07-30,SZSE,margin_detail,,
301658,首航新能,92704971,7148227,,2026-07-30,SZSE,margin_detail,,
301662,宏工科技,136024544,30076216,,2026-07-30,SZSE,margin_detail,,
301665,泰禾股份,60047135,2660555,,2026-07-30,SZSE,margin_detail,,
301666,大普微-UW,1345706317,70713178,,2026-07-30,SZSE,margin_detail,,
301667,纳百川,78054859,2761270,,2026-07-30,SZSE,margin_detail,,
301668,昊创瑞通,55556520,1432718,,2026-07-30,SZSE,margin_detail,,
301669,高特电子,129150070,14133012,,2026-07-30,SZSE,margin_detail,,
301678,新恒汇,208363314,10070536,,2026-07-30,SZSE,margin_detail,,
301680,固德电材,122406250,4024020,,2026-07-30,SZSE,margin_detail,,
301682,宏明电子,307212063,28625457,,2026-07-30,SZSE,margin_detail,,
301683,慧谷新材,122336383,4613899,,2026-07-30,SZSE,margin_detail,,
301687,新广益,112613483,8045444,,2026-07-30,SZSE,margin_detail,,
301696,三瑞智能,293735374,30237156,,2026-07-30,SZSE,margin_detail,,
302132,中航成飞,1090164226,34762272,,2026-07-30,SZSE,margin_detail,,
510050,50ETF,1494327222,68020910,54259896.0,2026-07-30,SSE,margin_detail,,
510100,SZ50ETF,33792989,5302844,5026408.0,2026-07-30,SSE,margin_detail,,
510150,消费ETF,30785376,2127381,3153273.0,2026-07-30,SSE,margin_detail,,
510170,商品ETF,2416420,1363779,1117675.0,2026-07-30,SSE,margin_detail,,
510180,180ETF,80520387,2771913,2613000.0,2026-07-30,SSE,margin_detail,,
510210,综指ETF,399208371,149556488,116293970.0,2026-07-30,SSE,margin_detail,,
510230,金融ETF,9877939,1713852,3754434.0,2026-07-30,SSE,margin_detail,,
510300,300ETF,3181448219,424004491,351714812.0,2026-07-30,SSE,margin_detail,,
510310,HS300ETF,340806768,101339655,87769739.0,2026-07-30,SSE,margin_detail,,
510320,300中金,1808332,199508,535882.0,2026-07-30,SSE,margin_detail,,
510330,华夏300,91804160,51979024,71887767.0,2026-07-30,SSE,margin_detail,,
510350,工银300,1096774,281272,105002.0,2026-07-30,SSE,margin_detail,,
510360,广发300,19509905,9107797,12302275.0,2026-07-30,SSE,margin_detail,,
510410,资源ETF,4509864,653934,712879.0,2026-07-30,SSE,margin_detail,,
510500,500ETF,1542545017,792605295,435111200.0,2026-07-30,SSE,margin_detail,,
510510,广发500,18439039,3291964,2335547.0,2026-07-30,SSE,margin_detail,,
510580,ZZ500ETF,19065828,5551989,7018080.0,2026-07-30,SSE,margin_detail,,
510720,红利国泰,19200383,4814043,8851297.0,2026-07-30,SSE,margin_detail,,
510760,上证ETF,131382350,22513174,16400300.0,2026-07-30,SSE,margin_detail,,
510880,红利ETF,150546245,29379174,43562765.0,2026-07-30,SSE,margin_detail,,
510900,恒生中国,1546495228,10973330,17453602.0,2026-07-30,SSE,margin_detail,,
510980,上证综合,41866099,12584467,13570617.0,2026-07-30,SSE,margin_detail,,
511010,国债ETF,47043211,32886081,30533788.0,2026-07-30,SSE,margin_detail,,
511020,活跃国债,0,2095115,2095115.0,2026-07-30,SSE,margin_detail,,
511030,公司债,2748814,10514604,10514604.0,2026-07-30,SSE,margin_detail,,
511090,30年国债,437004510,164058345,195945859.0,2026-07-30,SSE,margin_detail,,
511130,国债30年,267862422,141471856,146021821.0,2026-07-30,SSE,margin_detail,,
511160,国债东财,10195,1090800,1080605.0,2026-07-30,SSE,margin_detail,,
511180,上证转债,33616251,23777145,17188012.0,2026-07-30,SSE,margin_detail,,
511220,城投ETF,276229844,150870489,148464490.0,2026-07-30,SSE,margin_detail,,
511260,十年国债,340223160,100637531,100224520.0,2026-07-30,SSE,margin_detail,,
511270,10年地债,4791949,7740834,4465921.0,2026-07-30,SSE,margin_detail,,
511360,短融ETF,1816032411,3351671381,3372374116.0,2026-07-30,SSE,margin_detail,,
511380,转债ETF,1042481366,837649318,685179910.0,2026-07-30,SSE,margin_detail,,
511520,政金债,1731822863,82170733,143043972.0,2026-07-30,SSE,margin_detail,,
511580,国债政金,54967,372386,317621.0,2026-07-30,SSE,margin_detail,,
512000,券商ETF,2442232892,223085522,304016275.0,2026-07-30,SSE,margin_detail,,
512010,医药ETF,505590540,115535677,131255001.0,2026-07-30,SSE,margin_detail,,
512020,A500,898928,1724234,1614970.0,2026-07-30,SSE,margin_detail,,
512040,国信价值,21003372,2381557,5907558.0,2026-07-30,SSE,margin_detail,,
512050,A500E,111566161,30085279,28873247.0,2026-07-30,SSE,margin_detail,,
512070,证券保险,530928733,31046183,47534937.0,2026-07-30,SSE,margin_detail,,
512090,MSCI易基,6506186,1751128,1903150.0,2026-07-30,SSE,margin_detail,,
512100,1000ETF,1209449539,713164080,351278527.0,2026-07-30,SSE,margin_detail,,
512170,医疗ETF,875917668,166526147,193506752.0,2026-07-30,SSE,margin_detail,,
512200,地产ETF,95324437,9667358,9503069.0,2026-07-30,SSE,margin_detail,,
512220,TMTETF,7290604,2256971,1860131.0,2026-07-30,SSE,margin_detail,,
512290,生物医药,124734753,6933565,8517761.0,2026-07-30,SSE,margin_detail,,
512330,信息ETF,1499524,683768,1230713.0,2026-07-30,SSE,margin_detail,,
512400,有色ETF,364065804,45974992,42864360.0,2026-07-30,SSE,margin_detail,,
512480,半导体,535750639,116897589,98669488.0,2026-07-30,SSE,margin_detail,,
512500,中证500,188502054,8967031,8060068.0,2026-07-30,SSE,margin_detail,,
512510,ETF500,2981843,340755,233987.0,2026-07-30,SSE,margin_detail,,
512560,中证军工,14940368,4882449,5445515.0,2026-07-30,SSE,margin_detail,,
512570,中证证券,98878801,9002854,6777217.0,2026-07-30,SSE,margin_detail,,
512580,环保ETF,2731859,33557,432159.0,2026-07-30,SSE,margin_detail,,
512600,必选消费,12133038,829167,897719.0,2026-07-30,SSE,margin_detail,,
512620,农业TH,3210497,137021,568506.0,2026-07-30,SSE,margin_detail,,
512630,卫星基金,88762016,5777832,7041571.0,2026-07-30,SSE,margin_detail,,
512660,军工ETF,249030980,35523057,30049173.0,2026-07-30,SSE,margin_detail,,
512670,国防ETF,78393863,4067118,3686988.0,2026-07-30,SSE,margin_detail,,
512680,军工基金,24290864,2847709,2773671.0,2026-07-30,SSE,margin_detail,,
512690,酒ETF,670715303,92281936,120608955.0,2026-07-30,SSE,margin_detail,,
512700,银行基金,8450754,1709253,1946666.0,2026-07-30,SSE,margin_detail,,
512710,军工龙头,271686672,37718295,28550292.0,2026-07-30,SSE,margin_detail,,
512760,芯片ETF,167952794,32810863,23014232.0,2026-07-30,SSE,margin_detail,,
512800,银行ETF,323774223,132731409,136734211.0,2026-07-30,SSE,margin_detail,,
512810,国防军工,16066041,895646,1208400.0,2026-07-30,SSE,margin_detail,,
512820,银行股基,5007700,1743763,3212506.0,2026-07-30,SSE,margin_detail,,
512880,证券ETF,4232935059,363050497,512594413.0,2026-07-30,SSE,margin_detail,,
512890,红利低波,313840140,121872911,159798947.0,2026-07-30,SSE,margin_detail,,
512900,证券基金,66115819,2955491,3447101.0,2026-07-30,SSE,margin_detail,,
512930,AIETF,52929945,4886334,5620390.0,2026-07-30,SSE,margin_detail,,
512940,有色矿业,3743028,688537,162269.0,2026-07-30,SSE,margin_detail,,
512950,央企改革,1159635,282951,39459.0,2026-07-30,SSE,margin_detail,,
512980,传媒ETF,102645501,11430401,10911723.0,2026-07-30,SSE,margin_detail,,
513000,225ETF,63998428,38471453,36972665.0,2026-07-30,SSE,margin_detail,,
513010,港股科技,485458940,129649810,153804960.0,2026-07-30,SSE,margin_detail,,
513020,科技HK,40404654,7196489,10725354.0,2026-07-30,SSE,margin_detail,,
513030,德国ETF,24541846,4441835,6470724.0,2026-07-30,SSE,margin_detail,,
513040,HK互联网,69222108,66319624,62552577.0,2026-07-30,SSE,margin_detail,,
513050,中概互联,2278349282,291201018,388261576.0,2026-07-30,SSE,margin_detail,,
513060,恒生医疗,182958280,77084478,83249788.0,2026-07-30,SSE,margin_detail,,
513070,HK消费50,12393847,2173407,1533791.0,2026-07-30,SSE,margin_detail,,
513080,法国ETF,32994856,5311700,7879877.0,2026-07-30,SSE,margin_detail,,
513090,香港证券,2035419370,467190116,448157260.0,2026-07-30,SSE,margin_detail,,
513100,纳指ETF,1515365168,57280072,56180474.0,2026-07-30,SSE,margin_detail,,
513110,纳指100,246722343,64416526,62272735.0,2026-07-30,SSE,margin_detail,,
513120,HK创新药,1572215888,678099388,688277273.0,2026-07-30,SSE,margin_detail,,
513130,恒生科技,1349902765,598391787,570285864.0,2026-07-30,SSE,margin_detail,,
513160,科技30,70843302,24308309,25329829.0,2026-07-30,SSE,margin_detail,,
513180,恒指科技,1486430806,560860772,589163899.0,2026-07-30,SSE,margin_detail,,
513190,H股金融,19795216,12616268,13958471.0,2026-07-30,SSE,margin_detail,,
513200,港股医药,12255295,4513695,6970021.0,2026-07-30,SSE,margin_detail,,
513260,恒科技,90170485,17111415,21288814.0,2026-07-30,SSE,margin_detail,,
513290,纳指生物,29090793,5382824,5455520.0,2026-07-30,SSE,margin_detail,,
513300,纳斯达克,1763638290,74829181,57907644.0,2026-07-30,SSE,margin_detail,,
513310,中韩芯片,723349055,1140835883,1128270350.0,2026-07-30,SSE,margin_detail,,
513330,恒生互联,1430898803,385452910,388707606.0,2026-07-30,SSE,margin_detail,,
513350,油气ETF,70200722,88420453,96117920.0,2026-07-30,SSE,margin_detail,,
513380,科技恒生,88586156,33360316,29384272.0,2026-07-30,SSE,margin_detail,,
513390,纳指基金,196337273,16309943,14802286.0,2026-07-30,SSE,margin_detail,,
513400,道琼斯,65469875,21133832,32677722.0,2026-07-30,SSE,margin_detail,,
513500,标普500,218303188,9388935,15493847.0,2026-07-30,SSE,margin_detail,,
513520,日经ETF,111483048,40658997,38506485.0,2026-07-30,SSE,margin_detail,,
513530,港股红利,118681275,11700850,16811428.0,2026-07-30,SSE,margin_detail,,
513550,港股通50,3845574,1341562,1032737.0,2026-07-30,SSE,margin_detail,,
513560,香港科技,13995468,2761174,2052792.0,2026-07-30,SSE,margin_detail,,
513580,HS科技,36022755,2991011,4199745.0,2026-07-30,SSE,margin_detail,,
513600,恒指ETF,52209899,8899226,8923957.0,2026-07-30,SSE,margin_detail,,
513630,香港红利,108513690,11673019,45078072.0,2026-07-30,SSE,margin_detail,,
513650,标普ETF,54431787,15955564,22163262.0,2026-07-30,SSE,margin_detail,,
513660,恒生通,144451936,33323076,11188101.0,2026-07-30,SSE,margin_detail,,
513690,恒生股息,32170573,5409933,4494447.0,2026-07-30,SSE,margin_detail,,
513700,香港医药,32470242,17267022,11161057.0,2026-07-30,SSE,margin_detail,,
513730,东南亚,47134751,13851901,9424302.0,2026-07-30,SSE,margin_detail,,
513750,港股非银,168545175,57993227,41058348.0,2026-07-30,SSE,margin_detail,,
513770,港股互联,112734503,102567284,117255197.0,2026-07-30,SSE,margin_detail,,
513780,港股新药,78942482,21315638,23844670.0,2026-07-30,SSE,margin_detail,,
513800,东证ETF,36889224,7193986,8384561.0,2026-07-30,SSE,margin_detail,,
513820,港股分红,34941427,1676544,1183954.0,2026-07-30,SSE,margin_detail,,
513850,美国50,90947067,6544210,5220019.0,2026-07-30,SSE,margin_detail,,
513860,HKC科技,34496893,8032837,6691455.0,2026-07-30,SSE,margin_detail,,
513870,纳指指数,133027984,20636315,19690254.0,2026-07-30,SSE,margin_detail,,
513880,日经225,67088308,34144971,32915255.0,2026-07-30,SSE,margin_detail,,
513890,HK科技,10212891,1844147,2981555.0,2026-07-30,SSE,margin_detail,,
513910,红利央企,38475855,3951466,5584097.0,2026-07-30,SSE,margin_detail,,
513920,央企40,25326782,10041225,11058170.0,2026-07-30,SSE,margin_detail,,
513950,恒生红利,15572469,1499681,1604367.0,2026-07-30,SSE,margin_detail,,
513970,恒生消费,72799775,5394051,8754251.0,2026-07-30,SSE,margin_detail,,
513980,科技港股,202738057,41225995,43625756.0,2026-07-30,SSE,margin_detail,,
515000,科技ETF,62219405,9419171,10815720.0,2026-07-30,SSE,margin_detail,,
515010,华夏证券,69160435,6686280,5329801.0,2026-07-30,SSE,margin_detail,,
515020,银行指数,2728784,2558485,6300700.0,2026-07-30,SSE,margin_detail,,
515030,新汽车,28650513,3540610,4481229.0,2026-07-30,SSE,margin_detail,,
515050,5GETF,385868739,48594040,63062143.0,2026-07-30,SSE,margin_detail,,
515060,华夏地产,6370478,1867696,1613849.0,2026-07-30,SSE,margin_detail,,
515070,AI智能,81142998,6429195,8426629.0,2026-07-30,SSE,margin_detail,,
515080,中证红利,193012719,22018005,74058401.0,2026-07-30,SSE,margin_detail,,
515100,红利100,57890479,6532594,12046110.0,2026-07-30,SSE,margin_detail,,
515120,创新药,405999205,57631014,65440767.0,2026-07-30,SSE,margin_detail,,
515170,食品饮料,126601809,10922457,10402632.0,2026-07-30,SSE,margin_detail,,
515180,100红利,150468393,15746468,30531512.0,2026-07-30,SSE,margin_detail,,
515210,钢铁ETF,26957949,16929051,13428619.0,2026-07-30,SSE,margin_detail,,
515220,煤炭ETF,166866810,18765128,33743212.0,2026-07-30,SSE,margin_detail,,
515230,软件ETF,224961160,25035401,28557397.0,2026-07-30,SSE,margin_detail,,
515260,电子ETF,3380162,1761763,1339087.0,2026-07-30,SSE,margin_detail,,
515290,银行,73360884,3737202,1691175.0,2026-07-30,SSE,margin_detail,,
515300,红利300,9344027,1915454,2516311.0,2026-07-30,SSE,margin_detail,,
515330,天弘300,2552116,295338,281755.0,2026-07-30,SSE,margin_detail,,
515370,中证光伏,3577439,346107,256136.0,2026-07-30,SSE,margin_detail,,
515380,泰康300,1439171,379576,296899.0,2026-07-30,SSE,margin_detail,,
515390,HS300,5394000,2507061,2366242.0,2026-07-30,SSE,margin_detail,,
515400,大数据,80568717,9134435,9993215.0,2026-07-30,SSE,margin_detail,,
515450,红利50,64342216,2449263,9575930.0,2026-07-30,SSE,margin_detail,,
515630,保险证券,32340508,2908042,3379251.0,2026-07-30,SSE,margin_detail,,
515650,消费50,65730169,5339365,8903724.0,2026-07-30,SSE,margin_detail,,
515700,新能车,25363785,3403739,1800549.0,2026-07-30,SSE,margin_detail,,
515710,食品ETF,29678082,2373109,1768298.0,2026-07-30,SSE,margin_detail,,
515750,科技50,1335353,129234,118313.0,2026-07-30,SSE,margin_detail,,
515790,光伏ETF,171861370,25844891,18612465.0,2026-07-30,SSE,margin_detail,,
515800,800ETF,7165858,3347188,2890731.0,2026-07-30,SSE,margin_detail,,
515850,证券龙头,5243783,2581930,2504814.0,2026-07-30,SSE,margin_detail,,
515880,通信ETF,1408860813,181548791,242000369.0,2026-07-30,SSE,margin_detail,,
515950,医药龙头,8141405,649147,570516.0,2026-07-30,SSE,margin_detail,,
515970,华夏机械,2289482,313511,1198271.0,2026-07-30,SSE,margin_detail,,
515980,人工智能,149082295,17115486,19347527.0,2026-07-30,SSE,margin_detail,,
516010,游戏ETF,52707792,7328914,11533375.0,2026-07-30,SSE,margin_detail,,
516020,化工ETF,31717028,1522823,2105450.0,2026-07-30,SSE,margin_detail,,
516080,创新医药,104601700,14147740,20294538.0,2026-07-30,SSE,margin_detail,,
516090,新能源E,23681670,5788638,4535008.0,2026-07-30,SSE,margin_detail,,
516100,科技金融,41364739,5217959,5712358.0,2026-07-30,SSE,margin_detail,,
516120,化工50,20427713,3563802,2009133.0,2026-07-30,SSE,margin_detail,,
516130,消费龙头,1788028,199405,864416.0,2026-07-30,SSE,margin_detail,,
516150,稀土基金,52943118,4127374,4993486.0,2026-07-30,SSE,margin_detail,,
516160,新能源,49645891,37967805,33682765.0,2026-07-30,SSE,margin_detail,,
516310,银行指基,17507662,4266167,5522469.0,2026-07-30,SSE,margin_detail,,
516350,芯片50,32217220,10054414,11064557.0,2026-07-30,SSE,margin_detail,,
516510,云计算,58783546,6382694,9604311.0,2026-07-30,SSE,margin_detail,,
516520,智能驾驶,48108943,7936995,5333848.0,2026-07-30,SSE,margin_detail,,
516570,石化ETF,3290023,1562976,597574.0,2026-07-30,SSE,margin_detail,,
516630,云计算50,11923096,2650951,2501103.0,2026-07-30,SSE,margin_detail,,
516640,芯片龙头,39641408,8070026,7703015.0,2026-07-30,SSE,margin_detail,,
516650,有色50,45087624,16795821,17894605.0,2026-07-30,SSE,margin_detail,,
516670,畜牧养殖,29308188,2094923,2421063.0,2026-07-30,SSE,margin_detail,,
516780,稀土ETF,32405535,3474924,2525364.0,2026-07-30,SSE,margin_detail,,
516820,医疗创新,73904169,2673940,9147397.0,2026-07-30,SSE,margin_detail,,
516860,金融科技,61904860,6754739,10456762.0,2026-07-30,SSE,margin_detail,,
516880,光伏50,10823370,286585,459516.0,2026-07-30,SSE,margin_detail,,
516920,芯片基金,13516220,3309929,3148185.0,2026-07-30,SSE,margin_detail,,
516970,基建50,9535465,3188010,1327934.0,2026-07-30,SSE,margin_detail,,
517110,创新药HK,7684001,446623,850038.0,2026-07-30,SSE,margin_detail,,
517300,AH300ETF,1151414,802623,363921.0,2026-07-30,SSE,margin_detail,,
517380,创新药AH,37529711,2296862,3218829.0,2026-07-30,SSE,margin_detail,,
517400,黄金股票,10019612,1821463,1422143.0,2026-07-30,SSE,margin_detail,,
517520,黄金股,241430539,29121312,49664975.0,2026-07-30,SSE,margin_detail,,
517900,银行优选,7248205,243659,309316.0,2026-07-30,SSE,margin_detail,,
518600,上海金,16018069,10686563,12251311.0,2026-07-30,SSE,margin_detail,,
518660,工银黄金,23867460,7693978,7524000.0,2026-07-30,SSE,margin_detail,,
518680,金ETF,14201036,6214825,6986068.0,2026-07-30,SSE,margin_detail,,
518800,黄金基金,280093457,25681204,25170507.0,2026-07-30,SSE,margin_detail,,
518850,黄金9999,200520073,24666761,23449746.0,2026-07-30,SSE,margin_detail,,
518860,上海金E,1375367,1876694,1877232.0,2026-07-30,SSE,margin_detail,,
518880,黄金ETF,5865507192,159718013,201596467.0,2026-07-30,SSE,margin_detail,,
520500,恒生新药,168673936,72315937,69722922.0,2026-07-30,SSE,margin_detail,,
520550,红利恒生,41956784,6131535,4641366.0,2026-07-30,SSE,margin_detail,,
520560,香港30,3099084,132572,460690.0,2026-07-30,SSE,margin_detail,,
520570,科技恒指,19536470,1494638,693881.0,2026-07-30,SSE,margin_detail,,
520650,互联网HK,221858,53672,96810.0,2026-07-30,SSE,margin_detail,,
520660,港红利CS,5862603,1289151,1236617.0,2026-07-30,SSE,margin_detail,,
520700,创新药WJ,18923482,15447872,10842847.0,2026-07-30,SSE,margin_detail,,
520830,沙特ETF,17621712,2953074,5369054.0,2026-07-30,SSE,margin_detail,,
520840,港科技,23013943,4510772,4050455.0,2026-07-30,SSE,margin_detail,,
520870,巴西ETF,14727966,3482045,3359066.0,2026-07-30,SSE,margin_detail,,
520880,港创新药,78098786,32405123,29951575.0,2026-07-30,SSE,margin_detail,,
520900,红利香港,8517401,5168320,5176540.0,2026-07-30,SSE,margin_detail,,
520920,恒生科TH,33310922,10292122,8152924.0,2026-07-30,SSE,margin_detail,,
520970,港股通药,11560971,8914961,2783497.0,2026-07-30,SSE,margin_detail,,
520980,港科技30,75845485,32537490,13324904.0,2026-07-30,SSE,margin_detail,,
520990,国新红利,47794398,11084716,19568313.0,2026-07-30,SSE,margin_detail,,
560010,1000基金,53123885,19624416,16073694.0,2026-07-30,SSE,margin_detail,,
560050,MSCIA50,7684014,1022020,913215.0,2026-07-30,SSE,margin_detail,,
560080,中药ETF,56871104,6291644,6314832.0,2026-07-30,SSE,margin_detail,,
560090,证券指数,118045241,5066767,8849274.0,2026-07-30,SSE,margin_detail,,
560120,500现金,1447206,538766,342428.0,2026-07-30,SSE,margin_detail,,
560260,医疗50,6411599,384782,1344251.0,2026-07-30,SSE,margin_detail,,
560280,工程机械,19177356,49028319,49925585.0,2026-07-30,SSE,margin_detail,,
560350,A50指数,5900375,596248,631841.0,2026-07-30,SSE,margin_detail,,
560390,电网E,48424573,3722630,11340332.0,2026-07-30,SSE,margin_detail,,
560510,中证A500,7594152,2979892,1471025.0,2026-07-30,SSE,margin_detail,,
560530,A500ETF,15607850,3042101,2811234.0,2026-07-30,SSE,margin_detail,,
560570,A500低波,254685,237442,36200.0,2026-07-30,SSE,margin_detail,,
560610,A500指数,12156384,1296121,1341516.0,2026-07-30,SSE,margin_detail,,
560710,船舶ETF,18806679,2664878,4814645.0,2026-07-30,SSE,margin_detail,,
560770,机器人ZS,8159892,1555168,1849980.0,2026-07-30,SSE,margin_detail,,
560780,半导设备,228153923,58018781,54684553.0,2026-07-30,SSE,margin_detail,,
560830,电指数,5791559,538540,2129405.0,2026-07-30,SSE,margin_detail,,
560860,工业有色,141954657,8769161,10259356.0,2026-07-30,SSE,margin_detail,,
561100,电子龙头,9271094,3652487,1318888.0,2026-07-30,SSE,margin_detail,,
561160,锂电池,25215026,7078482,5497191.0,2026-07-30,SSE,margin_detail,,
561170,绿电50,1894294,1368854,1228335.0,2026-07-30,SSE,margin_detail,,
561330,矿业ETF,22283721,1293543,1231127.0,2026-07-30,SSE,margin_detail,,
561360,石油ETF,4566557,10454564,10673980.0,2026-07-30,SSE,margin_detail,,
561380,电网ETF,31161803,1740419,1569472.0,2026-07-30,SSE,margin_detail,,
561550,500指增,49091191,7487184,8862663.0,2026-07-30,SSE,margin_detail,,
561560,电力ETF,23651099,3624001,2480282.0,2026-07-30,SSE,margin_detail,,
561580,央企红利,23306474,5829495,10945780.0,2026-07-30,SSE,margin_detail,,
561910,电池ETF,52132443,2857838,4632703.0,2026-07-30,SSE,margin_detail,,
561980,芯片设备,144190193,24299731,28860573.0,2026-07-30,SSE,margin_detail,,
562060,标普红利,3444455,907608,814668.0,2026-07-30,SSE,margin_detail,,
562310,300成长,8698925,1469936,533778.0,2026-07-30,SSE,margin_detail,,
562500,机器人,817280677,66543399,62526520.0,2026-07-30,SSE,margin_detail,,
562510,旅游ETF,21811860,3464509,2623026.0,2026-07-30,SSE,margin_detail,,
562550,绿电ETF,15780428,1870337,2318387.0,2026-07-30,SSE,margin_detail,,
562590,半导材料,561524517,50294759,39871751.0,2026-07-30,SSE,margin_detail,,
562800,稀有金属,103781112,14196139,12347256.0,2026-07-30,SSE,margin_detail,,
562880,电池基金,8808952,3525780,2842591.0,2026-07-30,SSE,margin_detail,,
562930,软件30,19333902,3179813,3600671.0,2026-07-30,SSE,margin_detail,,
562950,消电50,27773224,4188455,3574510.0,2026-07-30,SSE,margin_detail,,
562960,绿色电力,12518124,1190217,1462938.0,2026-07-30,SSE,margin_detail,,
563000,中国A50,1118101,145609,160081.0,2026-07-30,SSE,margin_detail,,
563020,低波红利,161456055,11535477,17031849.0,2026-07-30,SSE,margin_detail,,
563080,中证A50E,1958835,446478,420934.0,2026-07-30,SSE,margin_detail,,
563220,A500富国,5634723,522886,498086.0,2026-07-30,SSE,margin_detail,,
563230,卫星ETF,197146409,16136650,19454539.0,2026-07-30,SSE,margin_detail,,
563300,中证2000,282133261,116274970,110918484.0,2026-07-30,SSE,margin_detail,,
563360,A500基金,125281463,45667030,53512752.0,2026-07-30,SSE,margin_detail,,
563380,航空航天,20837594,104928,2856413.0,2026-07-30,SSE,margin_detail,,
563390,现金基金,1789455,985301,2217988.0,2026-07-30,SSE,margin_detail,,
563530,卫星E,61006823,3797337,2784260.0,2026-07-30,SSE,margin_detail,,
563790,卫星产业,24800190,2216003,2822649.0,2026-07-30,SSE,margin_detail,,
563800,A500龙头,29943763,8195502,5931130.0,2026-07-30,SSE,margin_detail,,
563880,A500添富,931131,507119,1124174.0,2026-07-30,SSE,margin_detail,,
588000,科创50,3139052766,1411056396,923352883.0,2026-07-30,SSE,margin_detail,,
588010,科创材料,28389697,12225406,9722812.0,2026-07-30,SSE,margin_detail,,
588020,科创50E,43648053,17403729,13465602.0,2026-07-30,SSE,margin_detail,,
588030,科创指基,71708311,15893588,7252455.0,2026-07-30,SSE,margin_detail,,
588050,科创ETF,111016529,32063605,18663646.0,2026-07-30,SSE,margin_detail,,
588060,上证科创,178825787,50086421,32399916.0,2026-07-30,SSE,margin_detail,,
588080,科创板50,600659127,158351853,127948115.0,2026-07-30,SSE,margin_detail,,
588090,科创板,64784306,12045810,9495939.0,2026-07-30,SSE,margin_detail,,
588110,科创成长,9947809,1023794,1209702.0,2026-07-30,SSE,margin_detail,,
588120,科100ETF,17814930,4429388,6980952.0,2026-07-30,SSE,margin_detail,,
588160,科创新材,8232217,3896107,5518194.0,2026-07-30,SSE,margin_detail,,
588170,科创半导,1857083091,657246406,556582843.0,2026-07-30,SSE,margin_detail,,
588180,科创50基,16495537,3156460,1926793.0,2026-07-30,SSE,margin_detail,,
588190,科创100,38616822,6177701,5807174.0,2026-07-30,SSE,margin_detail,,
588200,科创芯片,2100700093,312722620,230872782.0,2026-07-30,SSE,margin_detail,,
588220,科创100F,86616580,26347558,19761272.0,2026-07-30,SSE,margin_detail,,
588230,科创200,41775307,6941334,6741428.0,2026-07-30,SSE,margin_detail,,
588290,芯片科创,111649221,11177187,14055925.0,2026-07-30,SSE,margin_detail,,
588300,双创ETF,14405692,2101598,2319795.0,2026-07-30,SSE,margin_detail,,
588330,双创龙头,38168170,8313017,7293994.0,2026-07-30,SSE,margin_detail,,
588380,创50ETF,29684277,4809734,5025611.0,2026-07-30,SSE,margin_detail,,
588400,双创50,7135915,1143368,372117.0,2026-07-30,SSE,margin_detail,,
588460,科创增强,16566675,8264463,6408465.0,2026-07-30,SSE,margin_detail,,
588710,科半导体,556954592,196914871,130644883.0,2026-07-30,SSE,margin_detail,,
588730,科创AI,13191674,3875324,3262275.0,2026-07-30,SSE,margin_detail,,
588750,科创芯50,72370508,13930685,16016212.0,2026-07-30,SSE,margin_detail,,
588760,AI科创,73003820,9930315,11672364.0,2026-07-30,SSE,margin_detail,,
588780,芯片设计,37277264,8456154,8418623.0,2026-07-30,SSE,margin_detail,,
588790,科创智能,79810623,9259254,11603540.0,2026-07-30,SSE,margin_detail,,
588800,科创100C,30059809,6333632,5508018.0,2026-07-30,SSE,margin_detail,,
588810,科创板芯,23559432,7396567,7890393.0,2026-07-30,SSE,margin_detail,,
588830,科创新能,20618478,4938140,5237308.0,2026-07-30,SSE,margin_detail,,
588870,科创50指,22054641,11834115,7665065.0,2026-07-30,SSE,margin_detail,,
588890,科创芯,30386332,7808957,7100864.0,2026-07-30,SSE,margin_detail,,
588930,科创板AI,20378489,2879383,2236391.0,2026-07-30,SSE,margin_detail,,
588940,科创富国,30248072,8101932,7280672.0,2026-07-30,SSE,margin_detail,,
588990,科芯片,3165364,3155464,1561326.0,2026-07-30,SSE,margin_detail,,
589000,科创综指,23615493,3931009,4700381.0,2026-07-30,SSE,margin_detail,,
589010,科创AI指,5899426,2073021,5556093.0,2026-07-30,SSE,margin_detail,,
589020,KC半导体,307285365,109641828,100196510.0,2026-07-30,SSE,margin_detail,,
589070,科芯TH,14427718,4007207,5284019.0,2026-07-30,SSE,margin_detail,,
589100,国泰芯片,16638015,4277025,1869223.0,2026-07-30,SSE,margin_detail,,
589110,科AI国泰,2887785,441013,692279.0,2026-07-30,SSE,margin_detail,,
589120,创新药基,45007819,7610230,6729695.0,2026-07-30,SSE,margin_detail,,
589130,科创芯易,53545690,9855547,8854684.0,2026-07-30,SSE,margin_detail,,
589190,科创芯基,13333751,2042564,1555301.0,2026-07-30,SSE,margin_detail,,
589210,芯设计GF,547070,417667,1175370.0,2026-07-30,SSE,margin_detail,,
589520,AI科创板,4510007,470358,1522070.0,2026-07-30,SSE,margin_detail,,
589680,科创综Z,7005363,2995844,3288479.0,2026-07-30,SSE,margin_detail,,
589720,科创新药,368013245,43143675,54944896.0,2026-07-30,SSE,margin_detail,,
589800,科创综合,24998632,5921414,5113970.0,2026-07-30,SSE,margin_detail,,
589850,科创东财,41926752,17872495,13909537.0,2026-07-30,SSE,margin_detail,,
600000,浦发银行,3639260040,39399599,69352941.0,2026-07-30,SSE,margin_detail,finance,金融
600004,白云机场,358826609,4366098,8195994.0,2026-07-30,SSE,margin_detail,,
600006,东风股份,324545894,7122252,6652558.0,2026-07-30,SSE,margin_detail,,
600007,中国国贸,214131849,3078348,4268336.0,2026-07-30,SSE,margin_detail,,
600008,首创环保,479027958,26165909,27546307.0,2026-07-30,SSE,margin_detail,,
600009,上海机场,1666276612,24357879,28850283.0,2026-07-30,SSE,margin_detail,,
600010,包钢股份,2576519018,146635089,144414298.0,2026-07-30,SSE,margin_detail,,
600011,华能国际,1112044237,69532361,57333621.0,2026-07-30,SSE,margin_detail,,
600012,皖通高速,24293675,11777821,11209369.0,2026-07-30,SSE,margin_detail,,
600015,华夏银行,1973688844,52526219,53689209.0,2026-07-30,SSE,margin_detail,,
600016,民生银行,7636261115,114628425,171803680.0,2026-07-30,SSE,margin_detail,,
600017,日照港,301625965,13577042,12567607.0,2026-07-30,SSE,margin_detail,,
600018,上港集团,604591002,21344705,16306819.0,2026-07-30,SSE,margin_detail,,
600019,宝钢股份,1596686862,25946544,53820638.0,2026-07-30,SSE,margin_detail,,
600020,中原高速,138019996,5873745,8518887.0,2026-07-30,SSE,margin_detail,,
600021,上海电力,1080338405,53414531,54846146.0,2026-07-30,SSE,margin_detail,,
600022,山东钢铁,289989956,11480336,12393598.0,2026-07-30,SSE,margin_detail,,
600023,浙能电力,369100268,14863206,18107080.0,2026-07-30,SSE,margin_detail,,
600025,华能水电,1758357303,16903986,19682680.0,2026-07-30,SSE,margin_detail,,
600026,中远海能,1741290303,70587706,89853252.0,2026-07-30,SSE,margin_detail,,
600027,华电国际,662203535,24080506,34464050.0,2026-07-30,SSE,margin_detail,,
600028,中国石化,1716290210,54031920,191967952.0,2026-07-30,SSE,margin_detail,,
600029,南方航空,663724211,38611486,48532447.0,2026-07-30,SSE,margin_detail,,
600030,中信证券,18233520852,371891214,517907798.0,2026-07-30,SSE,margin_detail,,
600031,三一重工,1424360346,86928745,118269802.0,2026-07-30,SSE,margin_detail,,
600032,浙江新能,158918582,13699016,20663019.0,2026-07-30,SSE,margin_detail,,
600033,福建高速,321236143,5674743,8320714.0,2026-07-30,SSE,margin_detail,,
600035,楚天高速,107650944,9325849,10831966.0,2026-07-30,SSE,margin_detail,,
600036,招商银行,10477365812,183138884,289644731.0,2026-07-30,SSE,margin_detail,,
600037,歌华有线,480969392,13905756,12261872.0,2026-07-30,SSE,margin_detail,,
600038,中直股份,968503298,21017996,28244818.0,2026-07-30,SSE,margin_detail,,
600039,四川路桥,93655485,8620729,5522023.0,2026-07-30,SSE,margin_detail,,
600048,保利发展,2737823441,72710975,118256199.0,2026-07-30,SSE,margin_detail,,
600050,中国联通,2803602232,56500237,63767789.0,2026-07-30,SSE,margin_detail,,
600055,万东医疗,362429970,3744109,5369717.0,2026-07-30,SSE,margin_detail,,
600056,中国医药,458054948,11068517,11532984.0,2026-07-30,SSE,margin_detail,,
600057,厦门象屿,252886519,6471708,8616606.0,2026-07-30,SSE,margin_detail,,
600058,五矿发展,336004035,9584728,8662209.0,2026-07-30,SSE,margin_detail,,
600059,古越龙山,437123022,6645844,8339937.0,2026-07-30,SSE,margin_detail,,
600060,海信视像,263578906,33509889,24017115.0,2026-07-30,SSE,margin_detail,,
600061,国投资本,1424308148,23302614,36849601.0,2026-07-30,SSE,margin_detail,,
600062,华润双鹤,505901071,14680449,21083742.0,2026-07-30,SSE,margin_detail,,
600063,皖维高新,829990648,32010810,28344227.0,2026-07-30,SSE,margin_detail,,
600064,南京高科,397096421,20807176,24688826.0,2026-07-30,SSE,margin_detail,,
600066,宇通客车,150244987,22513059,10898386.0,2026-07-30,SSE,margin_detail,,
600067,冠城新材,214295971,5311372,5876627.0,2026-07-30,SSE,margin_detail,,
600071,凤凰光学,187209687,3154401,2622555.0,2026-07-30,SSE,margin_detail,,
600072,中船科技,464936857,22907125,18907372.0,2026-07-30,SSE,margin_detail,,
600073,光明肉业,349381156,4184731,4051010.0,2026-07-30,SSE,margin_detail,,
600075,新疆天业,158115824,6263166,25433226.0,2026-07-30,SSE,margin_detail,,
600076,康欣新材,233866581,9475195,7187282.0,2026-07-30,SSE,margin_detail,,
600078,澄星股份,46773792,11308415,6960593.0,2026-07-30,SSE,margin_detail,,
600081,东风科技,96609686,2488107,3325863.0,2026-07-30,SSE,margin_detail,,
600085,同仁堂,1009950218,28454267,28488454.0,2026-07-30,SSE,margin_detail,,
600088,中视传媒,272649349,2492107,4575421.0,2026-07-30,SSE,margin_detail,,
600089,特变电工,5484431339,186248176,210727936.0,2026-07-30,SSE,margin_detail,,
600094,大名城,649710023,3950317,5200597.0,2026-07-30,SSE,margin_detail,,
600095,湘财股份,676582313,48647260,48144810.0,2026-07-30,SSE,margin_detail,,
600096,云天化,2996885363,53037849,125106456.0,2026-07-30,SSE,margin_detail,,
600098,广州发展,302984787,8740182,12076544.0,2026-07-30,SSE,margin_detail,,
600100,同方股份,1795645160,24266995,23789615.0,2026-07-30,SSE,margin_detail,,
600101,明星电力,251735070,10856977,11429895.0,2026-07-30,SSE,margin_detail,,
600104,上汽集团,2910632672,50967125,70440560.0,2026-07-30,SSE,margin_detail,,
600105,永鼎股份,1665888298,150954008,319526410.0,2026-07-30,SSE,margin_detail,,
600106,重庆路桥,461281630,2650365,5043909.0,2026-07-30,SSE,margin_detail,,
600108,亚盛集团,332085433,17055248,23337199.0,2026-07-30,SSE,margin_detail,,
600109,国金证券,1581897213,23638301,42105790.0,2026-07-30,SSE,margin_detail,,
600110,诺德股份,517931382,33929895,39709848.0,2026-07-30,SSE,margin_detail,,
600111,北方稀土,6581836970,123806629,131607899.0,2026-07-30,SSE,margin_detail,,
600113,浙江东日,865392240,15584693,29386672.0,2026-07-30,SSE,margin_detail,,
600114,东睦股份,1707551765,28160829,35528829.0,2026-07-30,SSE,margin_detail,,
600115,中国东航,482168448,38681881,35334913.0,2026-07-30,SSE,margin_detail,,
600116,三峡水利,201706690,11292802,11682725.0,2026-07-30,SSE,margin_detail,,
600118,中国卫星,2969684795,107361456,119539114.0,2026-07-30,SSE,margin_detail,,
600120,浙江东方,708380238,23614024,30757960.0,2026-07-30,SSE,margin_detail,,
600121,郑州煤电,138329911,15832082,10919492.0,2026-07-30,SSE,margin_detail,,
600123,兰花科创,355047096,58345367,30663790.0,2026-07-30,SSE,margin_detail,,
600125,铁龙物流,469295722,8225683,10263768.0,2026-07-30,SSE,margin_detail,,
600126,杭钢股份,659305409,35288266,33807343.0,2026-07-30,SSE,margin_detail,,
600127,金健米业,137648557,4277415,5379278.0,2026-07-30,SSE,margin_detail,,
600129,太极集团,361523817,22519823,28147245.0,2026-07-30,SSE,margin_detail,,
600131,国网信通,473036509,6850818,12141460.0,2026-07-30,SSE,margin_detail,,
600132,重庆啤酒,340316468,12523589,27855237.0,2026-07-30,SSE,margin_detail,,
600133,东湖高新,834761204,20900453,18552109.0,2026-07-30,SSE,margin_detail,,
600135,乐凯胶片,194387428,6242387,3143003.0,2026-07-30,SSE,margin_detail,,
600138,中青旅,345718130,8298670,6526071.0,2026-07-30,SSE,margin_detail,,
600141,兴发集团,1567529639,79329994,95093737.0,2026-07-30,SSE,margin_detail,,
600143,金发科技,1643741551,34387266,36274905.0,2026-07-30,SSE,margin_detail,,
600150,中国船舶,6993833226,462888138,450529573.0,2026-07-30,SSE,margin_detail,,
600151,航天机电,792426730,24022520,26846203.0,2026-07-30,SSE,margin_detail,,
600153,建发股份,331401158,9435607,11628199.0,2026-07-30,SSE,margin_detail,,
600155,华创云信,1270166667,26115283,43688026.0,2026-07-30,SSE,margin_detail,,
600157,永泰能源,1440938246,162294751,147276572.0,2026-07-30,SSE,margin_detail,,
600158,中体产业,506095124,31138830,37431141.0,2026-07-30,SSE,margin_detail,,
600160,巨化股份,4110230698,129545982,202511846.0,2026-07-30,SSE,margin_detail,,
600161,天坛生物,1259266902,11924942,16543479.0,2026-07-30,SSE,margin_detail,,
600162,香江控股,274972102,25518090,28017636.0,2026-07-30,SSE,margin_detail,,
600163,中闽能源,237861313,10620142,10654561.0,2026-07-30,SSE,margin_detail,,
600166,福田汽车,506788625,50523264,57043726.0,2026-07-30,SSE,margin_detail,,
600167,联美控股,601420215,2363551,5721815.0,2026-07-30,SSE,margin_detail,,
600168,武汉控股,127216331,2209730,3863996.0,2026-07-30,SSE,margin_detail,,
600170,上海建工,726792009,39434712,42242437.0,2026-07-30,SSE,margin_detail,,
600171,上海贝岭,951344963,20087559,22574251.0,2026-07-30,SSE,margin_detail,,
600172,黄河旋风,564239747,53760876,65285800.0,2026-07-30,SSE,margin_detail,,
600176,中国巨石,3837915179,985909484,788454792.0,2026-07-30,SSE,margin_detail,,
600177,雅戈尔,306704350,27103951,22824887.0,2026-07-30,SSE,margin_detail,,
600179,安通控股,631729684,10342151,14609808.0,2026-07-30,SSE,margin_detail,,
600183,生益科技,2945479080,431656633,588904958.0,2026-07-30,SSE,margin_detail,,
600184,光电股份,418750872,18842782,26438732.0,2026-07-30,SSE,margin_detail,,
600185,珠免集团,425525106,7806264,10728858.0,2026-07-30,SSE,margin_detail,,
600186,莲花控股,908094731,56253941,63776467.0,2026-07-30,SSE,margin_detail,,
600188,兖矿能源,488520978,67005842,49951451.0,2026-07-30,SSE,margin_detail,,
600192,长城电工,140009538,3445222,3100426.0,2026-07-30,SSE,margin_detail,,
600195,中牧股份,184905620,3384984,3449128.0,2026-07-30,SSE,margin_detail,,
600196,复星医药,2197731433,37480908,35826143.0,2026-07-30,SSE,margin_detail,,
600197,伊力特,159218893,12993392,10988923.0,2026-07-30,SSE,margin_detail,,
600198,大唐电信,46243332,7816653,5456885.0,2026-07-30,SSE,margin_detail,,
600199,金种子酒,182522482,33149214,41309064.0,2026-07-30,SSE,margin_detail,,
600201,生物股份,1490710590,14270801,15429996.0,2026-07-30,SSE,margin_detail,,
600203,福日电子,180796041,11119344,7509308.0,2026-07-30,SSE,margin_detail,,
600206,有研新材,1053944391,263815307,261300669.0,2026-07-30,SSE,margin_detail,,
600207,安彩高科,236604050,5890913,6332557.0,2026-07-30,SSE,margin_detail,,
600208,衢州发展,1104898708,23910361,23847232.0,2026-07-30,SSE,margin_detail,,
600210,紫江企业,429198803,9426525,11687092.0,2026-07-30,SSE,margin_detail,,
600211,西藏药业,311843098,10931824,17402176.0,2026-07-30,SSE,margin_detail,,
600212,绿能慧充,149068960,2662752,5583274.0,2026-07-30,SSE,margin_detail,,
600216,浙江医药,606188860,16412982,21753862.0,2026-07-30,SSE,margin_detail,,
600217,中再资环,296331839,3236904,3203397.0,2026-07-30,SSE,margin_detail,,
600218,全柴动力,290479512,4199239,5803333.0,2026-07-30,SSE,margin_detail,,
600219,南山铝业,1487434445,77201831,139439331.0,2026-07-30,SSE,margin_detail,,
600221,海航控股,928250353,47167110,44542454.0,2026-07-30,SSE,margin_detail,,
600222,太龙药业,372905002,4508151,4417885.0,2026-07-30,SSE,margin_detail,,
600223,福瑞达,329604079,7732619,4810235.0,2026-07-30,SSE,margin_detail,,
600226,亨通股份,505729589,43200332,48426030.0,2026-07-30,SSE,margin_detail,,
600229,城市传媒,117972557,2350682,3646483.0,2026-07-30,SSE,margin_detail,,
600230,沧州大化,233447004,19252572,15743268.0,2026-07-30,SSE,margin_detail,,
600231,凌钢股份,84214057,2362937,1441446.0,2026-07-30,SSE,margin_detail,,
600233,圆通速递,160194872,20000900,18338754.0,2026-07-30,SSE,margin_detail,,
600236,桂冠电力,133092825,23275165,27132042.0,2026-07-30,SSE,margin_detail,,
600237,铜峰电子,467887239,25075696,27525748.0,2026-07-30,SSE,margin_detail,,
600246,万通发展,1650877900,94378216,153041530.0,2026-07-30,SSE,margin_detail,,
600248,陕建股份,207644771,3875531,4177023.0,2026-07-30,SSE,margin_detail,,
600251,冠农股份,421417636,11353151,14777223.0,2026-07-30,SSE,margin_detail,,
600252,中恒集团,306343771,6147184,8292023.0,2026-07-30,SSE,margin_detail,,
600255,鑫科材料,385321103,23381803,15898275.0,2026-07-30,SSE,margin_detail,,
600256,广汇能源,1550787144,57123471,59934065.0,2026-07-30,SSE,margin_detail,,
600257,大湖股份,162571937,13322342,11655683.0,2026-07-30,SSE,margin_detail,,
600258,首旅酒店,232560660,21977627,35656500.0,2026-07-30,SSE,margin_detail,,
600259,中稀有色,985586402,55655628,66690807.0,2026-07-30,SSE,margin_detail,,
600261,阳光照明,185794342,2973549,4758520.0,2026-07-30,SSE,margin_detail,,
600266,城建发展,472186471,12648526,11461477.0,2026-07-30,SSE,margin_detail,,
600267,海正药业,758441235,29842693,36071611.0,2026-07-30,SSE,margin_detail,,
600268,国电南自,362230631,35103271,25142708.0,2026-07-30,SSE,margin_detail,,
600269,赣粤高速,233344302,4530653,13525464.0,2026-07-30,SSE,margin_detail,,
600271,航天信息,617345597,16750507,12327800.0,2026-07-30,SSE,margin_detail,,
600273,嘉化能源,271801680,8167845,14427282.0,2026-07-30,SSE,margin_detail,,
600276,恒瑞医药,5482101333,213377814,386956103.0,2026-07-30,SSE,margin_detail,healthcare,医药医疗
600278,东方创业,193129811,4930493,3975178.0,2026-07-30,SSE,margin_detail,,
600282,南钢股份,191846872,6507281,8550826.0,2026-07-30,SSE,margin_detail,,
600284,浦东建设,322483795,11634632,8374993.0,2026-07-30,SSE,margin_detail,,
600285,羚锐制药,340807747,11795492,17584226.0,2026-07-30,SSE,margin_detail,,
600288,大恒科技,406518135,31289375,37211904.0,2026-07-30,SSE,margin_detail,,
600292,电投水电,435642949,8792351,7931093.0,2026-07-30,SSE,margin_detail,,
600293,三峡新材,141946081,7626266,7100887.0,2026-07-30,SSE,margin_detail,,
600295,鄂尔多斯,76541069,8513379,5936687.0,2026-07-30,SSE,margin_detail,,
600298,安琪酵母,463349714,23384540,44145956.0,2026-07-30,SSE,margin_detail,,
600299,安迪苏,282706183,24950761,30717305.0,2026-07-30,SSE,margin_detail,,
600301,华锡有色,49665142,17042047,19177488.0,2026-07-30,SSE,margin_detail,,
600305,恒顺醋业,154899395,4788179,7654054.0,2026-07-30,SSE,margin_detail,,
600307,酒钢宏兴,193536083,9857145,9759144.0,2026-07-30,SSE,margin_detail,,
600308,华泰股份,273677934,3284315,3272809.0,2026-07-30,SSE,margin_detail,,
600309,万华化学,3067839038,209557231,191141118.0,2026-07-30,SSE,margin_detail,,
600310,广西能源,193675614,26696429,28303932.0,2026-07-30,SSE,margin_detail,,
600312,平高电气,1121658723,40410055,52743101.0,2026-07-30,SSE,margin_detail,,
600313,农发种业,310593756,6031147,9031964.0,2026-07-30,SSE,margin_detail,,
600315,上海家化,354813657,12939479,15201298.0,2026-07-30,SSE,margin_detail,,
600316,洪都航空,711174213,23566986,25078189.0,2026-07-30,SSE,margin_detail,,
600318,新力金融,276910422,10992927,13443855.0,2026-07-30,SSE,margin_detail,,
600320,振华重工,451364475,14412684,15774924.0,2026-07-30,SSE,margin_detail,,
600322,津投城开,109201880,9755529,4430197.0,2026-07-30,SSE,margin_detail,,
600323,瀚蓝环境,243288619,13655542,17094601.0,2026-07-30,SSE,margin_detail,,
600325,华发股份,499039930,10939604,12161833.0,2026-07-30,SSE,margin_detail,,
600326,西藏天路,495589316,62469423,53537519.0,2026-07-30,SSE,margin_detail,,
600328,中盐化工,378123452,9901198,18478334.0,2026-07-30,SSE,margin_detail,,
600329,达仁堂,382168674,16544213,22032061.0,2026-07-30,SSE,margin_detail,,
600330,天通股份,1954124431,70285062,111051844.0,2026-07-30,SSE,margin_detail,,
600331,宏达股份,1342729897,57027360,49166094.0,2026-07-30,SSE,margin_detail,,
600332,白云山,983346688,21893478,24399767.0,2026-07-30,SSE,margin_detail,,
600333,长春燃气,75697964,4105945,2914628.0,2026-07-30,SSE,margin_detail,,
600335,国机汽车,258551663,3945139,6925777.0,2026-07-30,SSE,margin_detail,,
600336,澳柯玛,426748034,2053932,3513267.0,2026-07-30,SSE,margin_detail,,
600338,西藏珠峰,798123578,35869015,32578871.0,2026-07-30,SSE,margin_detail,,
600339,中油工程,380397224,12480370,13218478.0,2026-07-30,SSE,margin_detail,,
600343,航天动力,614576178,26801276,24292103.0,2026-07-30,SSE,margin_detail,,
600345,长江通信,621259155,24246018,39117881.0,2026-07-30,SSE,margin_detail,,
600346,恒力石化,1890077381,28397174,36069368.0,2026-07-30,SSE,margin_detail,,
600348,华阳股份,932772740,13818061,24476386.0,2026-07-30,SSE,margin_detail,,
600350,山东高速,30143619,5759898,4828082.0,2026-07-30,SSE,margin_detail,,
600351,亚宝药业,180903843,6168439,5838117.0,2026-07-30,SSE,margin_detail,,
600352,浙江龙盛,1274156793,95324521,116794632.0,2026-07-30,SSE,margin_detail,,
600353,旭光电子,986173733,81322918,130616281.0,2026-07-30,SSE,margin_detail,,
600354,敦煌种业,175614782,18605896,15143449.0,2026-07-30,SSE,margin_detail,,
600359,新农开发,92837479,2974732,3527102.0,2026-07-30,SSE,margin_detail,,
600361,创新新材,38665088,22833916,11219449.0,2026-07-30,SSE,margin_detail,,
600362,江西铜业,2384409919,131337069,170996448.0,2026-07-30,SSE,margin_detail,,
600363,联创光电,1045841896,21671318,23678276.0,2026-07-30,SSE,margin_detail,,
600366,宁波韵升,595339725,43558335,32875218.0,2026-07-30,SSE,margin_detail,,
600367,红星发展,937616697,50873001,55920959.0,2026-07-30,SSE,margin_detail,,
600368,五洲交通,160975242,8850218,4745347.0,2026-07-30,SSE,margin_detail,,
600369,西南证券,870279468,19563367,38537974.0,2026-07-30,SSE,margin_detail,,
600372,中航机载,1574343042,38172621,49757827.0,2026-07-30,SSE,margin_detail,,
600373,中文传媒,244061671,3663216,5015039.0,2026-07-30,SSE,margin_detail,,
600376,首开股份,226546911,21436553,27845470.0,2026-07-30,SSE,margin_detail,,
600377,宁沪高速,121457904,6818361,5717733.0,2026-07-30,SSE,margin_detail,,
600378,昊华科技,1060484824,174905264,216893933.0,2026-07-30,SSE,margin_detail,,
600379,宝光股份,166651978,11030257,12560694.0,2026-07-30,SSE,margin_detail,,
600380,健康元,661813596,9006947,16536856.0,2026-07-30,SSE,margin_detail,,
600383,金地集团,888113364,20275801,17694949.0,2026-07-30,SSE,margin_detail,,
600386,北巴传媒,120160602,2846999,4187970.0,2026-07-30,SSE,margin_detail,,
600388,龙净环保,427443473,26587154,36865698.0,2026-07-30,SSE,margin_detail,,
600389,江山股份,318963346,17905535,17515685.0,2026-07-30,SSE,margin_detail,,
600390,五矿资本,1049899692,28940043,35713390.0,2026-07-30,SSE,margin_detail,,
600391,航发科技,271430047,16420452,18058631.0,2026-07-30,SSE,margin_detail,,
600392,盛和资源,2455908025,126891960,114551285.0,2026-07-30,SSE,margin_detail,,
600395,盘江股份,463802799,23786496,16160792.0,2026-07-30,SSE,margin_detail,,
600398,海澜之家,144841664,15771387,22301064.0,2026-07-30,SSE,margin_detail,,
600399,抚顺特钢,470752259,9717912,12156429.0,2026-07-30,SSE,margin_detail,,
600400,红豆股份,188377292,9345182,6783999.0,2026-07-30,SSE,margin_detail,,
600403,大有能源,95605482,36789884,36633109.0,2026-07-30,SSE,margin_detail,,
600405,动力源,126030007,5620877,6707482.0,2026-07-30,SSE,margin_detail,,
600406,国电南瑞,2839994200,63877696,106825784.0,2026-07-30,SSE,margin_detail,,
600409,三友化工,212021842,14611812,16177798.0,2026-07-30,SSE,margin_detail,,
600410,华胜天成,1055863147,30122114,33011648.0,2026-07-30,SSE,margin_detail,,
600415,小商品城,1451900791,91844066,146065241.0,2026-07-30,SSE,margin_detail,,
600416,湘电股份,871835711,13672400,14187030.0,2026-07-30,SSE,margin_detail,,
600418,江淮汽车,5318086451,185542270,156076696.0,2026-07-30,SSE,margin_detail,,
600420,国药现代,376299745,6431666,7215320.0,2026-07-30,SSE,margin_detail,,
600422,昆药集团,268757871,7144350,9041016.0,2026-07-30,SSE,margin_detail,,
600425,青松建化,329172521,4643509,6337923.0,2026-07-30,SSE,margin_detail,,
600426,华鲁恒升,659473411,50840493,51346630.0,2026-07-30,SSE,margin_detail,,
600428,中远海特,347279711,43648312,49158878.0,2026-07-30,SSE,margin_detail,,
600433,冠豪高新,292710344,8883663,10365428.0,2026-07-30,SSE,margin_detail,,
600435,北方导航,650854315,29585540,14012336.0,2026-07-30,SSE,margin_detail,,
600436,片仔癀,1617766833,71820525,97264219.0,2026-07-30,SSE,margin_detail,,
600438,通威股份,2267138360,61239058,55320019.0,2026-07-30,SSE,margin_detail,,
600446,金证股份,850205443,14629888,14193512.0,2026-07-30,SSE,margin_detail,,
600448,华纺股份,282977342,2890391,2958877.0,2026-07-30,SSE,margin_detail,,
600449,宁夏建材,406733112,5906330,4361972.0,2026-07-30,SSE,margin_detail,,
600452,涪陵电力,573129898,18162639,29278828.0,2026-07-30,SSE,margin_detail,,
600456,宝钛股份,531715615,13765828,21854458.0,2026-07-30,SSE,margin_detail,,
600458,时代新材,448553114,19898173,23261051.0,2026-07-30,SSE,margin_detail,,
600459,贵研铂业,1192522118,33267429,38720997.0,2026-07-30,SSE,margin_detail,,
600460,士兰微,2009649574,263604171,252765223.0,2026-07-30,SSE,margin_detail,,
600461,洪城环境,41987343,3982497,6987529.0,2026-07-30,SSE,margin_detail,,
600467,好当家,137535829,13568086,13303927.0,2026-07-30,SSE,margin_detail,,
600469,风神股份,129158919,8655505,20601617.0,2026-07-30,SSE,margin_detail,,
600470,六国化工,134648740,10183376,6713242.0,2026-07-30,SSE,margin_detail,,
600475,华光环能,356030668,18089888,14012712.0,2026-07-30,SSE,margin_detail,,
600477,杭萧钢构,199992806,6876620,4740184.0,2026-07-30,SSE,margin_detail,,
600478,科力远,435402856,10858102,12266156.0,2026-07-30,SSE,margin_detail,,
600480,凌云股份,498373645,11386102,13053572.0,2026-07-30,SSE,margin_detail,,
600481,双良节能,326754138,7186440,7919703.0,2026-07-30,SSE,margin_detail,,
600482,XD中国动,855178986,65984967,66165583.0,2026-07-30,SSE,margin_detail,,
600483,福能股份,355215262,12783471,21313887.0,2026-07-30,SSE,margin_detail,,
600486,扬农化工,184470917,14703695,15719344.0,2026-07-30,SSE,margin_detail,,
600487,亨通光电,7005664787,761485573,839551811.0,2026-07-30,SSE,margin_detail,,
600489,中金黄金,2687817412,116769137,122010613.0,2026-07-30,SSE,margin_detail,,
600490,鹏欣资源,1019417695,17865780,24953640.0,2026-07-30,SSE,margin_detail,,
600495,晋西车轴,230874165,3837288,5422647.0,2026-07-30,SSE,margin_detail,,
600496,精工钢构,162924461,7851511,8528949.0,2026-07-30,SSE,margin_detail,,
600497,驰宏锌锗,1949404244,88569835,100789380.0,2026-07-30,SSE,margin_detail,,
600498,烽火通信,2216963117,140281663,223945350.0,2026-07-30,SSE,margin_detail,,
600499,科达制造,335298398,54117643,65514319.0,2026-07-30,SSE,margin_detail,,
600500,中化国际,749001576,34404052,23173783.0,2026-07-30,SSE,margin_detail,,
600501,航天晨光,308074183,7945065,7249147.0,2026-07-30,SSE,margin_detail,,
600502,安徽建工,218390889,7131046,8570242.0,2026-07-30,SSE,margin_detail,,
600503,华丽家族,237360330,5750306,3385290.0,2026-07-30,SSE,margin_detail,,
600505,西昌电力,89842245,6551551,9912371.0,2026-07-30,SSE,margin_detail,,
600507,方大特钢,224663146,60488553,32092134.0,2026-07-30,SSE,margin_detail,,
600508,上海能源,230767579,7010829,7016872.0,2026-07-30,SSE,margin_detail,,
600509,天富能源,646684044,31581188,34433982.0,2026-07-30,SSE,margin_detail,,
600510,黑牡丹,265825274,5851393,6376826.0,2026-07-30,SSE,margin_detail,,
600511,国药股份,342282928,14939534,11876092.0,2026-07-30,SSE,margin_detail,,
600512,腾达建设,263489523,5927206,3681565.0,2026-07-30,SSE,margin_detail,,
600515,海南机场,678789228,18351074,24635753.0,2026-07-30,SSE,margin_detail,,
600516,方大炭素,744575750,12902417,15931173.0,2026-07-30,SSE,margin_detail,,
600517,国网英大,496296297,11768927,10128369.0,2026-07-30,SSE,margin_detail,,
600518,康美药业,518911756,10962360,11083902.0,2026-07-30,SSE,margin_detail,,
600519,贵州茅台,17599123934,515285666,628676552.0,2026-07-30,SSE,margin_detail,consumption,消费
600521,华海药业,952281121,32590614,41133263.0,2026-07-30,SSE,margin_detail,,
600522,中天科技,5296159394,546435580,540361910.0,2026-07-30,SSE,margin_detail,,
600523,贵航股份,231726649,5286201,4574117.0,2026-07-30,SSE,margin_detail,,
600528,中铁工业,565478258,5557735,11564448.0,2026-07-30,SSE,margin_detail,,
600529,山东药玻,774041250,26222545,32243030.0,2026-07-30,SSE,margin_detail,,
600531,豫光金铅,1089794963,29508586,33048879.0,2026-07-30,SSE,margin_detail,,
600533,栖霞建设,148277535,1423135,3277938.0,2026-07-30,SSE,margin_detail,,
600535,天士力,568693524,26478084,64558417.0,2026-07-30,SSE,margin_detail,,
600536,中国软件,1474089889,43858410,44120142.0,2026-07-30,SSE,margin_detail,,
600545,卓郎智能,194034025,24385431,17216447.0,2026-07-30,SSE,margin_detail,,
600546,山煤国际,475294804,45643287,23435642.0,2026-07-30,SSE,margin_detail,,
600547,山东黄金,2445790729,138619877,99687167.0,2026-07-30,SSE,margin_detail,,
600548,深高速,59581923,2080643,1843525.0,2026-07-30,SSE,margin_detail,,
600549,厦门钨业,2131702412,196823136,189891607.0,2026-07-30,SSE,margin_detail,,
600550,保变电气,494005421,64554400,56000659.0,2026-07-30,SSE,margin_detail,,
600551,时代出版,193649118,2691752,3874119.0,2026-07-30,SSE,margin_detail,,
600552,凯盛科技,998014831,99423582,116102539.0,2026-07-30,SSE,margin_detail,,
600556,天下秀,312993098,10704371,12241972.0,2026-07-30,SSE,margin_detail,,
600557,康缘药业,239728747,3509835,5298890.0,2026-07-30,SSE,margin_detail,,
600559,老白干酒,383589174,9504858,13862377.0,2026-07-30,SSE,margin_detail,,
600562,国睿科技,333706036,17520162,17528500.0,2026-07-30,SSE,margin_detail,,
600563,法拉电子,887024984,42506434,64037808.0,2026-07-30,SSE,margin_detail,,
600566,济川药业,147256590,10559086,11787881.0,2026-07-30,SSE,margin_detail,,
600567,山鹰国际,334898664,3825161,5134584.0,2026-07-30,SSE,margin_detail,,
600569,安阳钢铁,61784293,3657809,3250192.0,2026-07-30,SSE,margin_detail,,
600570,恒生电子,2641837823,86689896,79810379.0,2026-07-30,SSE,margin_detail,,
600571,信雅达,389555527,7228790,8860465.0,2026-07-30,SSE,margin_detail,,
600572,康恩贝,411988987,18458414,36674991.0,2026-07-30,SSE,margin_detail,,
600575,淮河能源,318515301,81516740,48660704.0,2026-07-30,SSE,margin_detail,,
600577,精达股份,1406885778,55901993,55762815.0,2026-07-30,SSE,margin_detail,,
600578,京能电力,284898739,82245580,87829565.0,2026-07-30,SSE,margin_detail,,
600580,卧龙电驱,2157096608,63919493,60992487.0,2026-07-30,SSE,margin_detail,,
600582,天地科技,336715071,6306141,21012767.0,2026-07-30,SSE,margin_detail,,
600583,海油工程,952060993,11100756,10710487.0,2026-07-30,SSE,margin_detail,,
600584,长电科技,6698713053,1025509357,1177614245.0,2026-07-30,SSE,margin_detail,,
600585,海螺水泥,1587882321,38667986,55108625.0,2026-07-30,SSE,margin_detail,,
600586,金晶科技,258787403,3505427,3903541.0,2026-07-30,SSE,margin_detail,,
600587,新华医疗,369486747,10541005,8374928.0,2026-07-30,SSE,margin_detail,,
600588,用友网络,1380478798,101260640,64714612.0,2026-07-30,SSE,margin_detail,,
600589,大位科技,545832323,14461191,31479734.0,2026-07-30,SSE,margin_detail,,
600590,泰豪科技,221194760,20488086,14662585.0,2026-07-30,SSE,margin_detail,,
600592,龙溪股份,314442663,6324916,7202788.0,2026-07-30,SSE,margin_detail,,
600594,益佰制药,233902598,11195912,13421570.0,2026-07-30,SSE,margin_detail,,
600595,中孚实业,457060182,58156835,73249407.0,2026-07-30,SSE,margin_detail,,
600596,新安股份,791401073,38919517,43909466.0,2026-07-30,SSE,margin_detail,,
600597,光明乳业,240461067,9927860,8929339.0,2026-07-30,SSE,margin_detail,,
600598,北大荒,387005056,20292528,22742041.0,2026-07-30,SSE,margin_detail,,
600600,青岛啤酒,517137539,31969538,33523151.0,2026-07-30,SSE,margin_detail,,
600601,方正科技,2169622667,148917185,252870613.0,2026-07-30,SSE,margin_detail,,
600602,云赛智联,735438191,50034057,66783568.0,2026-07-30,SSE,margin_detail,,
600604,市北高新,234688667,4713292,4761153.0,2026-07-30,SSE,margin_detail,,
600606,绿地控股,558055171,9954253,8842384.0,2026-07-30,SSE,margin_detail,,
600609,金杯汽车,358328320,3696203,4987517.0,2026-07-30,SSE,margin_detail,,
600610,中毅达,109255006,5002893,7672340.0,2026-07-30,SSE,margin_detail,,
600611,大众交通,329686839,11969139,13462225.0,2026-07-30,SSE,margin_detail,,
600612,老凤祥,108873430,5376430,4879125.0,2026-07-30,SSE,margin_detail,,
600616,金枫酒业,142640158,3989662,3930021.0,2026-07-30,SSE,margin_detail,,
600617,国新能源,120070375,31696676,45297518.0,2026-07-30,SSE,margin_detail,,
600618,氯碱化工,170537488,11874120,7976056.0,2026-07-30,SSE,margin_detail,,
600619,海立股份,528021908,35330246,59594746.0,2026-07-30,SSE,margin_detail,,
600620,天宸股份,229729834,1933459,1888367.0,2026-07-30,SSE,margin_detail,,
600621,华鑫股份,535361387,10481563,13114860.0,2026-07-30,SSE,margin_detail,,
600622,光大嘉宝,106350893,5597647,4696357.0,2026-07-30,SSE,margin_detail,,
600623,华谊集团,472659946,11249007,15771515.0,2026-07-30,SSE,margin_detail,,
600626,申达股份,198987216,4766607,2922229.0,2026-07-30,SSE,margin_detail,,
600629,华建集团,358206413,48427289,46792061.0,2026-07-30,SSE,margin_detail,,
600630,龙头股份,163566846,7572614,14534203.0,2026-07-30,SSE,margin_detail,,
600633,浙数文化,650800577,21754415,25833958.0,2026-07-30,SSE,margin_detail,,
600635,大众公用,551699956,10559387,12096388.0,2026-07-30,SSE,margin_detail,,
600637,东方明珠,1134846845,42306228,41279851.0,2026-07-30,SSE,margin_detail,,
600639,浦东金桥,165978787,1773534,2482486.0,2026-07-30,SSE,margin_detail,,
600640,国脉文化,196099512,4101441,3993492.0,2026-07-30,SSE,margin_detail,,
600641,先导基电,1399676208,168205560,184819831.0,2026-07-30,SSE,margin_detail,,
600642,申能股份,227343848,10745970,21543651.0,2026-07-30,SSE,margin_detail,,
600643,爱建集团,268965233,6317277,3340187.0,2026-07-30,SSE,margin_detail,,
600644,乐山电力,136595950,34167644,37357361.0,2026-07-30,SSE,margin_detail,,
600645,中源协和,799875511,11748421,11414889.0,2026-07-30,SSE,margin_detail,,
600648,外高桥,628326634,1371343,1294721.0,2026-07-30,SSE,margin_detail,,
600649,城投控股,431670093,3876789,6257466.0,2026-07-30,SSE,margin_detail,,
600651,飞乐音响,293867626,9012702,7603787.0,2026-07-30,SSE,margin_detail,,
600653,申华控股,95061055,3398837,3694823.0,2026-07-30,SSE,margin_detail,,
600655,豫园股份,174625567,2596394,3676101.0,2026-07-30,SSE,margin_detail,,
600657,信达地产,160190153,2686585,3202465.0,2026-07-30,SSE,margin_detail,,
600660,福耀玻璃,1898264221,37049856,64738941.0,2026-07-30,SSE,margin_detail,,
600661,昂立教育,161205442,10359679,9268659.0,2026-07-30,SSE,margin_detail,,
600662,外服控股,187721614,5722585,5141279.0,2026-07-30,SSE,margin_detail,,
600663,陆家嘴,137271468,11016925,10452259.0,2026-07-30,SSE,margin_detail,,
600664,哈药股份,401109619,232223004,187135038.0,2026-07-30,SSE,margin_detail,,
600667,太极实业,1492563016,549758521,524187473.0,2026-07-30,SSE,margin_detail,,
600668,尖峰集团,235928912,4241874,3913978.0,2026-07-30,SSE,margin_detail,,
600673,东阳光,2883909531,45707354,79503230.0,2026-07-30,SSE,margin_detail,,
600674,川投能源,692197757,35802954,36966069.0,2026-07-30,SSE,margin_detail,,
600675,中华企业,247529337,5852705,4476332.0,2026-07-30,SSE,margin_detail,,
600676,久事动娱,184799056,9491372,8281118.0,2026-07-30,SSE,margin_detail,,
600681,百川能源,142798168,4284038,7057277.0,2026-07-30,SSE,margin_detail,,
600682,南京新百,264920372,2841062,5539664.0,2026-07-30,SSE,margin_detail,,
600684,珠江股份,215827359,5466476,8535847.0,2026-07-30,SSE,margin_detail,,
600685,中船防务,710156822,34631973,38946128.0,2026-07-30,SSE,margin_detail,,
600686,金龙汽车,211073961,15467576,15300897.0,2026-07-30,SSE,margin_detail,,
600688,上海石化,314108340,16089594,16753862.0,2026-07-30,SSE,margin_detail,,
600690,海尔智家,1496051960,51163534,79764207.0,2026-07-30,SSE,margin_detail,,
600691,潞化科技,117594327,6270304,5038953.0,2026-07-30,SSE,margin_detail,,
600692,亚通股份,153942939,3723606,6433112.0,2026-07-30,SSE,margin_detail,,
600693,东百集团,57280165,53469905,34104339.0,2026-07-30,SSE,margin_detail,,
600694,大商股份,227509087,8266288,10201908.0,2026-07-30,SSE,margin_detail,,
600698,湖南天雁,68712534,16548914,12053902.0,2026-07-30,SSE,margin_detail,,
600699,均胜电子,1430797555,39447161,45548673.0,2026-07-30,SSE,margin_detail,,
600702,舍得酒业,692964276,23617099,24947061.0,2026-07-30,SSE,margin_detail,,
600703,三安光电,4321921653,171303561,157913783.0,2026-07-30,SSE,margin_detail,,
600704,物产中大,1618394128,20631916,50682688.0,2026-07-30,SSE,margin_detail,,
600707,彩虹股份,629001348,56346890,80575126.0,2026-07-30,SSE,margin_detail,,
600708,光明地产,285039432,3116234,2233953.0,2026-07-30,SSE,margin_detail,,
600710,苏美达,138729826,13309279,16526081.0,2026-07-30,SSE,margin_detail,,
600711,盛屯矿业,1822852034,58952075,71099299.0,2026-07-30,SSE,margin_detail,,
600716,凤凰股份,193818021,8241538,2169643.0,2026-07-30,SSE,margin_detail,,
600717,天津港,289965961,8047641,15305362.0,2026-07-30,SSE,margin_detail,,
600718,东软集团,910431199,9395813,11390504.0,2026-07-30,SSE,margin_detail,,
600720,中交设计,364440087,2467638,3187244.0,2026-07-30,SSE,margin_detail,,
600722,金牛化工,116599266,13373161,29430238.0,2026-07-30,SSE,margin_detail,,
600728,佳都科技,873664569,26095286,14679938.0,2026-07-30,SSE,margin_detail,,
600729,重百集团,173634609,5011506,7062540.0,2026-07-30,SSE,margin_detail,,
600732,爱旭股份,1573349247,20863957,14727892.0,2026-07-30,SSE,margin_detail,,
600733,北汽蓝谷,2069527150,72796743,51216022.0,2026-07-30,SSE,margin_detail,,
600736,苏州高新,502489242,24315185,18144330.0,2026-07-30,SSE,margin_detail,,
600737,中粮糖业,1565853621,34895874,31615547.0,2026-07-30,SSE,margin_detail,,
600739,辽宁成大,1226544824,17577527,29596341.0,2026-07-30,SSE,margin_detail,,
600740,山西焦化,366750338,8997996,10164923.0,2026-07-30,SSE,margin_detail,,
600741,华域汽车,587079509,21155013,25878027.0,2026-07-30,SSE,margin_detail,,
600742,富维股份,314942979,3986981,5213468.0,2026-07-30,SSE,margin_detail,,
600743,华远控股,83709433,1439779,2485650.0,2026-07-30,SSE,margin_detail,,
600744,华银电力,233985309,94681433,148120134.0,2026-07-30,SSE,margin_detail,,
600748,上实发展,264995801,3740838,4193640.0,2026-07-30,SSE,margin_detail,,
600750,华润江中,139566669,9364167,13070461.0,2026-07-30,SSE,margin_detail,,
600751,海航科技,471760650,4686357,9355971.0,2026-07-30,SSE,margin_detail,,
600754,锦江酒店,224766485,18653143,27265704.0,2026-07-30,SSE,margin_detail,,
600755,厦门国贸,584602328,4782405,8901886.0,2026-07-30,SSE,margin_detail,,
600756,浪潮软件,289364453,64362454,56348714.0,2026-07-30,SSE,margin_detail,,
600757,长江传媒,159041930,5323818,7365148.0,2026-07-30,SSE,margin_detail,,
600758,辽宁能源,152345693,18977060,10198353.0,2026-07-30,SSE,margin_detail,,
600760,中航沈飞,1804523357,63933119,54646044.0,2026-07-30,SSE,margin_detail,,
600761,安徽合力,298129217,15056231,37881168.0,2026-07-30,SSE,margin_detail,,
600763,通策医疗,696641342,28250815,36263912.0,2026-07-30,SSE,margin_detail,,
600764,中国海防,304439090,14589039,10377939.0,2026-07-30,SSE,margin_detail,,
600765,中航重机,1093946484,26051534,24814919.0,2026-07-30,SSE,margin_detail,,
600770,综艺股份,320091115,10288569,12633852.0,2026-07-30,SSE,margin_detail,,
600771,广誉远,550343333,7720808,12780175.0,2026-07-30,SSE,margin_detail,,
600773,西藏城投,567401391,38967383,29782064.0,2026-07-30,SSE,margin_detail,,
600775,南京熊猫,287386737,39669037,35369142.0,2026-07-30,SSE,margin_detail,,
600776,东方通信,414074047,10550529,18640155.0,2026-07-30,SSE,margin_detail,,
600777,新潮能源,82582811,6990573,3374452.0,2026-07-30,SSE,margin_detail,,
600779,水井坊,265420044,9502430,15308897.0,2026-07-30,SSE,margin_detail,,
600780,通宝能源,216191166,8828629,12861334.0,2026-07-30,SSE,margin_detail,,
600782,新钢股份,359896635,42971222,41688866.0,2026-07-30,SSE,margin_detail,,
600783,鲁信创投,537237981,34106329,36645764.0,2026-07-30,SSE,margin_detail,,
600787,中储股份,514477372,7386864,13935281.0,2026-07-30,SSE,margin_detail,,
600789,鲁抗医药,490318905,9188480,12836495.0,2026-07-30,SSE,margin_detail,,
600790,轻纺城,485420129,4862578,5182905.0,2026-07-30,SSE,margin_detail,,
600795,国电电力,735896490,45259871,81587525.0,2026-07-30,SSE,margin_detail,,
600797,浙大网新,424461573,14399784,17779268.0,2026-07-30,SSE,margin_detail,,
600798,宁波海运,107984277,4530118,4131370.0,2026-07-30,SSE,margin_detail,,
600800,渤海化学,191529361,5859204,7387347.0,2026-07-30,SSE,margin_detail,,
600801,华新建材,298964040,17025001,32157344.0,2026-07-30,SSE,margin_detail,,
600802,福建水泥,407030784,2273935,2757601.0,2026-07-30,SSE,margin_detail,,
600803,新奥股份,92663003,4179813,8410617.0,2026-07-30,SSE,margin_detail,,
600805,悦达投资,257589760,2579036,2812404.0,2026-07-30,SSE,margin_detail,,
600808,马钢股份,351961221,23925183,17979181.0,2026-07-30,SSE,margin_detail,,
600809,山西汾酒,1569837749,139565415,113867192.0,2026-07-30,SSE,margin_detail,,
600810,神马股份,186484572,3105666,5770045.0,2026-07-30,SSE,margin_detail,,
600812,华北制药,220190097,5120798,6109987.0,2026-07-30,SSE,margin_detail,,
600816,建元信托,384244514,15691808,20395448.0,2026-07-30,SSE,margin_detail,,
600820,隧道股份,523741132,5916071,8801470.0,2026-07-30,SSE,margin_detail,,
600821,金开新能,568539936,47363974,68500241.0,2026-07-30,SSE,margin_detail,,
600822,上海物贸,85514040,1883320,2652090.0,2026-07-30,SSE,margin_detail,,
600825,新华传媒,282194150,4614452,5919377.0,2026-07-30,SSE,margin_detail,,
600826,兰生股份,186634346,5184647,6793515.0,2026-07-30,SSE,margin_detail,,
600827,百联股份,471880900,9817943,12974120.0,2026-07-30,SSE,margin_detail,,
600830,香溢融通,335032106,5067407,2185951.0,2026-07-30,SSE,margin_detail,,
600835,上海机电,841962476,12186762,13489478.0,2026-07-30,SSE,margin_detail,,
600838,上海九百,160674926,6993447,6004562.0,2026-07-30,SSE,margin_detail,,
600839,四川长虹,1682974818,32500955,29083288.0,2026-07-30,SSE,margin_detail,,
600843,上工申贝,153537780,8527918,6681690.0,2026-07-30,SSE,margin_detail,,
600845,宝信软件,584598959,21268520,28763863.0,2026-07-30,SSE,margin_detail,,
600846,同济科技,299951962,14086588,11684783.0,2026-07-30,SSE,margin_detail,,
600848,上海临港,314764395,18097895,64306897.0,2026-07-30,SSE,margin_detail,,
600850,电科数字,759903226,32346913,29328299.0,2026-07-30,SSE,margin_detail,,
600851,海欣股份,328692329,3597176,5435620.0,2026-07-30,SSE,margin_detail,,
600855,航天长峰,269515379,8841676,5441918.0,2026-07-30,SSE,margin_detail,,
600859,王府井,641005223,13468847,15465809.0,2026-07-30,SSE,margin_detail,,
600860,京城股份,109834060,1770928,2704346.0,2026-07-30,SSE,margin_detail,,
600862,中航高科,865915067,28796118,35371958.0,2026-07-30,SSE,margin_detail,,
600863,华能蒙电,438556876,38291659,37616291.0,2026-07-30,SSE,margin_detail,,
600864,哈投股份,699897804,17599220,22485365.0,2026-07-30,SSE,margin_detail,,
600866,星湖科技,543064574,4008561,5369154.0,2026-07-30,SSE,margin_detail,,
600867,通化东宝,558455788,20210567,26195225.0,2026-07-30,SSE,margin_detail,,
600868,梅雁吉祥,183479189,9060174,13496765.0,2026-07-30,SSE,margin_detail,,
600869,远东股份,1268037627,68698631,129771384.0,2026-07-30,SSE,margin_detail,,
600871,石化油服,426849143,22769350,25776463.0,2026-07-30,SSE,margin_detail,,
600872,中炬高新,557456792,21218480,28543499.0,2026-07-30,SSE,margin_detail,,
600873,梅花生物,446951023,12942305,13982696.0,2026-07-30,SSE,margin_detail,,
600874,创业环保,246699958,4167474,3794832.0,2026-07-30,SSE,margin_detail,,
600875,东方电气,1828751107,90739446,110605800.0,2026-07-30,SSE,margin_detail,,
600876,凯盛新能,58656846,3174707,4691783.0,2026-07-30,SSE,margin_detail,,
600877,电科芯片,548283110,9705555,12406979.0,2026-07-30,SSE,margin_detail,,
600879,航天电子,2131105020,57363157,77590066.0,2026-07-30,SSE,margin_detail,,
600880,博瑞传播,304092145,6081595,5984696.0,2026-07-30,SSE,margin_detail,,
600881,亚泰集团,162401551,25555077,25640068.0,2026-07-30,SSE,margin_detail,,
600882,妙可蓝多,159696925,30609885,30697949.0,2026-07-30,SSE,margin_detail,,
600884,杉杉股份,1436716238,74000853,74217994.0,2026-07-30,SSE,margin_detail,,
600885,宏发股份,547682957,73990583,41512223.0,2026-07-30,SSE,margin_detail,,
600886,国投电力,554672164,22531307,36294075.0,2026-07-30,SSE,margin_detail,,
600887,伊利股份,2381089966,122264632,156457868.0,2026-07-30,SSE,margin_detail,,
600888,新疆众和,1206140139,83757885,62288410.0,2026-07-30,SSE,margin_detail,,
600893,航发动力,2450065178,118947311,125920039.0,2026-07-30,SSE,margin_detail,defense,军工
600894,广日股份,116110375,3560606,9329102.0,2026-07-30,SSE,margin_detail,,
600895,张江高科,2404639158,240724186,345834267.0,2026-07-30,SSE,margin_detail,,
600897,厦门空港,111911635,2002535,2237414.0,2026-07-30,SSE,margin_detail,,
600900,长江电力,11545427525,243847541,241690541.0,2026-07-30,SSE,margin_detail,,
600901,江苏金租,153789699,18182409,15879770.0,2026-07-30,SSE,margin_detail,,
600903,贵州燃气,208240295,18830325,15259669.0,2026-07-30,SSE,margin_detail,,
600905,三峡能源,1018544683,36507651,49254635.0,2026-07-30,SSE,margin_detail,,
600906,财达证券,817933549,26632124,28401727.0,2026-07-30,SSE,margin_detail,,
600908,无锡银行,663004284,10193314,11239585.0,2026-07-30,SSE,margin_detail,,
600909,华安证券,1878085963,158565832,250029638.0,2026-07-30,SSE,margin_detail,,
600916,中国黄金,303034846,13098817,12944413.0,2026-07-30,SSE,margin_detail,,
600917,重庆燃气,118253883,1481312,3078210.0,2026-07-30,SSE,margin_detail,,
600918,中泰证券,1404989786,14607537,30824555.0,2026-07-30,SSE,margin_detail,,
600919,江苏银行,4085021116,103212037,119802001.0,2026-07-30,SSE,margin_detail,,
600926,杭州银行,2395727355,48681134,74913516.0,2026-07-30,SSE,margin_detail,,
600927,永安期货,22188065,13268858,8789463.0,2026-07-30,SSE,margin_detail,,
600928,西安银行,169253480,5732742,8730352.0,2026-07-30,SSE,margin_detail,,
600929,雪天盐业,272899623,7595335,20105314.0,2026-07-30,SSE,margin_detail,,
600930,华电新能,874758837,40354217,60554568.0,2026-07-30,SSE,margin_detail,,
600933,爱柯迪,418239672,18638237,22432146.0,2026-07-30,SSE,margin_detail,,
600936,北投科技,251003515,30086543,32335169.0,2026-07-30,SSE,margin_detail,,
600938,中国海油,2345564468,124681174,115458953.0,2026-07-30,SSE,margin_detail,,
600941,中国移动,1606519280,61865522,75407413.0,2026-07-30,SSE,margin_detail,,
600956,新天绿能,115179735,6066850,5598193.0,2026-07-30,SSE,margin_detail,,
600958,东方证券,2867808841,194892613,99315999.0,2026-07-30,SSE,margin_detail,,
600959,江苏有线,584487273,8091288,10777283.0,2026-07-30,SSE,margin_detail,,
600961,株冶集团,910863482,85370903,75231409.0,2026-07-30,SSE,margin_detail,,
600963,岳阳林纸,239676586,9939922,11168617.0,2026-07-30,SSE,margin_detail,,
600966,博汇纸业,134709706,3747970,6961549.0,2026-07-30,SSE,margin_detail,,
600967,内蒙一机,535503095,26864171,21220937.0,2026-07-30,SSE,margin_detail,,
600968,海油发展,320071863,71848451,10743411.0,2026-07-30,SSE,margin_detail,,
600970,中材国际,550760205,10599025,10419848.0,2026-07-30,SSE,margin_detail,,
600971,恒源煤电,111792130,7328712,8091544.0,2026-07-30,SSE,margin_detail,,
600973,宝胜股份,416773465,8028353,9402196.0,2026-07-30,SSE,margin_detail,,
600975,新五丰,131242989,1718133,2598893.0,2026-07-30,SSE,margin_detail,,
600976,健民集团,179212352,4683655,5568710.0,2026-07-30,SSE,margin_detail,,
600977,中国电影,521537364,59321142,43813781.0,2026-07-30,SSE,margin_detail,,
600979,广安爱众,233008197,7857745,7496707.0,2026-07-30,SSE,margin_detail,,
600985,淮北矿业,355346459,14373971,36261900.0,2026-07-30,SSE,margin_detail,,
600986,浙文互联,1095306372,47930510,48420886.0,2026-07-30,SSE,margin_detail,,
600987,航民股份,127783896,2390079,3012538.0,2026-07-30,SSE,margin_detail,,
600988,赤峰黄金,1080524239,167366950,198550034.0,2026-07-30,SSE,margin_detail,,
600989,宝丰能源,3673454646,124451441,141390031.0,2026-07-30,SSE,margin_detail,,
600990,四创电子,236869879,6712491,4057210.0,2026-07-30,SSE,margin_detail,,
600993,马应龙,236939711,10183707,17061279.0,2026-07-30,SSE,margin_detail,,
600995,南网储能,367284693,17652498,19606553.0,2026-07-30,SSE,margin_detail,,
600996,贵广网络,377461788,6932459,9034666.0,2026-07-30,SSE,margin_detail,,
600997,开滦股份,208729655,2573358,2480958.0,2026-07-30,SSE,margin_detail,,
600998,九州通,544267715,13396372,14780701.0,2026-07-30,SSE,margin_detail,,
600999,招商证券,3368941097,168522861,150872731.0,2026-07-30,SSE,margin_detail,,
601000,唐山港,75132170,9206573,10321136.0,2026-07-30,SSE,margin_detail,,
601001,晋控煤业,181611865,24206827,22071323.0,2026-07-30,SSE,margin_detail,,
601002,晋亿实业,194744525,8014621,6568163.0,2026-07-30,SSE,margin_detail,,
601003,柳钢股份,90705291,23135806,8905636.0,2026-07-30,SSE,margin_detail,,
601005,重庆钢铁,176959818,7331312,5386916.0,2026-07-30,SSE,margin_detail,,
601006,大秦铁路,1847933208,30116912,40962435.0,2026-07-30,SSE,margin_detail,,
601008,连云港,97470673,1775763,4000780.0,2026-07-30,SSE,margin_detail,,
601009,南京银行,578704754,31944989,32048487.0,2026-07-30,SSE,margin_detail,,
601011,宝泰隆,168414560,8662767,3735078.0,2026-07-30,SSE,margin_detail,,
601012,隆基绿能,4818326385,124964409,127897361.0,2026-07-30,SSE,margin_detail,new_energy,新能源
601015,陕西黑猫,137244047,7099941,7179473.0,2026-07-30,SSE,margin_detail,,
601016,节能风电,584814364,29875571,30870634.0,2026-07-30,SSE,margin_detail,,
601018,宁波港,295282180,26840268,18975040.0,2026-07-30,SSE,margin_detail,,
601019,山东出版,69907743,2016906,4071250.0,2026-07-30,SSE,margin_detail,,
601020,华钰矿业,1612443777,17255099,33028267.0,2026-07-30,SSE,margin_detail,,
601021,春秋航空,438257203,18668859,17399910.0,2026-07-30,SSE,margin_detail,,
601022,宁波远洋,127909790,2827866,6068196.0,2026-07-30,SSE,margin_detail,,
601026,道生天合,99407284,5477562,6863568.0,2026-07-30,SSE,margin_detail,,
601033,永兴股份,97215127,3430938,4007413.0,2026-07-30,SSE,margin_detail,,
601038,一拖股份,114079762,12115914,7053554.0,2026-07-30,SSE,margin_detail,,
601058,赛轮轮胎,773271425,69717317,41930833.0,2026-07-30,SSE,margin_detail,,
601059,信达证券,581201250,7000278,14367592.0,2026-07-30,SSE,margin_detail,,
601061,中信金属,567538221,38170364,28863519.0,2026-07-30,SSE,margin_detail,,
601065,江盐集团,162856115,3180631,4076811.0,2026-07-30,SSE,margin_detail,,
601066,中信建投,2205173576,47298956,78081778.0,2026-07-30,SSE,margin_detail,,
601068,中铝国际,65592911,4506389,4110927.0,2026-07-30,SSE,margin_detail,,
601069,西部黄金,354963931,41282491,37160493.0,2026-07-30,SSE,margin_detail,,
601077,渝农商行,283163542,36210415,34758817.0,2026-07-30,SSE,margin_detail,,
601083,锦江航运,118937212,7175025,11176003.0,2026-07-30,SSE,margin_detail,,
601088,中国神华,480081235,44841463,78365153.0,2026-07-30,SSE,margin_detail,,
601096,宏盛华源,213874304,6526977,8284409.0,2026-07-30,SSE,margin_detail,,
601098,中南传媒,156454195,9367102,11965619.0,2026-07-30,SSE,margin_detail,,
601099,太平洋,1894718121,28223547,42172157.0,2026-07-30,SSE,margin_detail,,
601100,恒立液压,388447857,25750387,32252959.0,2026-07-30,SSE,margin_detail,,
601101,昊华能源,119202974,21044785,21162303.0,2026-07-30,SSE,margin_detail,,
601106,中国一重,420040336,15801959,12784332.0,2026-07-30,SSE,margin_detail,,
601107,四川成渝,23133766,3308567,2884041.0,2026-07-30,SSE,margin_detail,,
601108,财通证券,1946553752,39505918,82285704.0,2026-07-30,SSE,margin_detail,,
601111,中国国航,905130883,35233401,28164896.0,2026-07-30,SSE,margin_detail,,
601112,振石股份,161627016,8609695,5555953.0,2026-07-30,SSE,margin_detail,,
601116,三江购物,150988874,18733512,14631645.0,2026-07-30,SSE,margin_detail,,
601117,中国化学,2253688152,44939824,70694560.0,2026-07-30,SSE,margin_detail,,
601118,海南橡胶,706892751,16817781,15677678.0,2026-07-30,SSE,margin_detail,,
601126,四方股份,2034667726,79262554,77637216.0,2026-07-30,SSE,margin_detail,,
601127,赛力斯,3842358918,194790259,153244640.0,2026-07-30,SSE,margin_detail,,
601128,常熟银行,431606413,25725267,18708820.0,2026-07-30,SSE,margin_detail,,
601133,柏诚股份,198343098,28537726,28089671.0,2026-07-30,SSE,margin_detail,,
601136,首创证券,683559041,15576402,19384834.0,2026-07-30,SSE,margin_detail,,
601137,博威合金,1029037399,18513471,25988042.0,2026-07-30,SSE,margin_detail,,
601138,工业富联,7956120569,542804189,558130096.0,2026-07-30,SSE,margin_detail,,
601139,深圳燃气,172617033,5086743,9514518.0,2026-07-30,SSE,margin_detail,,
601155,新城控股,672153940,21691396,34266468.0,2026-07-30,SSE,margin_detail,,
601156,东航物流,1006741183,9197695,12978747.0,2026-07-30,SSE,margin_detail,,
601158,重庆水务,123881956,4960705,3557252.0,2026-07-30,SSE,margin_detail,,
601162,天风证券,1679496075,49569606,67527920.0,2026-07-30,SSE,margin_detail,,
601163,三角轮胎,199502599,4887391,6899088.0,2026-07-30,SSE,margin_detail,,
601166,兴业银行,9065496517,146747111,210628237.0,2026-07-30,SSE,margin_detail,,
601168,西部矿业,1913599511,214404983,204416642.0,2026-07-30,SSE,margin_detail,,
601169,北京银行,2386162728,71086136,75395073.0,2026-07-30,SSE,margin_detail,,
601177,杭齿前进,232372985,4776017,4156778.0,2026-07-30,SSE,margin_detail,,
601179,中国西电,1541176126,174153424,203249597.0,2026-07-30,SSE,margin_detail,,
601186,中国铁建,2503616869,28609101,45496006.0,2026-07-30,SSE,margin_detail,,
601187,厦门银行,16950793,8516788,6370224.0,2026-07-30,SSE,margin_detail,,
601198,东兴证券,1233508778,16118183,34634462.0,2026-07-30,SSE,margin_detail,,
601199,江南水务,169264458,6863426,9470077.0,2026-07-30,SSE,margin_detail,,
601200,上海环境,273044339,7896975,7735137.0,2026-07-30,SSE,margin_detail,,
601208,东材科技,2708582439,229463603,497949319.0,2026-07-30,SSE,margin_detail,,
601211,国泰海通,7873854797,185396356,146645927.0,2026-07-30,SSE,margin_detail,,
601212,白银有色,342949792,33611692,26788052.0,2026-07-30,SSE,margin_detail,,
601216,君正集团,889557622,37895910,35710238.0,2026-07-30,SSE,margin_detail,,
601218,吉鑫科技,204677932,23735336,17476188.0,2026-07-30,SSE,margin_detail,,
601222,林洋能源,602304472,9663812,11060204.0,2026-07-30,SSE,margin_detail,,
601225,陕西煤业,563179130,45185392,63500285.0,2026-07-30,SSE,margin_detail,,
601226,华电科工,165733486,6310284,7877054.0,2026-07-30,SSE,margin_detail,,
601228,广州港,261465972,3945212,6020631.0,2026-07-30,SSE,margin_detail,,
601229,上海银行,990418615,33412197,55259566.0,2026-07-30,SSE,margin_detail,,
601231,环旭电子,1007022279,63022751,70164426.0,2026-07-30,SSE,margin_detail,,
601233,桐昆股份,952349617,78296155,89279283.0,2026-07-30,SSE,margin_detail,,
601236,红塔证券,480796460,6748918,17818045.0,2026-07-30,SSE,margin_detail,,
601238,广汽集团,1913646738,22032102,12636220.0,2026-07-30,SSE,margin_detail,,
601288,农业银行,894217067,298031081,322153607.0,2026-07-30,SSE,margin_detail,,
601298,青岛港,58391644,6426801,6084220.0,2026-07-30,SSE,margin_detail,,
601311,骆驼股份,493449339,9510577,13971849.0,2026-07-30,SSE,margin_detail,,
601318,中国平安,35854097095,345657597,474376428.0,2026-07-30,SSE,margin_detail,,
601319,中国人保,1422161491,62130129,48411624.0,2026-07-30,SSE,margin_detail,,
601326,秦港股份,107412275,7978157,10467988.0,2026-07-30,SSE,margin_detail,,
601328,交通银行,1120971349,64600032,125871168.0,2026-07-30,SSE,margin_detail,,
601333,广深铁路,357302886,20841411,28835431.0,2026-07-30,SSE,margin_detail,,
601336,新华保险,4829901664,140503958,154232009.0,2026-07-30,SSE,margin_detail,,
601339,百隆东方,67658590,8998865,8135055.0,2026-07-30,SSE,margin_detail,,
601360,三六零,1900572152,81966212,70824913.0,2026-07-30,SSE,margin_detail,,
601369,陕鼓动力,273249086,12790025,15823413.0,2026-07-30,SSE,margin_detail,,
601375,中原证券,984199818,20113570,33009404.0,2026-07-30,SSE,margin_detail,,
601377,兴业证券,2346836043,125424050,80775506.0,2026-07-30,SSE,margin_detail,,
601388,怡球资源,179015918,11579821,11400316.0,2026-07-30,SSE,margin_detail,,
601390,中国中铁,2909444535,35530071,60057657.0,2026-07-30,SSE,margin_detail,,
601398,工商银行,2267112281,248685755,217764986.0,2026-07-30,SSE,margin_detail,finance,金融
601399,国机重装,514270810,26522822,25179097.0,2026-07-30,SSE,margin_detail,,
601456,国联民生,980524411,22476138,22531311.0,2026-07-30,SSE,margin_detail,,
601500,通用股份,335183461,6730820,6416658.0,2026-07-30,SSE,margin_detail,,
601515,衢州东峰,353377769,3241148,5612807.0,2026-07-30,SSE,margin_detail,,
601519,大智慧,733245355,17252753,31788233.0,2026-07-30,SSE,margin_detail,,
601555,东吴证券,2633557642,20687054,54711059.0,2026-07-30,SSE,margin_detail,,
601566,九牧王,79791923,5350457,6979987.0,2026-07-30,SSE,margin_detail,,
601567,三星电气,329316833,24127027,29358330.0,2026-07-30,SSE,margin_detail,,
601568,北元化工,223960246,3001048,13568661.0,2026-07-30,SSE,margin_detail,,
601577,长沙银行,944503397,12564327,33226510.0,2026-07-30,SSE,margin_detail,,
601579,会稽山,463229106,23019541,25314297.0,2026-07-30,SSE,margin_detail,,
601588,北辰实业,126010641,4534184,3173415.0,2026-07-30,SSE,margin_detail,,
601598,中国外运,113442369,6494509,21965620.0,2026-07-30,SSE,margin_detail,,
601600,中国铝业,4142121352,177967079,197394240.0,2026-07-30,SSE,margin_detail,,
601601,中国太保,2931597616,146776171,242133867.0,2026-07-30,SSE,margin_detail,,
601606,长城军工,329969021,91564846,159172799.0,2026-07-30,SSE,margin_detail,,
601607,上海医药,764925402,10810544,12362809.0,2026-07-30,SSE,margin_detail,,
601608,中信重工,654307044,23706543,20711230.0,2026-07-30,SSE,margin_detail,,
601609,金田股份,229491528,28571615,26294498.0,2026-07-30,SSE,margin_detail,,
601611,中国核建,809057852,38803693,44526792.0,2026-07-30,SSE,margin_detail,,
601615,明阳智能,1320911186,59322231,71390031.0,2026-07-30,SSE,margin_detail,,
601618,中国中冶,1212479773,24016743,33496732.0,2026-07-30,SSE,margin_detail,,
601619,嘉泽新能,313686042,24334950,15323708.0,2026-07-30,SSE,margin_detail,,
601628,中国人寿,1571382099,189669830,173059714.0,2026-07-30,SSE,margin_detail,,
601633,长城汽车,508349495,17032724,16842196.0,2026-07-30,SSE,margin_detail,,
601636,旗滨集团,570809670,34300559,32131758.0,2026-07-30,SSE,margin_detail,,
601658,邮储银行,677584347,80626815,70406135.0,2026-07-30,SSE,margin_detail,,
601665,齐鲁银行,1248017746,43112715,49693229.0,2026-07-30,SSE,margin_detail,,
601666,平煤股份,171431853,33691140,26702945.0,2026-07-30,SSE,margin_detail,,
601668,中国建筑,4507715607,102649526,221442942.0,2026-07-30,SSE,margin_detail,,
601669,中国电建,3446770714,64413082,69541008.0,2026-07-30,SSE,margin_detail,,
601677,明泰铝业,1011528476,49027908,84256930.0,2026-07-30,SSE,margin_detail,,
601678,滨化股份,731278766,164113595,137778569.0,2026-07-30,SSE,margin_detail,,
601688,华泰证券,6885286239,179729350,150936436.0,2026-07-30,SSE,margin_detail,,
601689,拓普集团,2870971745,104246121,94339833.0,2026-07-30,SSE,margin_detail,,
601696,中银证券,1674968973,84486593,98694727.0,2026-07-30,SSE,margin_detail,,
601698,中国卫通,1485076652,33958494,48642441.0,2026-07-30,SSE,margin_detail,,
601699,潞安环能,528273814,32504074,54204931.0,2026-07-30,SSE,margin_detail,,
601700,风范股份,133393774,12777020,8823598.0,2026-07-30,SSE,margin_detail,,
601702,华峰铝业,234292406,8398018,9864924.0,2026-07-30,SSE,margin_detail,,
601717,中创智领,1388576453,33357325,56006250.0,2026-07-30,SSE,margin_detail,,
601727,上海电气,2489737587,107669905,99324707.0,2026-07-30,SSE,margin_detail,,
601728,中国电信,999547343,52607507,48079298.0,2026-07-30,SSE,margin_detail,,
601766,中国中车,2990343260,89194618,130152911.0,2026-07-30,SSE,margin_detail,,
601777,千里科技,1038051602,31637089,19111384.0,2026-07-30,SSE,margin_detail,,
601778,晶科科技,655017976,30890598,32994029.0,2026-07-30,SSE,margin_detail,,
601788,光大证券,3173796586,26181759,38080054.0,2026-07-30,SSE,margin_detail,,
601789,宁波建工,306537809,19906376,17930986.0,2026-07-30,SSE,margin_detail,,
601799,星宇股份,404082993,20480435,15185973.0,2026-07-30,SSE,margin_detail,,
601800,中国交建,1260843710,35028378,35017181.0,2026-07-30,SSE,margin_detail,,
601801,皖新传媒,135353812,5181497,8482336.0,2026-07-30,SSE,margin_detail,,
601808,中海油服,442067654,13196384,20980113.0,2026-07-30,SSE,margin_detail,,
601816,京沪高铁,822092914,54727535,70805340.0,2026-07-30,SSE,margin_detail,,
601818,光大银行,1456708150,97320153,108581085.0,2026-07-30,SSE,margin_detail,,
601825,沪农商行,121166350,11000413,7868538.0,2026-07-30,SSE,margin_detail,,
601828,美凯龙,178868543,5559595,8714687.0,2026-07-30,SSE,margin_detail,,
601838,成都银行,875389036,30438081,25564587.0,2026-07-30,SSE,margin_detail,,
601857,中国石油,1570500316,216868172,118278019.0,2026-07-30,SSE,margin_detail,,
601858,中国科传,270324319,13752871,15723994.0,2026-07-30,SSE,margin_detail,,
601860,紫金银行,432112865,13382902,19843496.0,2026-07-30,SSE,margin_detail,,
601865,福莱特,319065041,13550756,20254093.0,2026-07-30,SSE,margin_detail,,
601866,中远海发,553544126,31560064,25255173.0,2026-07-30,SSE,margin_detail,,
601868,中国能建,1520265345,107381468,122900790.0,2026-07-30,SSE,margin_detail,,
601869,长飞光纤,2330144698,250319048,358488046.0,2026-07-30,SSE,margin_detail,,
601872,招商轮船,2253260974,149145169,177917761.0,2026-07-30,SSE,margin_detail,,
601877,正泰电器,1069194798,43854539,50814440.0,2026-07-30,SSE,margin_detail,,
601878,浙商证券,2425561410,31731451,33049638.0,2026-07-30,SSE,margin_detail,,
601880,辽港股份,239605631,12429489,9564954.0,2026-07-30,SSE,margin_detail,,
601881,中国银河,3028300296,44039303,64403896.0,2026-07-30,SSE,margin_detail,,
601882,海天精工,100463810,7351707,7079653.0,2026-07-30,SSE,margin_detail,,
601886,江河集团,76669883,4442859,2444153.0,2026-07-30,SSE,margin_detail,,
601888,中国中免,3529527598,245486980,310386179.0,2026-07-30,SSE,margin_detail,,
601890,亚星锚链,310231548,16024710,12331102.0,2026-07-30,SSE,margin_detail,,
601898,中煤能源,477459046,64043048,34856769.0,2026-07-30,SSE,margin_detail,,
601899,紫金矿业,10016224388,422819239,607231024.0,2026-07-30,SSE,margin_detail,,
601900,南方传媒,153167973,4566817,8209677.0,2026-07-30,SSE,margin_detail,,
601901,方正证券,3158954859,46652900,59230664.0,2026-07-30,SSE,margin_detail,,
601908,京运通,198698390,7610492,7756682.0,2026-07-30,SSE,margin_detail,,
601916,浙商银行,580751473,59061919,61630408.0,2026-07-30,SSE,margin_detail,,
601918,新集能源,386549554,21651413,33558701.0,2026-07-30,SSE,margin_detail,,
601919,中远海控,3997965826,86653269,142507443.0,2026-07-30,SSE,margin_detail,,
601928,凤凰传媒,139742516,2621897,7776424.0,2026-07-30,SSE,margin_detail,,
601929,吉视传媒,208453988,12512463,16290250.0,2026-07-30,SSE,margin_detail,,
601933,永辉超市,865102802,30722770,53485461.0,2026-07-30,SSE,margin_detail,,
601939,建设银行,795486963,150706258,139383956.0,2026-07-30,SSE,margin_detail,,
601949,中国出版,159830598,10517737,13418891.0,2026-07-30,SSE,margin_detail,,
601952,苏垦农发,185182562,4484243,8125383.0,2026-07-30,SSE,margin_detail,,
601958,金钼股份,1064948776,75366625,83462989.0,2026-07-30,SSE,margin_detail,,
601963,重庆银行,23914401,6745498,13022696.0,2026-07-30,SSE,margin_detail,,
601965,中国汽研,200244982,9225734,11778376.0,2026-07-30,SSE,margin_detail,,
601966,玲珑轮胎,496863107,12091475,22360527.0,2026-07-30,SSE,margin_detail,,
601969,海南矿业,368804716,16364137,22488828.0,2026-07-30,SSE,margin_detail,,
601975,招商南油,1085309290,55637958,48845022.0,2026-07-30,SSE,margin_detail,,
601985,中国核电,1528958911,54706106,78594066.0,2026-07-30,SSE,margin_detail,,
601988,中国银行,1101934910,314452358,284518021.0,2026-07-30,SSE,margin_detail,,
601990,南京证券,823444510,11277308,17641094.0,2026-07-30,SSE,margin_detail,,
601991,大唐发电,679745039,123171553,152036580.0,2026-07-30,SSE,margin_detail,,
601992,金隅集团,236917503,3686759,7589672.0,2026-07-30,SSE,margin_detail,,
601995,中金公司,2625028176,75921865,113995741.0,2026-07-30,SSE,margin_detail,,
601996,丰林集团,169915796,6934171,8155371.0,2026-07-30,SSE,margin_detail,,
601997,贵阳银行,1360185152,17088242,22089860.0,2026-07-30,SSE,margin_detail,,
601998,中信银行,260770748,26395513,24131385.0,2026-07-30,SSE,margin_detail,,
601999,出版传媒,167131357,4409805,3504176.0,2026-07-30,SSE,margin_detail,,
603000,人民网,449023899,19207411,15579572.0,2026-07-30,SSE,margin_detail,,
603004,鼎龙科技,125175753,5403217,3449931.0,2026-07-30,SSE,margin_detail,,
603005,晶方科技,1417826370,105948200,109847830.0,2026-07-30,SSE,margin_detail,,
603009,北特科技,514198187,17730411,24553436.0,2026-07-30,SSE,margin_detail,,
603010,万盛股份,296680739,9164724,8989823.0,2026-07-30,SSE,margin_detail,,
603011,合锻智能,300638195,41450143,67159883.0,2026-07-30,SSE,margin_detail,,
603012,创力集团,406733595,13619140,10774339.0,2026-07-30,SSE,margin_detail,,
603014,威高血净,110424629,4095298,3704756.0,2026-07-30,SSE,margin_detail,,
603015,弘讯科技,115313774,5256406,3742990.0,2026-07-30,SSE,margin_detail,,
603018,华设集团,224966224,1381491,2912856.0,2026-07-30,SSE,margin_detail,,
603019,中科曙光,9046966000,724560365,770011735.0,2026-07-30,SSE,margin_detail,,
603025,大豪科技,211121554,12445675,10456510.0,2026-07-30,SSE,margin_detail,,
603026,石大胜华,727022531,87359931,79196028.0,2026-07-30,SSE,margin_detail,,
603027,千禾味业,262543843,12309183,14805008.0,2026-07-30,SSE,margin_detail,,
603032,德新科技,185335626,10458691,8187287.0,2026-07-30,SSE,margin_detail,,
603033,三维股份,205651678,2747938,5642351.0,2026-07-30,SSE,margin_detail,,
603035,常熟汽饰,320183179,5463540,4694108.0,2026-07-30,SSE,margin_detail,,
603039,泛微网络,383339263,31115912,26364340.0,2026-07-30,SSE,margin_detail,,
603042,华脉科技,160076775,5239986,6993736.0,2026-07-30,SSE,margin_detail,,
603043,广州酒家,93090567,3231665,13100422.0,2026-07-30,SSE,margin_detail,,
603045,福达合金,604118783,22438873,20919099.0,2026-07-30,SSE,margin_detail,,
603049,中策橡胶,181636116,7199432,12900553.0,2026-07-30,SSE,margin_detail,,
603050,科林电气,132652119,5171589,5833972.0,2026-07-30,SSE,margin_detail,,
603051,鹿山新材,161296221,4286607,7520800.0,2026-07-30,SSE,margin_detail,,
603055,台华新材,104021775,8129921,4415593.0,2026-07-30,SSE,margin_detail,,
603062,麦加芯彩,122264580,1474539,857629.0,2026-07-30,SSE,margin_detail,,
603063,禾望电气,2145515885,57518964,48482429.0,2026-07-30,SSE,margin_detail,,
603067,振华股份,728956996,73691433,92950585.0,2026-07-30,SSE,margin_detail,,
603069,海汽集团,151573865,3382253,2445279.0,2026-07-30,SSE,margin_detail,,
603070,万控智造,120664925,2561365,2771073.0,2026-07-30,SSE,margin_detail,,
603072,天和磁材,179642680,7063152,5364303.0,2026-07-30,SSE,margin_detail,,
603075,热威股份,41148171,4004040,4510138.0,2026-07-30,SSE,margin_detail,,
603076,乐惠国际,95440143,2227103,4556816.0,2026-07-30,SSE,margin_detail,,
603077,和邦生物,613637593,27697467,23559192.0,2026-07-30,SSE,margin_detail,,
603078,江化微,384728852,50881814,51665480.0,2026-07-30,SSE,margin_detail,,
603082,北自科技,97269860,19503948,11635470.0,2026-07-30,SSE,margin_detail,,
603083,剑桥科技,3906144279,354434410,498999674.0,2026-07-30,SSE,margin_detail,,
603085,天成自控,213972911,3659199,6074820.0,2026-07-30,SSE,margin_detail,,
603087,甘李药业,1219039843,66746029,82200642.0,2026-07-30,SSE,margin_detail,,
603088,宁波精达,141906590,4805532,5257959.0,2026-07-30,SSE,margin_detail,,
603091,众鑫股份,165816105,2565221,6646810.0,2026-07-30,SSE,margin_detail,,
603092,德力佳,69731479,6273715,3758523.0,2026-07-30,SSE,margin_detail,,
603098,森特股份,99096902,2314277,3014854.0,2026-07-30,SSE,margin_detail,,
603099,长白山,209282852,20013697,22229062.0,2026-07-30,SSE,margin_detail,,
603100,川仪股份,241974033,9343730,8238584.0,2026-07-30,SSE,margin_detail,,
603103,横店影视,66299771,8221523,7346655.0,2026-07-30,SSE,margin_detail,,
603105,芯能科技,142469772,5825509,4211355.0,2026-07-30,SSE,margin_detail,,
603107,上海汽配,115973083,2619729,2104857.0,2026-07-30,SSE,margin_detail,,
603108,润达医疗,376149504,5919640,11662254.0,2026-07-30,SSE,margin_detail,,
603113,金能科技,200913659,1750678,4040641.0,2026-07-30,SSE,margin_detail,,
603118,共进股份,487654926,217974820,201658775.0,2026-07-30,SSE,margin_detail,,
603119,浙江荣泰,560159474,18236255,35967176.0,2026-07-30,SSE,margin_detail,,
603120,肯特催化,125412718,15939150,21630045.0,2026-07-30,SSE,margin_detail,,
603123,翠微股份,153882370,26805181,23625177.0,2026-07-30,SSE,margin_detail,,
603124,江南新材,298421670,51616664,56936987.0,2026-07-30,SSE,margin_detail,,
603125,常青科技,155420719,11050170,9076085.0,2026-07-30,SSE,margin_detail,,
603126,中材节能,123037315,4581858,6190563.0,2026-07-30,SSE,margin_detail,,
603127,昭衍新药,690963116,195377838,190083144.0,2026-07-30,SSE,margin_detail,,
603128,XD华贸物,200058096,7679421,11228296.0,2026-07-30,SSE,margin_detail,,
603129,春风动力,79696845,24526318,18626683.0,2026-07-30,SSE,margin_detail,,
603132,金徽股份,17317288,3433171,5091625.0,2026-07-30,SSE,margin_detail,,
603135,中重科技,102150401,4085259,4587530.0,2026-07-30,SSE,margin_detail,,
603137,恒尚节能,100327279,36705689,42724698.0,2026-07-30,SSE,margin_detail,,
603138,海量数据,158943258,4505747,18580287.0,2026-07-30,SSE,margin_detail,,
603156,养元饮品,428401007,26467335,26264123.0,2026-07-30,SSE,margin_detail,,
603160,汇顶科技,1025240718,40046866,48711403.0,2026-07-30,SSE,margin_detail,,
603163,圣晖集成,34485952,357512,9941105.0,2026-07-30,SSE,margin_detail,,
603166,福达股份,246463997,5699805,4742710.0,2026-07-30,SSE,margin_detail,,
603167,渤海轮渡,94513644,2849593,2319193.0,2026-07-30,SSE,margin_detail,,
603169,兰石重装,293435739,9793747,6844901.0,2026-07-30,SSE,margin_detail,,
603171,税友股份,133647282,14545345,14198045.0,2026-07-30,SSE,margin_detail,,
603172,万丰股份,23673441,5316943,3346506.0,2026-07-30,SSE,margin_detail,,
603175,超颖电子,345205010,13428477,13147215.0,2026-07-30,SSE,margin_detail,,
603178,圣龙股份,75976691,7478403,11390914.0,2026-07-30,SSE,margin_detail,,
603179,新泉股份,2768598549,34142111,34327155.0,2026-07-30,SSE,margin_detail,,
603181,皇马科技,224129598,10919557,12281890.0,2026-07-30,SSE,margin_detail,,
603185,弘元绿能,497074190,13494854,12423174.0,2026-07-30,SSE,margin_detail,,
603191,望变电气,284882560,13422349,15912979.0,2026-07-30,SSE,margin_detail,,
603193,润本股份,232149082,11989085,10642857.0,2026-07-30,SSE,margin_detail,,
603194,中力股份,261958650,3039081,5419272.0,2026-07-30,SSE,margin_detail,,
603195,公牛集团,236510735,13679237,17957375.0,2026-07-30,SSE,margin_detail,,
603197,保隆科技,343663648,8399306,9953771.0,2026-07-30,SSE,margin_detail,,
603198,迎驾贡酒,138067343,22778279,25700747.0,2026-07-30,SSE,margin_detail,,
603202,天有为,175154418,5168811,6894911.0,2026-07-30,SSE,margin_detail,,
603205,健尔康,44509091,952751,2601350.0,2026-07-30,SSE,margin_detail,,
603207,小方制药,69006060,1709432,3303267.0,2026-07-30,SSE,margin_detail,,
603210,泰鸿万立,86199634,2488179,3266998.0,2026-07-30,SSE,margin_detail,,
603212,赛伍技术,230820931,8511790,8472550.0,2026-07-30,SSE,margin_detail,,
603218,日月股份,287732806,7758345,8184133.0,2026-07-30,SSE,margin_detail,,
603220,中贝通信,742448113,19083917,29000740.0,2026-07-30,SSE,margin_detail,,
603222,济民健康,93429974,6624973,11736779.0,2026-07-30,SSE,margin_detail,,
603223,恒通股份,122743377,7683226,7819417.0,2026-07-30,SSE,margin_detail,,
603225,新凤鸣,381400308,14438757,21787222.0,2026-07-30,SSE,margin_detail,,
603227,雪峰科技,245360174,4585129,7187050.0,2026-07-30,SSE,margin_detail,,
603228,景旺电子,2041627001,261396788,333894100.0,2026-07-30,SSE,margin_detail,,
603229,奥翔药业,266851851,2675587,4841129.0,2026-07-30,SSE,margin_detail,,
603231,索宝蛋白,122879456,2711624,4137518.0,2026-07-30,SSE,margin_detail,,
603233,大参林,198537536,9042680,7155759.0,2026-07-30,SSE,margin_detail,,
603236,移远通信,1428692333,57455596,54242188.0,2026-07-30,SSE,margin_detail,,
603248,锡华科技,94426798,3563155,4182895.0,2026-07-30,SSE,margin_detail,,
603257,中国瑞林,115110907,9055150,4331970.0,2026-07-30,SSE,margin_detail,,
603259,药明康德,5123767169,519911482,576873869.0,2026-07-30,SSE,margin_detail,,
603260,合盛硅业,765503487,34187627,40100335.0,2026-07-30,SSE,margin_detail,,
603262,技源集团,148523195,1211921,1255072.0,2026-07-30,SSE,margin_detail,,
603267,鸿远电子,671124553,42313687,53756686.0,2026-07-30,SSE,margin_detail,,
603268,松发股份,263458426,56954060,55884687.0,2026-07-30,SSE,margin_detail,,
603270,金帝股份,182861639,7258265,5968116.0,2026-07-30,SSE,margin_detail,,
603271,永杰新材,104933988,10180199,8730181.0,2026-07-30,SSE,margin_detail,,
603273,天元智能,46727573,1972908,1065277.0,2026-07-30,SSE,margin_detail,,
603275,众辰科技,201964020,3001291,2016955.0,2026-07-30,SSE,margin_detail,,
603276,恒兴新材,70528250,6181557,4211220.0,2026-07-30,SSE,margin_detail,,
603279,景津装备,99357167,5211063,7919982.0,2026-07-30,SSE,margin_detail,,
603283,赛腾股份,1093378898,75100036,112955851.0,2026-07-30,SSE,margin_detail,,
603284,林平发展,39966313,4857897,10240751.0,2026-07-30,SSE,margin_detail,,
603285,键邦股份,122920157,6281561,9461756.0,2026-07-30,SSE,margin_detail,,
603288,海天味业,978668415,34845033,59392206.0,2026-07-30,SSE,margin_detail,,
603290,斯达半导,1041268335,42086358,51651073.0,2026-07-30,SSE,margin_detail,,
603293,埃泰克,94257688,4426714,4833809.0,2026-07-30,SSE,margin_detail,,
603296,华勤技术,1061667540,226927891,280793773.0,2026-07-30,SSE,margin_detail,,
603297,永新光学,319760945,56875696,99632401.0,2026-07-30,SSE,margin_detail,,
603298,杭叉集团,143981336,17484828,10743413.0,2026-07-30,SSE,margin_detail,,
603299,苏盐井神,180272435,4398767,4067032.0,2026-07-30,SSE,margin_detail,,
603300,海南华铁,460735159,16483206,15320176.0,2026-07-30,SSE,margin_detail,,
603301,振德医疗,1399505968,37743384,37315963.0,2026-07-30,SSE,margin_detail,,
603305,旭升集团,728335874,15214530,17408378.0,2026-07-30,SSE,margin_detail,,
603306,华懋科技,1498411148,47108041,95524734.0,2026-07-30,SSE,margin_detail,,
603308,应流股份,735704620,50280637,38223269.0,2026-07-30,SSE,margin_detail,,
603310,巍华新材,103813944,2992262,2959006.0,2026-07-30,SSE,margin_detail,,
603312,西典新能,97807397,882242,965338.0,2026-07-30,SSE,margin_detail,,
603317,天味食品,68733434,23422644,21632177.0,2026-07-30,SSE,margin_detail,,
603318,水发燃气,138625494,32010410,26055022.0,2026-07-30,SSE,margin_detail,,
603319,美湖股份,1207539332,19399745,33002887.0,2026-07-30,SSE,margin_detail,,
603323,苏农银行,813764085,15134274,28049691.0,2026-07-30,SSE,margin_detail,,
603325,博隆技术,223089305,4545854,3185649.0,2026-07-30,SSE,margin_detail,,
603328,依顿电子,357260183,13054709,15167037.0,2026-07-30,SSE,margin_detail,,
603329,上海雅仕,124983550,4090414,6767980.0,2026-07-30,SSE,margin_detail,,
603330,天洋新材,158177070,17505645,8984062.0,2026-07-30,SSE,margin_detail,,
603334,丰倍生物,110989924,3765623,10316094.0,2026-07-30,SSE,margin_detail,,
603335,迪生力,123557465,6812566,8834876.0,2026-07-30,SSE,margin_detail,,
603337,杰克科技,23526133,8113456,7505331.0,2026-07-30,SSE,margin_detail,,
603338,浙江鼎力,259596705,26322114,26855153.0,2026-07-30,SSE,margin_detail,,
603341,龙旗科技,647404051,25221476,28454915.0,2026-07-30,SSE,margin_detail,,
603344,星德胜,143659929,2658145,4758541.0,2026-07-30,SSE,margin_detail,,
603345,安井食品,328216385,59114930,55024130.0,2026-07-30,SSE,margin_detail,,
603348,文灿股份,185040500,1286693,1770745.0,2026-07-30,SSE,margin_detail,,
603350,安乃达,113447617,1120745,1740668.0,2026-07-30,SSE,margin_detail,,
603352,至信股份,62376706,1879018,1567078.0,2026-07-30,SSE,margin_detail,,
603355,莱克电气,342015638,8122642,8484545.0,2026-07-30,SSE,margin_detail,,
603357,设计总院,105641331,2578774,2189884.0,2026-07-30,SSE,margin_detail,,
603358,华达科技,720769703,41347314,85751749.0,2026-07-30,SSE,margin_detail,,
603366,日出东方,99010946,3628955,6360681.0,2026-07-30,SSE,margin_detail,,
603368,柳药集团,327142341,5852101,6474365.0,2026-07-30,SSE,margin_detail,,
603369,今世缘,320005660,23709929,37057590.0,2026-07-30,SSE,margin_detail,,
603370,华新精科,66263695,830361,1787298.0,2026-07-30,SSE,margin_detail,,
603373,安邦护卫,175234829,4390942,7171994.0,2026-07-30,SSE,margin_detail,,
603375,盛景微,268180583,4855100,13081599.0,2026-07-30,SSE,margin_detail,,
603376,大明电子,58171963,1756441,1376504.0,2026-07-30,SSE,margin_detail,,
603379,三美股份,895042406,44372228,74477170.0,2026-07-30,SSE,margin_detail,,
603381,永臻股份,101247939,5367238,6214453.0,2026-07-30,SSE,margin_detail,,
603382,海阳科技,46287039,1651798,1454492.0,2026-07-30,SSE,margin_detail,,
603383,顶点软件,251035028,13557832,12262727.0,2026-07-30,SSE,margin_detail,,
603387,基蛋生物,208049741,7081956,7846391.0,2026-07-30,SSE,margin_detail,,
603391,力聚热能,181141581,826116,5777848.0,2026-07-30,SSE,margin_detail,,
603392,万泰生物,588713760,11048150,10236736.0,2026-07-30,SSE,margin_detail,,
603393,新天然气,350495436,13540556,16023904.0,2026-07-30,SSE,margin_detail,,
603395,红四方,94047706,3951352,3593641.0,2026-07-30,SSE,margin_detail,,
603396,金辰股份,93007837,5639018,4316888.0,2026-07-30,SSE,margin_detail,,
603399,永杉锂业,297095704,73192300,76339754.0,2026-07-30,SSE,margin_detail,,
603400,华之杰,121834642,34453556,30976524.0,2026-07-30,SSE,margin_detail,,
603402,陕西旅游,184444083,13222046,13267762.0,2026-07-30,SSE,margin_detail,,
603406,天富龙,59628406,1668394,2540207.0,2026-07-30,SSE,margin_detail,,
603407,长裕集团,126449508,21050528,18479359.0,2026-07-30,SSE,margin_detail,,
603409,汇通控股,110904165,4109658,4145598.0,2026-07-30,SSE,margin_detail,,
603416,信捷电气,219693695,8956593,8894882.0,2026-07-30,SSE,margin_detail,,
603418,友升股份,181791183,3408086,3492306.0,2026-07-30,SSE,margin_detail,,
603435,嘉德利,113752834,9351107,9049693.0,2026-07-30,SSE,margin_detail,,
603444,吉比特,676683882,101534030,128875185.0,2026-07-30,SSE,margin_detail,,
603456,九洲药业,336992879,24861230,29462466.0,2026-07-30,SSE,margin_detail,,
603459,红板科技,313779020,106316345,164030167.0,2026-07-30,SSE,margin_detail,,
603466,风语筑,270969599,23447471,18696414.0,2026-07-30,SSE,margin_detail,,
603477,巨星农牧,179228819,7828333,7672685.0,2026-07-30,SSE,margin_detail,,
603486,科沃斯,444985897,35522862,37034444.0,2026-07-30,SSE,margin_detail,,
603489,八方股份,98454729,5154227,4417621.0,2026-07-30,SSE,margin_detail,,
603496,恒为科技,492262804,41120337,42055446.0,2026-07-30,SSE,margin_detail,,
603501,豪威集团,4411109681,172996174,189577302.0,2026-07-30,SSE,margin_detail,,
603505,金石资源,645998831,17106121,24884932.0,2026-07-30,SSE,margin_detail,,
603507,振江股份,603795242,26461796,18477170.0,2026-07-30,SSE,margin_detail,,
603508,思维列控,175339359,9931469,11556335.0,2026-07-30,SSE,margin_detail,,
603515,欧普照明,42178211,1026120,1287352.0,2026-07-30,SSE,margin_detail,,
603516,淳中科技,1907777005,46858925,34289136.0,2026-07-30,SSE,margin_detail,,
603527,众源新材,152318983,4871674,5930753.0,2026-07-30,SSE,margin_detail,,
603529,爱玛科技,317944247,10843335,12549033.0,2026-07-30,SSE,margin_detail,,
603530,神马电力,80770415,8517420,10356653.0,2026-07-30,SSE,margin_detail,,
603533,掌阅科技,76903179,47065550,22867516.0,2026-07-30,SSE,margin_detail,,
603538,美诺华,411880982,80014056,111049834.0,2026-07-30,SSE,margin_detail,,
603556,海兴电力,209692318,6388474,10803133.0,2026-07-30,SSE,margin_detail,,
603565,中谷物流,137668235,10164680,8707526.0,2026-07-30,SSE,margin_detail,,
603566,普莱柯,108588899,2111967,3182954.0,2026-07-30,SSE,margin_detail,,
603567,珍宝岛,183519817,40465919,68651840.0,2026-07-30,SSE,margin_detail,,
603568,伟明环保,341963323,8802039,5324896.0,2026-07-30,SSE,margin_detail,,
603583,捷昌驱动,363028780,9061949,7297175.0,2026-07-30,SSE,margin_detail,,
603588,高能环境,1807995921,45982658,84064061.0,2026-07-30,SSE,margin_detail,,
603589,口子窖,262710699,11161772,10771322.0,2026-07-30,SSE,margin_detail,,
603596,伯特利,746431154,45838720,38953783.0,2026-07-30,SSE,margin_detail,,
603599,广信股份,364079236,16082803,12176920.0,2026-07-30,SSE,margin_detail,,
603601,再升科技,379761688,23007667,26048496.0,2026-07-30,SSE,margin_detail,,
603602,纵横通信,197230117,2836788,3315437.0,2026-07-30,SSE,margin_detail,,
603605,珀莱雅,646712222,36522135,39670928.0,2026-07-30,SSE,margin_detail,,
603606,东方电缆,674638319,47149871,61582910.0,2026-07-30,SSE,margin_detail,,
603609,禾丰股份,224859202,1945311,1795707.0,2026-07-30,SSE,margin_detail,,
603612,索通发展,558999434,25771805,23070451.0,2026-07-30,SSE,margin_detail,,
603613,国联股份,1083522807,17777724,25101248.0,2026-07-30,SSE,margin_detail,,
603618,杭电股份,577825589,69458754,112343817.0,2026-07-30,SSE,margin_detail,,
603619,中曼石油,737005161,85564799,103220152.0,2026-07-30,SSE,margin_detail,,
603626,科森科技,742575357,9817942,14836076.0,2026-07-30,SSE,margin_detail,,
603628,清源股份,134910891,1460340,2657836.0,2026-07-30,SSE,margin_detail,,
603636,南威软件,228843635,3646434,6955938.0,2026-07-30,SSE,margin_detail,,
603638,艾迪精密,471986482,21308204,22925149.0,2026-07-30,SSE,margin_detail,,
603639,海利尔,80634697,2244183,1976864.0,2026-07-30,SSE,margin_detail,,
603650,彤程新材,743635828,106830813,124034057.0,2026-07-30,SSE,margin_detail,,
603658,安图生物,426966252,16447682,9690769.0,2026-07-30,SSE,margin_detail,,
603659,璞泰来,1051142198,46335444,56587204.0,2026-07-30,SSE,margin_detail,,
603660,苏州科达,544296948,11747466,14707927.0,2026-07-30,SSE,margin_detail,,
603662,柯力传感,570319206,17620103,20290431.0,2026-07-30,SSE,margin_detail,,
603663,三祥新材,520825424,42806958,54964029.0,2026-07-30,SSE,margin_detail,,
603667,五洲新春,1122285265,55319006,63060971.0,2026-07-30,SSE,margin_detail,,
603668,天马科技,897931133,2195048,4107030.0,2026-07-30,SSE,margin_detail,,
603678,火炬电子,550218344,102578208,102412849.0,2026-07-30,SSE,margin_detail,,
603681,永冠新材,333817999,13671435,12930526.0,2026-07-30,SSE,margin_detail,,
603686,福龙马,276266360,7068943,13314391.0,2026-07-30,SSE,margin_detail,,
603687,大胜达,55055030,17048639,17704809.0,2026-07-30,SSE,margin_detail,,
603688,石英股份,1124282448,54640778,62648477.0,2026-07-30,SSE,margin_detail,,
603690,至纯科技,430411191,136684966,178926227.0,2026-07-30,SSE,margin_detail,,
603693,江苏新能,120273986,11606609,10062864.0,2026-07-30,SSE,margin_detail,,
603696,安记食品,58057396,3795952,5074921.0,2026-07-30,SSE,margin_detail,,
603698,航天工程,367204653,27008041,49333325.0,2026-07-30,SSE,margin_detail,,
603699,纽威股份,158943921,22456956,16808813.0,2026-07-30,SSE,margin_detail,,
603707,健友股份,210645619,8312169,11013216.0,2026-07-30,SSE,margin_detail,,
603708,家家悦,77625377,3031227,3725314.0,2026-07-30,SSE,margin_detail,,
603712,七一二,362898292,9170879,7477519.0,2026-07-30,SSE,margin_detail,,
603713,密尔克卫,164198631,15392402,10316361.0,2026-07-30,SSE,margin_detail,,
603719,良品铺子,122351634,5361181,5475298.0,2026-07-30,SSE,margin_detail,,
603727,博迈科,100095631,8317792,5993234.0,2026-07-30,SSE,margin_detail,,
603728,鸣志电器,320315301,12275243,13468872.0,2026-07-30,SSE,margin_detail,,
603730,岱美股份,443481743,14457659,9955131.0,2026-07-30,SSE,margin_detail,,
603733,仙鹤股份,261102838,16636963,6566035.0,2026-07-30,SSE,margin_detail,,
603737,三棵树,80849231,12131529,19083232.0,2026-07-30,SSE,margin_detail,,
603738,泰晶科技,619913297,65374033,104303989.0,2026-07-30,SSE,margin_detail,,
603758,秦安股份,91152042,2475284,3217742.0,2026-07-30,SSE,margin_detail,,
603766,隆鑫通用,190303191,9350518,23735653.0,2026-07-30,SSE,margin_detail,,
603776,永安行,534534065,4111026,2034591.0,2026-07-30,SSE,margin_detail,,
603777,来伊份,181775501,17017267,10066692.0,2026-07-30,SSE,margin_detail,,
603786,科博达,164261315,8197023,7294845.0,2026-07-30,SSE,margin_detail,,
603799,华友钴业,4833229175,231017080,223877978.0,2026-07-30,SSE,margin_detail,,
603800,洪田股份,511887946,19751359,16369544.0,2026-07-30,SSE,margin_detail,,
603803,瑞斯康达,201536760,30209651,26429406.0,2026-07-30,SSE,margin_detail,,
603806,福斯特,656618057,55632463,52388707.0,2026-07-30,SSE,margin_detail,,
603809,豪能股份,236127892,9231577,8151760.0,2026-07-30,SSE,margin_detail,,
603816,顾家家居,187481092,17257446,20592734.0,2026-07-30,SSE,margin_detail,,
603826,坤彩科技,262283432,12188710,8086996.0,2026-07-30,SSE,margin_detail,,
603833,欧派家居,120033861,9064559,12269990.0,2026-07-30,SSE,margin_detail,,
603858,步长制药,506640650,10431785,13911494.0,2026-07-30,SSE,margin_detail,,
603866,桃李面包,187461043,3377116,4661128.0,2026-07-30,SSE,margin_detail,,
603867,新化股份,435224009,15623742,15153013.0,2026-07-30,SSE,margin_detail,,
603868,飞科电器,121264019,1862631,2661620.0,2026-07-30,SSE,margin_detail,,
603871,嘉友国际,138372438,14195743,16547319.0,2026-07-30,SSE,margin_detail,,
603876,鼎胜新材,306371761,36881364,25196271.0,2026-07-30,SSE,margin_detail,,
603877,太平鸟,98183868,3155678,4082492.0,2026-07-30,SSE,margin_detail,,
603881,数据港,742265262,39197634,79783227.0,2026-07-30,SSE,margin_detail,,
603882,金域医学,293742294,15881864,13362895.0,2026-07-30,SSE,margin_detail,,
603883,老百姓,318106591,7903782,8479148.0,2026-07-30,SSE,margin_detail,,
603885,吉祥航空,152976147,10716872,19639320.0,2026-07-30,SSE,margin_detail,,
603887,城地香江,361652904,7146409,9171614.0,2026-07-30,SSE,margin_detail,,
603888,新华网,305464653,12789038,10014927.0,2026-07-30,SSE,margin_detail,,
603890,春秋电子,608796211,17524417,33749004.0,2026-07-30,SSE,margin_detail,,
603893,瑞芯微,2128793955,395901480,507714175.0,2026-07-30,SSE,margin_detail,,
603897,长城科技,149541488,10852500,8120442.0,2026-07-30,SSE,margin_detail,,
603899,晨光股份,112692130,11627460,8556926.0,2026-07-30,SSE,margin_detail,,
603906,龙蟠科技,392146385,46249136,38662613.0,2026-07-30,SSE,margin_detail,,
603908,牧高笛,43932385,1789901,2337786.0,2026-07-30,SSE,margin_detail,,
603915,国茂股份,289925456,6575614,4094151.0,2026-07-30,SSE,margin_detail,,
603916,苏博特,239204285,6994050,5622280.0,2026-07-30,SSE,margin_detail,,
603918,金桥信息,132535611,20572212,17970985.0,2026-07-30,SSE,margin_detail,,
603919,金徽酒,88564119,13188878,13340230.0,2026-07-30,SSE,margin_detail,,
603920,世运电路,1543985183,61999649,70530491.0,2026-07-30,SSE,margin_detail,,
603927,中科软,548574451,19441564,14107919.0,2026-07-30,SSE,margin_detail,,
603936,博敏电子,727396605,28372186,39069922.0,2026-07-30,SSE,margin_detail,,
603938,三孚股份,364917339,49309775,71041656.0,2026-07-30,SSE,margin_detail,,
603939,益丰药房,71372293,11377960,11927192.0,2026-07-30,SSE,margin_detail,,
603960,克来机电,259564167,9093149,4816281.0,2026-07-30,SSE,margin_detail,,
603969,银龙股份,390944429,32711608,30076537.0,2026-07-30,SSE,margin_detail,,
603978,深圳新星,261315405,8718857,14043406.0,2026-07-30,SSE,margin_detail,,
603979,金诚信,287240037,20335679,49569426.0,2026-07-30,SSE,margin_detail,,
603982,泉峰汽车,126281588,1790023,2505110.0,2026-07-30,SSE,margin_detail,,
603985,恒润股份,378052516,10826260,16172654.0,2026-07-30,SSE,margin_detail,,
603986,兆易创新,17995488978,4734679853,5361232027.0,2026-07-30,SSE,margin_detail,,
603989,艾华集团,178328437,45882141,50978114.0,2026-07-30,SSE,margin_detail,,
603990,麦迪科技,523931897,29519785,25371409.0,2026-07-30,SSE,margin_detail,,
603993,洛阳钼业,4203533436,184251051,249432449.0,2026-07-30,SSE,margin_detail,,
603995,甬金股份,240268373,4225632,8631625.0,2026-07-30,SSE,margin_detail,,
603997,继峰股份,704498919,19156046,22830380.0,2026-07-30,SSE,margin_detail,,
605011,杭州热电,75646821,7871819,11878374.0,2026-07-30,SSE,margin_detail,,
605020,永和股份,468886745,32406166,36243020.0,2026-07-30,SSE,margin_detail,,
605060,联德股份,23462697,10720093,10354053.0,2026-07-30,SSE,margin_detail,,
605090,九丰能源,747740571,52347435,49746030.0,2026-07-30,SSE,margin_detail,,
605111,新洁能,618815242,61027064,95313764.0,2026-07-30,SSE,margin_detail,,
605117,德业股份,593311914,59314673,43742448.0,2026-07-30,SSE,margin_detail,,
605123,派克新材,397938421,8622544,9700723.0,2026-07-30,SSE,margin_detail,,
605168,三人行,445588119,13304089,11167507.0,2026-07-30,SSE,margin_detail,,
605208,永茂泰,207393326,11458398,11521883.0,2026-07-30,SSE,margin_detail,,
605277,新亚电子,184231036,4342234,5453788.0,2026-07-30,SSE,margin_detail,,
605305,中际联合,427733207,15351198,22329375.0,2026-07-30,SSE,margin_detail,,
605358,立昂微,1517159658,89135848,128112986.0,2026-07-30,SSE,margin_detail,,
605366,宏柏新材,268308256,9056686,13398718.0,2026-07-30,SSE,margin_detail,,
605376,博迁新材,778311088,203829542,160520803.0,2026-07-30,SSE,margin_detail,,
605399,晨光新材,97389816,1867773,1392747.0,2026-07-30,SSE,margin_detail,,
605499,东鹏饮料,758834691,133866657,113197058.0,2026-07-30,SSE,margin_detail,,
605589,圣泉集团,1275391398,115993755,127136388.0,2026-07-30,SSE,margin_detail,,
688001,华兴源创,494141632,27484056,27538218.0,2026-07-30,SSE,margin_detail,,
688002,睿创微纳,1445438174,116723160,193536721.0,2026-07-30,SSE,margin_detail,,
688003,天准科技,333911732,64049173,45185180.0,2026-07-30,SSE,margin_detail,,
688004,博汇科技,86286297,3455912,7038077.0,2026-07-30,SSE,margin_detail,,
688005,容百科技,1742612023,41009617,66225828.0,2026-07-30,SSE,margin_detail,,
688006,杭可科技,389039147,18730075,19928629.0,2026-07-30,SSE,margin_detail,,
688007,光峰科技,402426796,8319812,9984433.0,2026-07-30,SSE,margin_detail,,
688008,XD澜起科,14950971595,1506628525,1848731797.0,2026-07-30,SSE,margin_detail,,
688009,中国通号,470898903,14934739,14907469.0,2026-07-30,SSE,margin_detail,,
688010,福光股份,241222334,20458948,16153451.0,2026-07-30,SSE,margin_detail,,
688011,新光光电,164562473,9723712,7616234.0,2026-07-30,SSE,margin_detail,,
688012,中微公司,4834791992,906808415,992378559.0,2026-07-30,SSE,margin_detail,,
688013,天臣医疗,96152853,5440325,3681218.0,2026-07-30,SSE,margin_detail,,
688015,交控科技,107180149,2403638,2673570.0,2026-07-30,SSE,margin_detail,,
688016,心脉医疗,464473329,21838265,28823492.0,2026-07-30,SSE,margin_detail,,
688017,绿的谐波,2399798227,295681683,320202244.0,2026-07-30,SSE,margin_detail,,
688018,乐鑫科技,767896903,80837936,69987654.0,2026-07-30,SSE,margin_detail,,
688019,安集科技,1450158176,157973634,215065028.0,2026-07-30,SSE,margin_detail,,
688020,方邦股份,309485878,46051142,41206863.0,2026-07-30,SSE,margin_detail,,
688021,奥福科技,42593197,2218012,2097633.0,2026-07-30,SSE,margin_detail,,
688023,安恒信息,359174215,13015220,9837708.0,2026-07-30,SSE,margin_detail,,
688025,杰普特,799297309,90832928,128037817.0,2026-07-30,SSE,margin_detail,,
688026,洁特生物,96762278,4736934,8695441.0,2026-07-30,SSE,margin_detail,,
688027,国盾量子,1216252804,58239726,63442842.0,2026-07-30,SSE,margin_detail,,
688028,沃尔德,1197986632,79946562,118675036.0,2026-07-30,SSE,margin_detail,,
688029,南微医学,453586328,10365508,13546853.0,2026-07-30,SSE,margin_detail,,
688030,山石网科,72699600,6876676,8264498.0,2026-07-30,SSE,margin_detail,,
688031,星环科技,855203769,24272824,21681590.0,2026-07-30,SSE,margin_detail,,
688032,禾迈股份,463904762,8838032,10608181.0,2026-07-30,SSE,margin_detail,,
688035,德邦科技,417150641,49117255,40037161.0,2026-07-30,SSE,margin_detail,,
688036,传音控股,904907763,123599701,80350142.0,2026-07-30,SSE,margin_detail,,
688037,芯源微,561538290,95201873,208029617.0,2026-07-30,SSE,margin_detail,,
688038,中科通达,69061925,1554652,1511154.0,2026-07-30,SSE,margin_detail,,
688039,当虹科技,187603260,3745612,7654805.0,2026-07-30,SSE,margin_detail,,
688041,海光信息,8059426315,390945054,550126812.0,2026-07-30,SSE,margin_detail,,
688045,必易微,69387014,9039502,8154670.0,2026-07-30,SSE,margin_detail,,
688046,药康生物,88556675,17412843,21006295.0,2026-07-30,SSE,margin_detail,,
688047,龙芯中科,1274372799,46444092,50982761.0,2026-07-30,SSE,margin_detail,,
688048,长光华芯,2883018865,284242465,520950366.0,2026-07-30,SSE,margin_detail,,
688049,炬芯科技,567286623,56610675,55530392.0,2026-07-30,SSE,margin_detail,,
688050,爱博医疗,502091064,8488713,14275432.0,2026-07-30,SSE,margin_detail,,
688051,佳华科技,51351281,2760373,3585350.0,2026-07-30,SSE,margin_detail,,
688052,纳芯微,1713454723,49850835,65399809.0,2026-07-30,SSE,margin_detail,,
688055,龙腾光电,116267578,4923760,5357558.0,2026-07-30,SSE,margin_detail,,
688056,莱伯泰科,73169167,6286000,8213837.0,2026-07-30,SSE,margin_detail,,
688057,金达莱,171263283,6957623,7538921.0,2026-07-30,SSE,margin_detail,,
688058,宝兰德,34576787,1400716,1854589.0,2026-07-30,SSE,margin_detail,,
688059,华锐精密,772271218,49879287,54662662.0,2026-07-30,SSE,margin_detail,,
688060,云涌科技,45499124,1829256,2073333.0,2026-07-30,SSE,margin_detail,,
688061,灿瑞科技,83009997,8279965,6283511.0,2026-07-30,SSE,margin_detail,,
688062,迈威生物,442753465,16621930,23112214.0,2026-07-30,SSE,margin_detail,,
688063,派能科技,844517919,28876899,26141171.0,2026-07-30,SSE,margin_detail,,
688065,XD凯赛生,754418460,11876919,26543201.0,2026-07-30,SSE,margin_detail,,
688067,爱威科技,43239626,1278840,2139557.0,2026-07-30,SSE,margin_detail,,
688068,热景生物,141914190,15179435,24480744.0,2026-07-30,SSE,margin_detail,,
688069,德林海,436605023,10568082,5500121.0,2026-07-30,SSE,margin_detail,,
688070,纵横股份,112030156,3434607,6314610.0,2026-07-30,SSE,margin_detail,,
688071,华依科技,161073425,14478439,10688653.0,2026-07-30,SSE,margin_detail,,
688072,拓荆科技,1972345079,377921981,536265232.0,2026-07-30,SSE,margin_detail,,
688073,毕得医药,79671732,6606441,16793250.0,2026-07-30,SSE,margin_detail,,
688075,安旭生物,115511422,2546975,4348385.0,2026-07-30,SSE,margin_detail,,
688077,大地熊,164648215,6135846,5870212.0,2026-07-30,SSE,margin_detail,,
688078,龙软科技,62214579,2202283,2626579.0,2026-07-30,SSE,margin_detail,,
688079,美迪凯,329038990,16451883,25261004.0,2026-07-30,SSE,margin_detail,,
688080,映翰通,308675017,4133558,7841296.0,2026-07-30,SSE,margin_detail,,
688081,兴图新科,136047064,6632021,3319782.0,2026-07-30,SSE,margin_detail,,
688082,盛美上海,771157028,103415215,168314670.0,2026-07-30,SSE,margin_detail,,
688083,中望软件,311812714,19087261,15602935.0,2026-07-30,SSE,margin_detail,,
688084,晶品特装,97872907,3973994,5066948.0,2026-07-30,SSE,margin_detail,,
688085,三友医疗,118190802,4184508,5287201.0,2026-07-30,SSE,margin_detail,,
688087,英科再生,57870941,6802965,9328920.0,2026-07-30,SSE,margin_detail,,
688088,虹软科技,631996348,19877413,25199730.0,2026-07-30,SSE,margin_detail,,
688090,瑞松科技,465276327,58792438,57159068.0,2026-07-30,SSE,margin_detail,,
688091,上海谊众,715484037,6445848,13415375.0,2026-07-30,SSE,margin_detail,,
688092,爱科科技,83398986,2865706,2149037.0,2026-07-30,SSE,margin_detail,,
688093,世华科技,286614529,13649897,16909868.0,2026-07-30,SSE,margin_detail,,
688095,福昕软件,224958388,11349240,10121658.0,2026-07-30,SSE,margin_detail,,
688096,京源环保,168219507,8610261,4261271.0,2026-07-30,SSE,margin_detail,,
688097,博众精工,690485244,15078178,20062502.0,2026-07-30,SSE,margin_detail,,
688098,申联生物,216324364,1312650,727078.0,2026-07-30,SSE,margin_detail,,
688099,晶晨股份,1110786240,145414624,143487388.0,2026-07-30,SSE,margin_detail,,
688100,威胜信息,205130130,17029862,11824210.0,2026-07-30,SSE,margin_detail,,
688101,三达膜,247057439,17408533,14160018.0,2026-07-30,SSE,margin_detail,,
688102,斯瑞新材,753857593,25398814,31839247.0,2026-07-30,SSE,margin_detail,,
688103,国力电子,500807851,35689227,74443170.0,2026-07-30,SSE,margin_detail,,
688105,诺唯赞,143972015,12027524,13596252.0,2026-07-30,SSE,margin_detail,,
688106,金宏气体,958193392,68120115,83382919.0,2026-07-30,SSE,margin_detail,,
688107,安路科技,165985897,19336285,18679093.0,2026-07-30,SSE,margin_detail,,
688108,赛诺医疗,639295830,13561237,24420409.0,2026-07-30,SSE,margin_detail,,
688109,品茗科技,282995813,5294615,4816522.0,2026-07-30,SSE,margin_detail,,
688110,东芯股份,2853727075,142922395,165719175.0,2026-07-30,SSE,margin_detail,,
688111,金山办公,4684703085,276872289,326950860.0,2026-07-30,SSE,margin_detail,,
688112,鼎阳科技,132788976,12629451,10452700.0,2026-07-30,SSE,margin_detail,,
688113,联测科技,93028786,3819899,4068641.0,2026-07-30,SSE,margin_detail,,
688114,华大智造,383622379,12246704,17475809.0,2026-07-30,SSE,margin_detail,,
688115,思林杰,214341688,4446765,7079265.0,2026-07-30,SSE,margin_detail,,
688116,天奈科技,1026534075,19627894,24113540.0,2026-07-30,SSE,margin_detail,,
688117,圣诺生物,302099131,18031136,19134972.0,2026-07-30,SSE,margin_detail,,
688118,普元信息,115084929,4394455,4452530.0,2026-07-30,SSE,margin_detail,,
688119,中钢洛耐,136918174,3252692,4995508.0,2026-07-30,SSE,margin_detail,,
688120,华海清科,1489424728,197624818,358005611.0,2026-07-30,SSE,margin_detail,,
688122,西部超导,1999832287,46697826,60149818.0,2026-07-30,SSE,margin_detail,,
688123,聚辰股份,1394461085,80262984,173146683.0,2026-07-30,SSE,margin_detail,,
688125,安达智能,336721889,16344850,17044468.0,2026-07-30,SSE,margin_detail,,
688126,沪硅产业,2792540243,178176305,251012871.0,2026-07-30,SSE,margin_detail,,
688127,蓝特光学,1052150017,46440240,44854625.0,2026-07-30,SSE,margin_detail,,
688128,中国电研,152071282,4792647,7277198.0,2026-07-30,SSE,margin_detail,,
688129,东来技术,38682275,1892213,1407986.0,2026-07-30,SSE,margin_detail,,
688130,晶华微,44079212,3307892,3045095.0,2026-07-30,SSE,margin_detail,,
688131,皓元医药,657669223,47833291,66650388.0,2026-07-30,SSE,margin_detail,,
688132,邦彦技术,71724295,1490259,1506341.0,2026-07-30,SSE,margin_detail,,
688133,泰坦科技,231019380,8697563,8169588.0,2026-07-30,SSE,margin_detail,,
688135,利扬芯片,372355624,22334303,24231382.0,2026-07-30,SSE,margin_detail,,
688136,科兴制药,175143848,5098931,11407174.0,2026-07-30,SSE,margin_detail,,
688137,近岸蛋白,39748525,2232547,2179821.0,2026-07-30,SSE,margin_detail,,
688138,清溢光电,464726346,42623132,33233166.0,2026-07-30,SSE,margin_detail,,
688139,海尔生物,269729462,13791710,15262116.0,2026-07-30,SSE,margin_detail,,
688141,杰华特,1355728078,226364801,275879841.0,2026-07-30,SSE,margin_detail,,
688143,长盈通,614626640,55225511,83067119.0,2026-07-30,SSE,margin_detail,,
688146,中船特气,2256371026,870722224,724672022.0,2026-07-30,SSE,margin_detail,,
688147,微导纳米,367945494,84792801,73220103.0,2026-07-30,SSE,margin_detail,,
688148,芳源股份,124764043,8657888,9417248.0,2026-07-30,SSE,margin_detail,,
688150,莱特光电,563956266,44449481,83825176.0,2026-07-30,SSE,margin_detail,,
688151,华强科技,82369644,6879346,9637223.0,2026-07-30,SSE,margin_detail,,
688152,麒麟信安,111269914,4412021,3671053.0,2026-07-30,SSE,margin_detail,,
688153,唯捷创芯,227575541,13935994,20870983.0,2026-07-30,SSE,margin_detail,,
688155,先惠技术,315311261,19115137,21060842.0,2026-07-30,SSE,margin_detail,,
688156,路德科技,115645345,6068802,7137049.0,2026-07-30,SSE,margin_detail,,
688157,松井股份,137726400,3495973,4461758.0,2026-07-30,SSE,margin_detail,,
688158,优刻得,1027130535,40454648,46179301.0,2026-07-30,SSE,margin_detail,,
688159,有方科技,280937178,7136271,8132366.0,2026-07-30,SSE,margin_detail,,
688160,步科股份,248658668,21075701,18854926.0,2026-07-30,SSE,margin_detail,,
688161,威高骨科,166532361,2677519,2169960.0,2026-07-30,SSE,margin_detail,,
688162,巨一科技,69224958,2533961,2632885.0,2026-07-30,SSE,margin_detail,,
688163,赛伦生物,301653094,4487427,3468187.0,2026-07-30,SSE,margin_detail,,
688165,埃夫特,296066721,9339130,12446360.0,2026-07-30,SSE,margin_detail,,
688166,博瑞医药,1173928315,30911513,57337388.0,2026-07-30,SSE,margin_detail,,
688167,炬光科技,1494399635,141706124,224723012.0,2026-07-30,SSE,margin_detail,,
688168,安博通,356189162,12337817,17526891.0,2026-07-30,SSE,margin_detail,,
688169,石头科技,1020503470,49540801,95560726.0,2026-07-30,SSE,margin_detail,,
688170,德龙激光,390696400,28299733,27486172.0,2026-07-30,SSE,margin_detail,,
688171,纬德信息,101330703,7483208,6777681.0,2026-07-30,SSE,margin_detail,,
688172,燕东微,539614512,41913919,65171892.0,2026-07-30,SSE,margin_detail,,
688173,希荻微,155299407,16639556,14724625.0,2026-07-30,SSE,margin_detail,,
688175,高凌信息,106025766,4820753,5365026.0,2026-07-30,SSE,margin_detail,,
688176,亚虹医药,334465191,14682622,13627190.0,2026-07-30,SSE,margin_detail,,
688177,百奥泰,175354880,3313767,3675227.0,2026-07-30,SSE,margin_detail,,
688178,万德斯,86114177,3221449,2640288.0,2026-07-30,SSE,margin_detail,,
688179,阿拉丁,389463995,14668570,23862653.0,2026-07-30,SSE,margin_detail,,
688180,君实生物,1248534508,40018399,34620646.0,2026-07-30,SSE,margin_detail,,
688181,八亿时空,375194932,31027364,29613434.0,2026-07-30,SSE,margin_detail,,
688182,灿勤科技,275646573,12190554,14833966.0,2026-07-30,SSE,margin_detail,,
688183,生益电子,1724175876,178750495,204213006.0,2026-07-30,SSE,margin_detail,,
688185,康希诺,261480595,6178528,7054621.0,2026-07-30,SSE,margin_detail,,
688186,广大特材,384263161,4154777,6690138.0,2026-07-30,SSE,margin_detail,,
688187,时代电气,1151966244,47116966,42493144.0,2026-07-30,SSE,margin_detail,,
688188,柏楚电子,349309212,20499863,56183709.0,2026-07-30,SSE,margin_detail,,
688190,云路股份,299002745,10671411,9215687.0,2026-07-30,SSE,margin_detail,,
688191,智洋创新,434838050,16243479,18938919.0,2026-07-30,SSE,margin_detail,,
688192,迪哲医药,347295806,31041154,34261826.0,2026-07-30,SSE,margin_detail,,
688193,仁度生物,114201329,594135,1015461.0,2026-07-30,SSE,margin_detail,,
688195,腾景科技,1018396185,40227966,63863613.0,2026-07-30,SSE,margin_detail,,
688196,卓越新能,75910086,3950163,5694215.0,2026-07-30,SSE,margin_detail,,
688197,首药控股,220039889,7738607,10902975.0,2026-07-30,SSE,margin_detail,,
688198,佰仁医疗,218399197,11560814,10540609.0,2026-07-30,SSE,margin_detail,,
688199,久日新材,257310271,27617399,21780644.0,2026-07-30,SSE,margin_detail,,
688200,华峰测控,411558333,146989286,207713741.0,2026-07-30,SSE,margin_detail,,
688202,美迪西,319018071,60716604,37615050.0,2026-07-30,SSE,margin_detail,,
688203,海正生材,55564621,3231284,3830552.0,2026-07-30,SSE,margin_detail,,
688205,德科立,1328702910,50308438,97633133.0,2026-07-30,SSE,margin_detail,,
688206,概伦电子,293679481,21183906,17468691.0,2026-07-30,SSE,margin_detail,,
688207,格灵深瞳,203553976,16393260,19343126.0,2026-07-30,SSE,margin_detail,,
688208,道通科技,1030980674,50385537,42828899.0,2026-07-30,SSE,margin_detail,,
688209,英集芯,256405767,25029540,20927767.0,2026-07-30,SSE,margin_detail,,
688210,统联精密,385410493,9483893,9165545.0,2026-07-30,SSE,margin_detail,,
688211,中科微至,66377573,1213796,1587785.0,2026-07-30,SSE,margin_detail,,
688212,澳华内镜,120974383,4473612,5174969.0,2026-07-30,SSE,margin_detail,,
688213,思特威,1371309073,95388982,81867333.0,2026-07-30,SSE,margin_detail,,
688215,瑞晟智能,101220718,2281034,2508468.0,2026-07-30,SSE,margin_detail,,
688216,气派科技,112952239,13817386,13175817.0,2026-07-30,SSE,margin_detail,,
688217,睿昂基因,61448578,2817328,2527896.0,2026-07-30,SSE,margin_detail,,
688218,江苏北人,471863070,34515421,45863335.0,2026-07-30,SSE,margin_detail,,
688219,会通股份,353876693,4510565,8238291.0,2026-07-30,SSE,margin_detail,,
688220,翱捷科技,500670201,74268789,130306203.0,2026-07-30,SSE,margin_detail,,
688221,前沿生物,157218656,16414835,18058673.0,2026-07-30,SSE,margin_detail,,
688222,成都先导,535598807,44124947,30741913.0,2026-07-30,SSE,margin_detail,,
688223,晶科能源,1482625859,38214874,38144791.0,2026-07-30,SSE,margin_detail,,
688225,亚信安全,164452621,5755213,7343234.0,2026-07-30,SSE,margin_detail,,
688226,威腾电气,583935807,8662963,10137438.0,2026-07-30,SSE,margin_detail,,
688227,品高股份,385262915,26174573,21990179.0,2026-07-30,SSE,margin_detail,,
688228,开普云,123835275,4650709,6683930.0,2026-07-30,SSE,margin_detail,,
688229,博睿数据,166819343,2603467,3518255.0,2026-07-30,SSE,margin_detail,,
688230,芯导科技,220918614,8979625,10996318.0,2026-07-30,SSE,margin_detail,,
688231,隆达股份,95058960,10220900,18133936.0,2026-07-30,SSE,margin_detail,,
688232,新点软件,164909728,2850688,4857802.0,2026-07-30,SSE,margin_detail,,
688233,神工股份,558311290,94667099,96088249.0,2026-07-30,SSE,margin_detail,,
688234,天岳先进,1446748201,61170228,104187599.0,2026-07-30,SSE,margin_detail,,
688235,百济神州,1080806015,85285305,132163356.0,2026-07-30,SSE,margin_detail,,
688236,春立医疗,54517770,4279006,2984489.0,2026-07-30,SSE,margin_detail,,
688237,超卓航科,143544100,22769566,21248584.0,2026-07-30,SSE,margin_detail,,
688238,和元生物,130287027,8401491,6224665.0,2026-07-30,SSE,margin_detail,,
688239,航宇科技,383759849,13620732,14735591.0,2026-07-30,SSE,margin_detail,,
688244,永信至诚,99032291,3388484,5019124.0,2026-07-30,SSE,margin_detail,,
688246,嘉和美康,154057498,6271183,5669862.0,2026-07-30,SSE,margin_detail,,
688247,宣泰医药,96717420,4869461,5272127.0,2026-07-30,SSE,margin_detail,,
688248,南网科技,357923897,25859044,25718171.0,2026-07-30,SSE,margin_detail,,
688249,晶合集成,1196526073,68166469,97870646.0,2026-07-30,SSE,margin_detail,,
688251,井松智能,86644349,4134854,4226144.0,2026-07-30,SSE,margin_detail,,
688252,天德钰,244233408,12134454,15966080.0,2026-07-30,SSE,margin_detail,,
688253,英诺特,327772397,19995366,11713147.0,2026-07-30,SSE,margin_detail,,
688255,凯尔达,134286917,9997099,6743493.0,2026-07-30,SSE,margin_detail,,
688256,寒武纪,17674745034,1176963291,1499420050.0,2026-07-30,SSE,margin_detail,,
688257,新锐股份,1295655839,111960557,143420596.0,2026-07-30,SSE,margin_detail,,
688258,卓易信息,423780637,17920334,23843723.0,2026-07-30,SSE,margin_detail,,
688259,创耀科技,209693982,2701502,6287167.0,2026-07-30,SSE,margin_detail,,
688260,昀冢科技,319778474,54732931,49289559.0,2026-07-30,SSE,margin_detail,,
688261,东微半导,473629912,50445682,56614915.0,2026-07-30,SSE,margin_detail,,
688262,国芯科技,589708319,29590915,28046555.0,2026-07-30,SSE,margin_detail,,
688265,南模生物,67685807,2632257,2485829.0,2026-07-30,SSE,margin_detail,,
688266,泽璟制药,414569755,45282445,35493757.0,2026-07-30,SSE,margin_detail,,
688267,中触媒,291559273,14289044,12835343.0,2026-07-30,SSE,margin_detail,,
688268,华特气体,1081676614,128927930,164631438.0,2026-07-30,SSE,margin_detail,,
688269,凯立新材,179324157,4168021,4934916.0,2026-07-30,SSE,margin_detail,,
688271,联影医疗,1227728951,49073714,67805859.0,2026-07-30,SSE,margin_detail,,
688272,富吉瑞,69502347,3998356,4799828.0,2026-07-30,SSE,margin_detail,,
688273,麦澜德,123931258,7119427,6887427.0,2026-07-30,SSE,margin_detail,,
688275,万润新能,735597476,49044415,34445236.0,2026-07-30,SSE,margin_detail,,
688276,百克生物,154606588,2742709,2232529.0,2026-07-30,SSE,margin_detail,,
688277,天智航,470801171,0,418298.0,2026-07-30,SSE,margin_detail,,
688278,特宝生物,1289828450,18850767,34127951.0,2026-07-30,SSE,margin_detail,,
688279,峰岹科技,218456158,15939992,17389293.0,2026-07-30,SSE,margin_detail,,
688280,精进电动,195106480,19302803,12743443.0,2026-07-30,SSE,margin_detail,,
688281,华秦科技,374313310,13709107,15213647.0,2026-07-30,SSE,margin_detail,,
688282,理工导航,107743691,1930640,2473032.0,2026-07-30,SSE,margin_detail,,
688283,坤恒顺维,115130740,5009476,2789319.0,2026-07-30,SSE,margin_detail,,
688285,高铁电气,72543839,1681528,2067316.0,2026-07-30,SSE,margin_detail,,
688286,敏芯股份,239078069,17735065,17042962.0,2026-07-30,SSE,margin_detail,,
688288,鸿泉技术,73277828,2465548,4680491.0,2026-07-30,SSE,margin_detail,,
688289,圣湘生物,304953992,4512700,9210855.0,2026-07-30,SSE,margin_detail,,
688290,景业智能,205731956,5936918,4849738.0,2026-07-30,SSE,margin_detail,,
688291,金橙子,96601977,11578456,10744453.0,2026-07-30,SSE,margin_detail,,
688292,浩瀚深度,144931190,3940467,4574358.0,2026-07-30,SSE,margin_detail,,
688293,奥浦迈,83424686,12025009,14271160.0,2026-07-30,SSE,margin_detail,,
688295,中复神鹰,481274920,15350963,14876026.0,2026-07-30,SSE,margin_detail,,
688296,和达科技,46111296,4626818,6525827.0,2026-07-30,SSE,margin_detail,,
688297,中无人机,518678131,14586778,18722184.0,2026-07-30,SSE,margin_detail,,
688298,东方生物,164272273,1694153,3021110.0,2026-07-30,SSE,margin_detail,,
688299,长阳科技,339116368,6664443,4336475.0,2026-07-30,SSE,margin_detail,,
688300,联瑞新材,806725851,99437069,113756472.0,2026-07-30,SSE,margin_detail,,
688301,奕瑞科技,560008054,27158803,32031327.0,2026-07-30,SSE,margin_detail,,
688302,海创药业,314343901,2633089,3995652.0,2026-07-30,SSE,margin_detail,,
688303,大全能源,497329725,7837424,17001456.0,2026-07-30,SSE,margin_detail,,
688305,科德数控,449964596,18207100,16548645.0,2026-07-30,SSE,margin_detail,,
688306,均普智能,250099881,12838945,10458239.0,2026-07-30,SSE,margin_detail,,
688307,中润光学,264100447,31875690,39682166.0,2026-07-30,SSE,margin_detail,,
688308,欧科亿,765693911,92213254,136239689.0,2026-07-30,SSE,margin_detail,,
688309,恒誉环保,248693168,18396062,16834031.0,2026-07-30,SSE,margin_detail,,
688310,迈得医疗,53597176,3685378,2240338.0,2026-07-30,SSE,margin_detail,,
688311,盟升电子,270442112,6379945,6218012.0,2026-07-30,SSE,margin_detail,,
688312,燕麦科技,405858439,25581524,31545833.0,2026-07-30,SSE,margin_detail,,
688313,仕佳光子,2072374486,205198007,374526775.0,2026-07-30,SSE,margin_detail,,
688314,康拓医疗,97917448,1501958,2359205.0,2026-07-30,SSE,margin_detail,,
688315,诺禾致源,125061608,5498892,10183463.0,2026-07-30,SSE,margin_detail,,
688316,青云科技,161062894,3774200,5347092.0,2026-07-30,SSE,margin_detail,,
688317,之江生物,141329766,2541650,4896402.0,2026-07-30,SSE,margin_detail,,
688318,财富趋势,1015218820,41575572,44736343.0,2026-07-30,SSE,margin_detail,,
688319,欧林生物,486164558,17000985,31357139.0,2026-07-30,SSE,margin_detail,,
688320,禾川科技,211993553,18423239,12765729.0,2026-07-30,SSE,margin_detail,,
688321,微芯生物,673745255,27985100,38685890.0,2026-07-30,SSE,margin_detail,,
688322,奥比中光,1380648023,64123407,78149853.0,2026-07-30,SSE,margin_detail,,
688323,瑞华泰,308679916,25652655,38067845.0,2026-07-30,SSE,margin_detail,,
688325,赛微微电,441914397,18970417,22012532.0,2026-07-30,SSE,margin_detail,,
688326,经纬恒润,256739418,9399016,16577542.0,2026-07-30,SSE,margin_detail,,
688327,云从科技,817419131,14287356,14738577.0,2026-07-30,SSE,margin_detail,,
688328,深科达,249316244,62365715,54378859.0,2026-07-30,SSE,margin_detail,,
688329,艾隆科技,73089906,2049343,2649191.0,2026-07-30,SSE,margin_detail,,
688330,宏力达,222291375,4008811,3949358.0,2026-07-30,SSE,margin_detail,,
688331,荣昌生物,966802214,83649526,78636726.0,2026-07-30,SSE,margin_detail,,
688332,中科蓝讯,504415187,69005124,47775493.0,2026-07-30,SSE,margin_detail,,
688333,铂力特,1543542002,49909230,79144727.0,2026-07-30,SSE,margin_detail,,
688334,西高院,154321028,7087894,8546534.0,2026-07-30,SSE,margin_detail,,
688335,复洁科技,128063826,3613697,2970209.0,2026-07-30,SSE,margin_detail,,
688336,三生国健,469284494,29404000,39123241.0,2026-07-30,SSE,margin_detail,,
688337,普源精电,224969690,14025335,13895249.0,2026-07-30,SSE,margin_detail,,
688338,赛科希德,108646206,4427164,2772905.0,2026-07-30,SSE,margin_detail,,
688339,亿华通,260166574,4431194,7694060.0,2026-07-30,SSE,margin_detail,,
688343,云天励飞,1505676238,45954753,82252267.0,2026-07-30,SSE,margin_detail,,
688345,博力威,74814567,13523667,9684920.0,2026-07-30,SSE,margin_detail,,
688347,华虹宏力,2677046993,508949711,745618639.0,2026-07-30,SSE,margin_detail,,
688348,昱能科技,194735295,8167262,8572441.0,2026-07-30,SSE,margin_detail,,
688349,三一重能,220596591,15518064,14437483.0,2026-07-30,SSE,margin_detail,,
688350,富淼科技,216708842,7512878,6076801.0,2026-07-30,SSE,margin_detail,,
688351,微电生理,263927602,6933174,8179850.0,2026-07-30,SSE,margin_detail,,
688352,颀中科技,414647382,21201857,25201613.0,2026-07-30,SSE,margin_detail,,
688353,华盛锂电,690937190,85542469,90724855.0,2026-07-30,SSE,margin_detail,,
688355,明志科技,69903381,1927376,2607737.0,2026-07-30,SSE,margin_detail,,
688356,键凯科技,171505793,11156403,64016161.0,2026-07-30,SSE,margin_detail,,
688357,建龙微纳,107371474,3430855,8155649.0,2026-07-30,SSE,margin_detail,,
688358,祥生医疗,95382786,3420358,2595804.0,2026-07-30,SSE,margin_detail,,
688359,三孚新科,413840661,50692590,59798370.0,2026-07-30,SSE,margin_detail,,
688360,德马科技,145227370,6589518,4516763.0,2026-07-30,SSE,margin_detail,,
688361,中科飞测,878970834,213159831,364143155.0,2026-07-30,SSE,margin_detail,,
688362,甬矽电子,1205551579,270194955,236958557.0,2026-07-30,SSE,margin_detail,,
688363,华熙生物,505659858,11952124,19813124.0,2026-07-30,SSE,margin_detail,,
688365,光云科技,210499070,11726610,12813172.0,2026-07-30,SSE,margin_detail,,
688366,昊海生科,113839070,1800390,3290619.0,2026-07-30,SSE,margin_detail,,
688367,工大高科,178802746,2700640,1976878.0,2026-07-30,SSE,margin_detail,,
688368,晶丰明源,171904928,35258209,35194114.0,2026-07-30,SSE,margin_detail,,
688369,致远互联,238957487,2938095,3578336.0,2026-07-30,SSE,margin_detail,,
688370,丛麟科技,63368986,642560,411616.0,2026-07-30,SSE,margin_detail,,
688371,菲沃泰,121023317,31807046,36748856.0,2026-07-30,SSE,margin_detail,,
688372,伟测科技,897243243,94805985,130052416.0,2026-07-30,SSE,margin_detail,,
688373,盟科药业,64864947,5143450,6927748.0,2026-07-30,SSE,margin_detail,,
688375,国博电子,394594972,13865298,18063127.0,2026-07-30,SSE,margin_detail,,
688376,美埃科技,197836154,21689082,33786958.0,2026-07-30,SSE,margin_detail,,
688377,迪威尔,298378556,7123302,15150614.0,2026-07-30,SSE,margin_detail,,
688378,奥来德,491675107,29612283,27085708.0,2026-07-30,SSE,margin_detail,,
688379,华光新材,259285372,20230593,18597301.0,2026-07-30,SSE,margin_detail,,
688380,中微半导,592923989,33334707,44932281.0,2026-07-30,SSE,margin_detail,,
688381,帝奥微,509906718,18350182,61878767.0,2026-07-30,SSE,margin_detail,,
688382,益方生物,148548579,15265739,15387152.0,2026-07-30,SSE,margin_detail,,
688383,新益昌,331030706,24757694,35492863.0,2026-07-30,SSE,margin_detail,,
688385,复旦微电,1181372189,56944219,73175481.0,2026-07-30,SSE,margin_detail,,
688386,泛亚微透,267678195,23363394,19241786.0,2026-07-30,SSE,margin_detail,,
688387,信科移动,965611717,29587025,57577824.0,2026-07-30,SSE,margin_detail,,
688388,嘉元科技,951216435,68895684,66325907.0,2026-07-30,SSE,margin_detail,,
688389,普门科技,192123708,1605264,2282901.0,2026-07-30,SSE,margin_detail,,
688390,固德威,452137929,33406462,42774684.0,2026-07-30,SSE,margin_detail,,
688391,钜泉科技,110787992,4864050,8197588.0,2026-07-30,SSE,margin_detail,,
688392,骄成超声,459514860,48142103,89057996.0,2026-07-30,SSE,margin_detail,,
688393,安必平,68702621,2821713,3837134.0,2026-07-30,SSE,margin_detail,,
688395,正弦电气,55562251,3596916,1996154.0,2026-07-30,SSE,margin_detail,,
688396,华润微,1405423715,130202953,130884064.0,2026-07-30,SSE,margin_detail,,
688398,赛特新材,329011562,5305016,5300221.0,2026-07-30,SSE,margin_detail,,
688399,硕世生物,241136721,4802470,6277104.0,2026-07-30,SSE,margin_detail,,
688400,凌云光,744917262,38771775,41965046.0,2026-07-30,SSE,margin_detail,,
688401,路维光电,569554315,59978062,78816106.0,2026-07-30,SSE,margin_detail,,
688403,汇成股份,1326368684,144097314,186471757.0,2026-07-30,SSE,margin_detail,,
688408,中信博,345299243,6730040,13306829.0,2026-07-30,SSE,margin_detail,,
688409,富创精密,542320092,107276009,170977631.0,2026-07-30,SSE,margin_detail,,
688410,山外山,141267619,11939879,9072877.0,2026-07-30,SSE,margin_detail,,
688411,海博思创,938973625,76963979,66156388.0,2026-07-30,SSE,margin_detail,,
688416,恒烁股份,544354193,38890374,46586226.0,2026-07-30,SSE,margin_detail,,
688418,震有科技,534296439,7285783,6774444.0,2026-07-30,SSE,margin_detail,,
688419,耐科装备,153071941,22760282,15329639.0,2026-07-30,SSE,margin_detail,,
688420,美腾科技,31839867,1417192,2104204.0,2026-07-30,SSE,margin_detail,,
688425,铁建重工,513948227,14652857,20783385.0,2026-07-30,SSE,margin_detail,,
688426,康为世纪,37656567,3242140,2053533.0,2026-07-30,SSE,margin_detail,,
688428,诺诚健华,410891377,14941138,16954046.0,2026-07-30,SSE,margin_detail,,
688429,时创能源,69701529,2536050,2151325.0,2026-07-30,SSE,margin_detail,,
688432,有研硅,521610604,163357164,205800504.0,2026-07-30,SSE,margin_detail,,
688433,华曙高科,745466824,15056046,22876786.0,2026-07-30,SSE,margin_detail,,
688435,英方软件,114849891,4603143,3291214.0,2026-07-30,SSE,margin_detail,,
688439,振华风光,472549992,6310540,9355785.0,2026-07-30,SSE,margin_detail,,
688443,智翔金泰,121580654,7959115,6142344.0,2026-07-30,SSE,margin_detail,,
688448,磁谷科技,185846366,9031703,10258466.0,2026-07-30,SSE,margin_detail,,
688449,联芸科技,989576404,25855506,48785915.0,2026-07-30,SSE,margin_detail,,
688450,光格科技,149506148,4539027,5638056.0,2026-07-30,SSE,margin_detail,,
688455,科捷智能,87845301,2758854,2546893.0,2026-07-30,SSE,margin_detail,,
688456,有研粉材,280065390,36102240,50847529.0,2026-07-30,SSE,margin_detail,,
688458,美芯晟,260434508,13045482,12749750.0,2026-07-30,SSE,margin_detail,,
688459,哈铁科技,72633293,900158,546286.0,2026-07-30,SSE,margin_detail,,
688466,金科环境,44591974,2541104,2220757.0,2026-07-30,SSE,margin_detail,,
688468,科美诊断,156455717,3502205,2475475.0,2026-07-30,SSE,margin_detail,,
688469,芯联集成,1670679356,72996567,101681683.0,2026-07-30,SSE,margin_detail,,
688472,阿特斯,910759804,47259521,61665110.0,2026-07-30,SSE,margin_detail,,
688475,萤石网络,204709465,17563264,15184169.0,2026-07-30,SSE,margin_detail,,
688478,晶升股份,190213347,17177399,21776976.0,2026-07-30,SSE,margin_detail,,
688479,友车科技,205916865,3067259,8448898.0,2026-07-30,SSE,margin_detail,,
688480,赛恩斯,266518320,7981710,7170295.0,2026-07-30,SSE,margin_detail,,
688484,南芯科技,434120589,24974490,28311722.0,2026-07-30,SSE,margin_detail,,
688485,九州一轨,465751628,21003671,13328258.0,2026-07-30,SSE,margin_detail,,
688486,龙迅股份,279856611,12767189,16652022.0,2026-07-30,SSE,margin_detail,,
688488,艾迪药业,104240184,10367355,12029173.0,2026-07-30,SSE,margin_detail,,
688489,三未信安,70325063,2254756,2664300.0,2026-07-30,SSE,margin_detail,,
688498,源杰科技,2920087163,455384323,600587027.0,2026-07-30,SSE,margin_detail,,
688499,利元亨,466275453,17757654,15704161.0,2026-07-30,SSE,margin_detail,,
688500,慧辰股份,216960955,2840079,5535876.0,2026-07-30,SSE,margin_detail,,
688501,青达环保,181894739,3151244,6302959.0,2026-07-30,SSE,margin_detail,,
688502,茂莱光学,475366316,90891013,183187888.0,2026-07-30,SSE,margin_detail,,
688503,聚和材料,1122357261,75653634,92543445.0,2026-07-30,SSE,margin_detail,,
688505,复旦张江,134111614,2451407,2867899.0,2026-07-30,SSE,margin_detail,,
688506,百利天恒,375775483,36425762,71582495.0,2026-07-30,SSE,margin_detail,,
688507,索辰科技,693085978,79858744,109671199.0,2026-07-30,SSE,margin_detail,,
688508,芯朋微,475670922,55582596,78007451.0,2026-07-30,SSE,margin_detail,,
688509,正元地信,160890095,5107997,4276927.0,2026-07-30,SSE,margin_detail,,
688510,航亚科技,184160119,15035337,6593848.0,2026-07-30,SSE,margin_detail,,
688511,天微电子,70134045,2681891,2443910.0,2026-07-30,SSE,margin_detail,,
688512,慧智微,197076830,23829364,13321981.0,2026-07-30,SSE,margin_detail,,
688513,苑东生物,137964663,4309767,6631197.0,2026-07-30,SSE,margin_detail,,
688515,裕太微,502726426,42452172,60271337.0,2026-07-30,SSE,margin_detail,,
688516,奥特维,425229476,15287132,20096314.0,2026-07-30,SSE,margin_detail,,
688517,金冠电气,123546822,3577147,2306682.0,2026-07-30,SSE,margin_detail,,
688518,联赢激光,499168988,26742002,35490118.0,2026-07-30,SSE,margin_detail,,
688519,南亚新材,671574006,173789534,165438783.0,2026-07-30,SSE,margin_detail,,
688520,神州细胞,214632410,4464011,7493810.0,2026-07-30,SSE,margin_detail,,
688521,芯原股份,3646829513,320035283,372395526.0,2026-07-30,SSE,margin_detail,,
688522,纳睿雷达,310382977,11451491,12140401.0,2026-07-30,SSE,margin_detail,,
688523,航天环宇,179344873,8037466,9391202.0,2026-07-30,SSE,margin_detail,,
688525,佰维存储,9145258910,1039376827,1313736514.0,2026-07-30,SSE,margin_detail,,
688526,科前生物,157344197,1617709,1578588.0,2026-07-30,SSE,margin_detail,,
688528,秦川物联,25942446,1278822,1210563.0,2026-07-30,SSE,margin_detail,,
688529,豪森智能,119112493,3121150,2653710.0,2026-07-30,SSE,margin_detail,,
688530,欧莱新材,225107244,38221823,42691523.0,2026-07-30,SSE,margin_detail,,
688531,日联科技,533184070,34921450,42657671.0,2026-07-30,SSE,margin_detail,,
688533,上声电子,72874718,1706530,1583793.0,2026-07-30,SSE,margin_detail,,
688535,华海诚科,844045038,82135176,128234548.0,2026-07-30,SSE,margin_detail,,
688536,思瑞浦,1084028762,62921525,99467363.0,2026-07-30,SSE,margin_detail,,
688538,和辉光电,543877321,18940031,22080364.0,2026-07-30,SSE,margin_detail,,
688539,高华科技,215450195,3515115,7313437.0,2026-07-30,SSE,margin_detail,,
688543,国科军工,532346040,27908716,23948166.0,2026-07-30,SSE,margin_detail,,
688545,兴福电子,696234083,66784522,87818815.0,2026-07-30,SSE,margin_detail,,
688548,广钢气体,521501096,67770834,129432722.0,2026-07-30,SSE,margin_detail,,
688549,中巨芯,729154516,123195054,164167825.0,2026-07-30,SSE,margin_detail,,
688550,瑞联新材,381001962,35987097,23737711.0,2026-07-30,SSE,margin_detail,,
688551,科威尔,152884573,9965031,9626576.0,2026-07-30,SSE,margin_detail,,
688552,航天南湖,145062818,6260872,8098253.0,2026-07-30,SSE,margin_detail,,
688553,汇宇制药,219505097,10316011,12334824.0,2026-07-30,SSE,margin_detail,,
688556,高测股份,687264208,15440224,14705956.0,2026-07-30,SSE,margin_detail,,
688557,兰剑智能,86211177,2351627,3137836.0,2026-07-30,SSE,margin_detail,,
688558,国盛智科,148860602,6451074,5528901.0,2026-07-30,SSE,margin_detail,,
688559,海目星,625798279,46888127,42058164.0,2026-07-30,SSE,margin_detail,,
688560,明冠新材,117632814,5753164,5440305.0,2026-07-30,SSE,margin_detail,,
688561,奇安信,520184852,17913813,23061486.0,2026-07-30,SSE,margin_detail,,
688562,航天软件,207935038,3158801,3442059.0,2026-07-30,SSE,margin_detail,,
688563,航材股份,317339769,9519836,10680526.0,2026-07-30,SSE,margin_detail,,
688565,力源科技,64131807,3833046,1783298.0,2026-07-30,SSE,margin_detail,,
688566,吉贝尔,182014839,3003511,2815206.0,2026-07-30,SSE,margin_detail,,
688567,孚能科技,498040696,10084358,11067894.0,2026-07-30,SSE,margin_detail,,
688568,中科星图,836883734,18511004,29420663.0,2026-07-30,SSE,margin_detail,,
688569,铁科轨道,111301941,3623450,7658609.0,2026-07-30,SSE,margin_detail,,
688570,天玛智控,109152573,1441008,1821138.0,2026-07-30,SSE,margin_detail,,
688571,杭华股份,113888280,5675811,7027615.0,2026-07-30,SSE,margin_detail,,
688573,信宇人,62790936,2173482,3800583.0,2026-07-30,SSE,margin_detail,,
688575,亚辉龙,288397256,6491927,5141981.0,2026-07-30,SSE,margin_detail,,
688576,西山科技,175008256,1953590,2572725.0,2026-07-30,SSE,margin_detail,,
688577,浙海德曼,200899323,3726294,5901611.0,2026-07-30,SSE,margin_detail,,
688578,艾力斯,1093260608,78583512,70788316.0,2026-07-30,SSE,margin_detail,,
688579,地纬智能,220894634,3552344,4327127.0,2026-07-30,SSE,margin_detail,,
688580,伟思医疗,165162699,16325322,17951257.0,2026-07-30,SSE,margin_detail,,
688581,安杰思,135064370,2235503,8366720.0,2026-07-30,SSE,margin_detail,,
688582,芯动联科,810922797,17627692,35032656.0,2026-07-30,SSE,margin_detail,,
688583,思看科技,286329070,10659098,7800346.0,2026-07-30,SSE,margin_detail,,
688584,上海合晶,213471589,38220028,50617405.0,2026-07-30,SSE,margin_detail,,
688585,上纬新材,683622521,51464724,46642611.0,2026-07-30,SSE,margin_detail,,
688586,江航装备,237807844,7082251,7456989.0,2026-07-30,SSE,margin_detail,,
688588,凌志软件,215768578,3805519,2734819.0,2026-07-30,SSE,margin_detail,,
688589,力合微,222569987,5119296,6544326.0,2026-07-30,SSE,margin_detail,,
688590,新致软件,170569042,4388875,4723478.0,2026-07-30,SSE,margin_detail,,
688591,泰凌微,346193923,17951925,18958484.0,2026-07-30,SSE,margin_detail,,
688592,司南导航,141965081,2862409,3013268.0,2026-07-30,SSE,margin_detail,,
688593,新相微,572159230,40421298,32030338.0,2026-07-30,SSE,margin_detail,,
688595,芯海科技,227465819,15485861,11452904.0,2026-07-30,SSE,margin_detail,,
688596,正帆科技,725786182,279394686,251345996.0,2026-07-30,SSE,margin_detail,,
688597,煜邦电力,117953916,2929094,4753949.0,2026-07-30,SSE,margin_detail,,
688598,金博股份,533856081,22337830,23704163.0,2026-07-30,SSE,margin_detail,,
688599,天合光能,1256151064,37750487,56545134.0,2026-07-30,SSE,margin_detail,,
688600,皖仪科技,56921452,1921090,2380871.0,2026-07-30,SSE,margin_detail,,
688601,力芯微,489125348,22226995,31104231.0,2026-07-30,SSE,margin_detail,,
688602,康鹏科技,130751289,2818007,5025909.0,2026-07-30,SSE,margin_detail,,
688603,天承科技,414283087,53251759,41156485.0,2026-07-30,SSE,margin_detail,,
688605,先锋精科,382956161,44046713,66812674.0,2026-07-30,SSE,margin_detail,,
688606,奥泰生物,99664692,1403606,4084391.0,2026-07-30,SSE,margin_detail,,
688607,康众医疗,278375779,8119541,5956710.0,2026-07-30,SSE,margin_detail,,
688608,恒玄科技,1122339454,106047115,84789141.0,2026-07-30,SSE,margin_detail,,
688609,九联科技,224606950,10225387,28518972.0,2026-07-30,SSE,margin_detail,,
688610,埃科光电,114123377,40282035,35911968.0,2026-07-30,SSE,margin_detail,,
688611,杭州柯林,508909232,4210891,2856672.0,2026-07-30,SSE,margin_detail,,
688612,威迈斯,364918718,6598302,11463272.0,2026-07-30,SSE,margin_detail,,
688613,奥精医疗,128912194,4492465,5176694.0,2026-07-30,SSE,margin_detail,,
688615,合合信息,858324673,37901121,33125347.0,2026-07-30,SSE,margin_detail,,
688616,西力科技,62547662,2827204,2703336.0,2026-07-30,SSE,margin_detail,,
688617,惠泰医疗,109204518,20656927,16402686.0,2026-07-30,SSE,margin_detail,,
688618,三旺通信,92948679,8986010,7859326.0,2026-07-30,SSE,margin_detail,,
688619,罗普特,82785205,3125520,5190916.0,2026-07-30,SSE,margin_detail,,
688620,安凯微,199032491,20593427,30565870.0,2026-07-30,SSE,margin_detail,,
688621,阳光诺和,449381576,11177112,21509332.0,2026-07-30,SSE,margin_detail,,
688623,双元科技,203132180,4014443,5995255.0,2026-07-30,SSE,margin_detail,,
688625,呈和科技,818947860,22947279,18461927.0,2026-07-30,SSE,margin_detail,,
688626,翔宇医疗,197550337,25123893,27720351.0,2026-07-30,SSE,margin_detail,,
688627,精智达,1390553310,204542134,238596595.0,2026-07-30,SSE,margin_detail,,
688628,优利德,229497436,23794831,23105332.0,2026-07-30,SSE,margin_detail,,
688629,华丰科技,1872936705,211375846,270844403.0,2026-07-30,SSE,margin_detail,,
688630,芯碁微装,968317420,177242400,189712954.0,2026-07-30,SSE,margin_detail,,
688631,莱斯信息,289026541,4158403,5805763.0,2026-07-30,SSE,margin_detail,,
688633,星球石墨,177476035,12895721,14527854.0,2026-07-30,SSE,margin_detail,,
688635,长进光子,535251652,23079742,28362866.0,2026-07-30,SSE,margin_detail,,
688636,智明达,226235563,21006268,29762908.0,2026-07-30,SSE,margin_detail,,
688638,誉辰智能,25167572,1619978,1457522.0,2026-07-30,SSE,margin_detail,,
688639,华恒生物,213203208,4650083,10387512.0,2026-07-30,SSE,margin_detail,,
688648,中邮科技,287537739,8241123,8449075.0,2026-07-30,SSE,margin_detail,,
688651,盛邦安全,77673789,3611493,5947900.0,2026-07-30,SSE,margin_detail,,
688652,京仪装备,211068007,47420159,56795970.0,2026-07-30,SSE,margin_detail,,
688653,康希通信,267217247,26073619,17518384.0,2026-07-30,SSE,margin_detail,,
688655,迅捷兴,244797001,11452561,17431276.0,2026-07-30,SSE,margin_detail,,
688656,浩欧博,82584906,3935958,4532824.0,2026-07-30,SSE,margin_detail,,
688657,浩辰软件,98452836,2243244,7362051.0,2026-07-30,SSE,margin_detail,,
688658,悦康药业,277663444,10552459,11593550.0,2026-07-30,SSE,margin_detail,,
688659,元琛科技,97508793,2191996,1969716.0,2026-07-30,SSE,margin_detail,,
688660,电气风电,589349516,25946625,29427841.0,2026-07-30,SSE,margin_detail,,
688661,和林微纳,641738926,42356460,67563155.0,2026-07-30,SSE,margin_detail,,
688662,富信科技,504357327,63654732,69054709.0,2026-07-30,SSE,margin_detail,,
688663,新风光,675062325,35838117,46043478.0,2026-07-30,SSE,margin_detail,,
688665,四方光电,129075983,3200460,3366731.0,2026-07-30,SSE,margin_detail,,
688667,菱电电控,308913510,6928095,11388094.0,2026-07-30,SSE,margin_detail,,
688668,鼎通科技,632983397,102357027,102347422.0,2026-07-30,SSE,margin_detail,,
688669,聚石化学,431891352,28673704,28398161.0,2026-07-30,SSE,margin_detail,,
688670,金迪克,34548614,1485009,1995817.0,2026-07-30,SSE,margin_detail,,
688671,碧兴物联,66967060,4001740,4881476.0,2026-07-30,SSE,margin_detail,,
688676,金盘科技,853709250,52840210,64279251.0,2026-07-30,SSE,margin_detail,,
688677,海泰新光,253729332,31784155,55707953.0,2026-07-30,SSE,margin_detail,,
688678,福立旺,665751998,13709163,19391882.0,2026-07-30,SSE,margin_detail,,
688679,通源环境,499673872,17309365,9596169.0,2026-07-30,SSE,margin_detail,,
688680,海优新材,351705893,2977089,2752939.0,2026-07-30,SSE,margin_detail,,
688681,科汇股份,46525757,5323948,5175879.0,2026-07-30,SSE,margin_detail,,
688682,霍莱沃,90862441,3003947,2494159.0,2026-07-30,SSE,margin_detail,,
688683,莱尔科技,269349072,3150102,5349937.0,2026-07-30,SSE,margin_detail,,
688685,迈信林,423069153,45297749,59499678.0,2026-07-30,SSE,margin_detail,,
688686,奥普特,308037043,22582175,17912378.0,2026-07-30,SSE,margin_detail,,
688687,凯因科技,223037593,4949785,3943579.0,2026-07-30,SSE,margin_detail,,
688689,银河微电,254442000,38209877,28166212.0,2026-07-30,SSE,margin_detail,,
688690,纳微科技,463261039,32025873,29919706.0,2026-07-30,SSE,margin_detail,,
688691,灿芯股份,533798055,19165261,28076402.0,2026-07-30,SSE,margin_detail,,
688692,达梦数据,763507056,35529428,42539930.0,2026-07-30,SSE,margin_detail,,
688693,锴威特,444470631,6776627,13210952.0,2026-07-30,SSE,margin_detail,,
688695,中创股份,49875663,2336424,2019483.0,2026-07-30,SSE,margin_detail,,
688696,极米科技,212393591,9786782,10126239.0,2026-07-30,SSE,margin_detail,,
688697,纽威数控,184898203,22980959,25366996.0,2026-07-30,SSE,margin_detail,,
688698,伟创电气,377145011,14859833,14515412.0,2026-07-30,SSE,margin_detail,,
688699,明微电子,175259840,16939006,15879586.0,2026-07-30,SSE,margin_detail,,
688700,东威科技,594877254,58449911,74479634.0,2026-07-30,SSE,margin_detail,,
688701,卓锦股份,10227316,703425,929615.0,2026-07-30,SSE,margin_detail,,
688702,盛科通信,1385067692,310117712,479507082.0,2026-07-30,SSE,margin_detail,,
688707,振华新材,333380290,5310100,7253316.0,2026-07-30,SSE,margin_detail,,
688708,佳驰科技,263133727,5540447,25012339.0,2026-07-30,SSE,margin_detail,,
688709,成都华微,361118295,16036476,19414334.0,2026-07-30,SSE,margin_detail,,
688710,益诺思,67898959,30137971,15807362.0,2026-07-30,SSE,margin_detail,,
688711,宏微科技,394043910,14512176,23086394.0,2026-07-30,SSE,margin_detail,,
688712,北芯生命,98662999,5028453,3598525.0,2026-07-30,SSE,margin_detail,,
688716,中研股份,175244003,5579516,6555505.0,2026-07-30,SSE,margin_detail,,
688717,艾罗能源,218953603,25142377,22855433.0,2026-07-30,SSE,margin_detail,,
688718,唯赛勃,40066794,2401977,1952583.0,2026-07-30,SSE,margin_detail,,
688719,爱科赛博,174797644,10158024,16008466.0,2026-07-30,SSE,margin_detail,,
688720,艾森股份,405908052,43836299,53976854.0,2026-07-30,SSE,margin_detail,,
688721,龙图光罩,172166259,20683358,25081477.0,2026-07-30,SSE,margin_detail,,
688722,同益中,191210163,4778908,5081422.0,2026-07-30,SSE,margin_detail,,
688726,拉普拉斯,867396796,28401288,37799129.0,2026-07-30,SSE,margin_detail,,
688727,恒坤新材,252899108,26847212,24491289.0,2026-07-30,SSE,margin_detail,,
688728,格科微,367876648,55224990,51380656.0,2026-07-30,SSE,margin_detail,,
688729,屹唐股份,811238121,98538320,147784995.0,2026-07-30,SSE,margin_detail,,
688733,壹石通,296854257,12058167,14150169.0,2026-07-30,SSE,margin_detail,,
688737,中自科技,226361213,2004224,5700967.0,2026-07-30,SSE,margin_detail,,
688739,成大生物,284341225,7985386,5677286.0,2026-07-30,SSE,margin_detail,,
688750,XD金天钛,242102902,5778349,10857550.0,2026-07-30,SSE,margin_detail,,
688755,汉邦科技,92179099,4336321,5502682.0,2026-07-30,SSE,margin_detail,,
688757,胜科纳米,210399350,18462396,34844706.0,2026-07-30,SSE,margin_detail,,
688758,赛分科技,100588758,16228101,20382049.0,2026-07-30,SSE,margin_detail,,
688759,必贝特,134591148,11128824,12537752.0,2026-07-30,SSE,margin_detail,,
688765,禾元生物,231142679,24256384,20848177.0,2026-07-30,SSE,margin_detail,,
688766,普冉股份,1843871294,731999667,562386841.0,2026-07-30,SSE,margin_detail,,
688767,博拓生物,228669610,14815999,9726009.0,2026-07-30,SSE,margin_detail,,
688768,容知日新,181465757,3100249,3645400.0,2026-07-30,SSE,margin_detail,,
688772,珠海冠宇,876212347,43027332,50823586.0,2026-07-30,SSE,margin_detail,,
688775,影石创新,570437372,48185763,70328651.0,2026-07-30,SSE,margin_detail,,
688776,国光电气,257362467,5944228,9707800.0,2026-07-30,SSE,margin_detail,,
688777,中控技术,2650980581,89425894,215442372.0,2026-07-30,SSE,margin_detail,,
688778,厦钨新能,450184956,23033183,37233167.0,2026-07-30,SSE,margin_detail,,
688779,五矿新能,1034320183,19440950,28492857.0,2026-07-30,SSE,margin_detail,,
688781,视涯科技,89943631,4431178,5664399.0,2026-07-30,SSE,margin_detail,,
688783,西安奕材,513622216,141771963,118264637.0,2026-07-30,SSE,margin_detail,,
688785,恒运昌,171311943,17715615,22144398.0,2026-07-30,SSE,margin_detail,,
688786,悦安新材,247136154,13978557,10817224.0,2026-07-30,SSE,margin_detail,,
688787,海天瑞声,344404675,18031109,19168402.0,2026-07-30,SSE,margin_detail,,
688788,科思科技,447648886,9681914,9081239.0,2026-07-30,SSE,margin_detail,,
688789,宏华数科,160702286,6329030,8337718.0,2026-07-30,SSE,margin_detail,,
688790,昂瑞微,102725303,2020399,2743948.0,2026-07-30,SSE,margin_detail,,
688793,倍轻松,46986774,1712589,3344130.0,2026-07-30,SSE,margin_detail,,
688795,摩尔线程,1145350105,48784066,79885705.0,2026-07-30,SSE,margin_detail,,
688796,百奥赛图,209422965,60354847,67297708.0,2026-07-30,SSE,margin_detail,,
688797,臻宝科技,910067797,97081609,148120016.0,2026-07-30,SSE,margin_detail,,
688798,艾为电子,580756250,17039904,21702691.0,2026-07-30,SSE,margin_detail,,
688799,华纳药厂,258343248,4498632,10431799.0,2026-07-30,SSE,margin_detail,,
688800,瑞可达,744339311,40589631,80901852.0,2026-07-30,SSE,margin_detail,,
688802,沐曦股份,774759483,89424844,81160721.0,2026-07-30,SSE,margin_detail,,
688805,健信超导,110111413,3570999,3814409.0,2026-07-30,SSE,margin_detail,,
688806,泰诺麦博,101491774,28169935,34748809.0,2026-07-30,SSE,margin_detail,,
688807,优迅股份,504515793,21763793,44113677.0,2026-07-30,SSE,margin_detail,,
688808,联讯仪器,1160237517,229482851,216717729.0,2026-07-30,SSE,margin_detail,,
688809,强一股份,1011186629,104095071,122308504.0,2026-07-30,SSE,margin_detail,,
688811,有研复材,191567214,10214960,17222405.0,2026-07-30,SSE,margin_detail,,
688813,泰金新能,320504934,26544720,37179685.0,2026-07-30,SSE,margin_detail,,
688816,易思维,79357459,977346,1400120.0,2026-07-30,SSE,margin_detail,,
688818,电科蓝天,558700791,29885236,29249927.0,2026-07-30,SSE,margin_detail,,
688819,天能股份,232220806,11797965,10378937.0,2026-07-30,SSE,margin_detail,,
688820,盛合晶微,2094209166,131113362,202818551.0,2026-07-30,SSE,margin_detail,,
688825,C长鑫,14496743339,5309168368,5525243106.0,2026-07-30,SSE,margin_detail,,
688981,中芯国际,11053920623,790475787,920082015.0,2026-07-30,SSE,margin_detail,semiconductor,半导体与芯片
689009,九号公司,1175798188,37885952,61614192.0,2026-07-30,SSE,margin_detail,,
